F0_mean,F0_std,jitter_local,shimmer_local,hnr_mean,n_voiced_frames,n_total_frames,pct_voiced,extraction_status,error_msg,speaker_id,date,wav_name
160.91556943010076,27.56080920150472,0.0060363254437811,0.0304769563129635,21.07033940963733,225,1372,16.399416909620992,ok,,w1TDsR75t5PsGyAksqF3kMQ6DXT2,20200413,vowel-e.wav
149.6128397657557,28.72075249593152,0.0106030640982231,0.0607298001070191,23.178730619118152,1558,2908,53.57634112792297,ok,,maTMkkXbqOhLPOYLpGyMPPigDFt1,20200413,vowel-e.wav
200.4844692759643,24.200129760949828,0.0065974978110742,0.0528524140186321,21.543513560371103,667,843,79.12218268090155,ok,,g6L8s5Dtq8eIYUTeRWHq0Q7w5L32,20200413,vowel-e.wav
180.64719697945765,8.2308110039571,0.0312321053970598,0.1282887877682384,7.289535841332728,27,128,21.09375,ok,,VcmjCfW6ddgE9lFhDXTO6hDlb452,20200413,vowel-e.wav
,,,,,0,740,0.0,partial,no_voiced_frames,2XgDqzQkqLX9SbmSHfbqdRxSmRD2,20200413,vowel-e.wav
245.02424042225064,3.777618304676986,0.0033935256440841,0.0550898385366821,20.84613479274527,1168,1517,76.99406723796967,ok,,5le68NJRZWV6TrMTYn3j7gSlqTi2,20200413,vowel-e.wav
,,,,,0,1475,0.0,partial,no_voiced_frames,htQzROl26OWQpIYFDzv11F79PLR2,20200413,vowel-e.wav
154.3486098067592,63.5217170936448,0.0128676583507399,0.0478781137701897,20.8351051591703,217,527,41.1764705882353,ok,,cfZUmZvsecYVKw5eSi4qIhfJVpI3,20200413,vowel-e.wav
127.4480832721351,5.558559887372256,0.0048151998079592,0.096823221679042,13.56470978747186,418,1419,29.45736434108527,ok,,jRjAYMmAQee5uVm5fU8yVnpuvs33,20200413,vowel-e.wav
,,,,,0,0,0.0,failed,"load_failed: Audio file contains 0 samples.
Sound not read from sound file “/kaggle/working/ext_20200413/20200413/9XKj7fAmvwPUas9GFPZuTpev7T03/vowel-e.wav”.",9XKj7fAmvwPUas9GFPZuTpev7T03,20200413,vowel-e.wav
131.07900576945713,1.3664902820858802,0.0044767476134793,0.0821684953611032,15.672203769254295,560,2046,27.37047898338221,ok,,9XJ2QSvS9CaIo5hSyRZcdst0K8P2,20200413,vowel-e.wav
134.75966128378516,5.884908528650538,0.0316958608193697,0.0730267938262606,15.352210846855158,685,902,75.94235033259423,ok,,kIHldMnyvmXvpLq0LjWr7ecclSj2,20200413,vowel-e.wav
,,,,,0,0,0.0,failed,"load_failed: Audio file contains 0 samples.
Sound not read from sound file “/kaggle/working/ext_20200413/20200413/TRK6gUseEUS7dbF0soG80W1uLm53/vowel-e.wav”.",TRK6gUseEUS7dbF0soG80W1uLm53,20200413,vowel-e.wav
104.35204650960074,36.48870291483562,0.0031872024452035,0.0365748050591773,18.41399605739099,783,1141,68.62401402278702,ok,,V247RjX91RY4fxtgfeWjvBhg89s2,20200413,vowel-e.wav
218.3034664701441,4.148266870897876,0.0040515757208743,0.0478952895065158,20.09850240659709,1096,1218,89.98357963875205,ok,,60Ig4PmU9NMqKGDMR8Um0Tc2KXB3,20200413,vowel-e.wav
120.87187053041936,3.2415669280434307,0.0036409358874229,0.0414215687698738,19.713911730198145,530,860,61.627906976744185,ok,,FSzobvJqOXf0rI6X05cHqOiU9Mu2,20200413,vowel-e.wav
136.7474234819315,41.995157940262985,0.023185454718214,0.0815216139970744,17.616708360812396,103,258,39.92248062015504,ok,,tOlOwYDEHCRx1QegeMOPaydVcgv1,20200413,vowel-e.wav
173.88776666066897,4.513270068366476,0.0041433773138352,0.0267559728302852,24.331089408810005,1306,1670,78.20359281437126,ok,,0Rlzhiz6bybk77wdLjxwy7yLDhg1,20200413,vowel-e.wav
110.6222852577604,1.5851884358969164,0.0064779568339556,0.0423907263705634,21.93767442336653,302,467,64.66809421841542,ok,,U7UmNZmqS6OWTiDkM7IfqkDRrae2,20200413,vowel-e.wav
222.41189924634105,6.235607563584096,0.0023510421128459,0.016107961958494,29.483730650524247,570,646,88.23529411764706,ok,,O2axQgHDogQ1mORlKYAGiPTiHvB3,20200413,vowel-e.wav
177.41920575309527,9.963829140987658,0.0127439891306943,0.0889032997409934,15.424515613938125,491,979,50.15321756894791,ok,,0zexHIcM7tQDdnFiEj2Eb0v3g212,20200413,vowel-e.wav
135.5552393925167,2.2909732833228285,0.0032622745174134,0.0325469339122874,23.89902314530169,1446,1549,93.3505487411233,ok,,EqDWckxbsETyHUeBLQ8jLtxlhir2,20200413,vowel-e.wav
131.93006839531154,2.4987019899717904,0.0100792897485725,0.1086707340682555,16.93433957003706,1229,1389,88.4809215262779,ok,,hRB1GYdlKAgCnwg4xFzAUE3SiUG2,20200413,vowel-e.wav
105.56188631240192,11.615947560615847,0.0127406828671492,0.097859268178649,19.276405775697874,220,561,39.21568627450981,ok,,AI4aa1tjlXQw4iOH4RuTvgMtK3G3,20200413,vowel-e.wav
131.7232336747306,1.9702565823379103,0.0027058118613844,0.0469314639770635,17.057913002216203,576,860,66.97674418604652,ok,,CAf8ILsDpQMeTPPLwi7nFlgRT2t1,20200413,vowel-e.wav
116.33069166578912,11.519100306471737,0.004802653753085,0.0264852471638603,24.30369230888301,1131,1295,87.33590733590734,ok,,NWqfdBx5mrglkG4TJ5Gt9mVnYOo2,20200413,vowel-e.wav
129.93732527079527,5.789986777450172,0.0024046841439031,0.0212776878300152,19.647921914775747,851,1064,79.9812030075188,ok,,l3umDXECeOUTZH8pFN19c2WM4m43,20200413,vowel-e.wav
155.5031979231024,5.7888312331455225,0.0037392694022779,0.0275591413020826,16.28860310888255,1757,1807,97.23298284449363,ok,,LwfZvk9xa6bAJbz4wQGEcyoDOmL2,20200413,vowel-e.wav
113.35044681749036,4.324468922137636,0.0121891320468389,0.0875883727964704,19.36324891093762,1371,1517,90.3757415952538,ok,,l8qDG3sN6tczDZGHbgPje0suopx1,20200413,vowel-e.wav
260.62728236248097,5.973209852662896,0.0024399309666287,0.0142343332207624,27.82775406267112,380,638,59.56112852664577,ok,,xyDgyXrDoyXu5CFqcNe20LRjYqg1,20200413,vowel-e.wav
,,,,,0,510,0.0,partial,no_voiced_frames,tiKv850hJFTmpCAvfJOmOOqkeUs1,20200413,vowel-e.wav
118.69169560799035,20.601159813893407,0.0070695052552895,0.051140226597138,17.679763008572426,2266,2404,94.25956738768718,ok,,9D1go0wkvuPkFebFk4uQQpcBuZw1,20200413,vowel-e.wav
221.4971646900456,40.14683251041498,0.0116807418463236,0.0304547977305055,26.165244611030005,240,527,45.54079696394687,ok,,2TkAK2YVkYS7Ux3hAPBUgYgg9DI3,20200413,vowel-e.wav
120.33701342773053,27.794465819736523,0.1360285559043181,0.1285754849133998,3.22784584040686,15,194,7.731958762886598,ok,,eZ9KEu3fmEgvxINqgcbkBXoEsv53,20200413,vowel-e.wav
160.66524596719054,63.71551766040186,0.0146111189346332,0.0819557986181596,14.448063113720426,43,331,12.990936555891238,ok,,1AuoEhB8vAfCtxTFFV0W916yBqA3,20200413,vowel-e.wav
130.9854025914694,2.9102146615412194,0.004531876148687,0.0794089491552737,20.95030711041199,884,971,91.04016477857878,ok,,UV965HIG9saPO9HjKNFSm2aFeBt2,20200413,vowel-e.wav
,,,,,0,954,0.0,partial,no_voiced_frames,U98J2q0NnycYzzUS2BYZpUa55X83,20200413,vowel-e.wav
129.6767756614671,2.236468963836799,0.0040645792331155,0.0254419704791462,25.42785468201486,232,271,85.60885608856088,ok,,vK2bLRNzllXNeyOMudnNSL5cfpG2,20200413,vowel-e.wav
136.6447742775431,3.7924917502823936,0.0058211461297038,0.0349132675535613,17.522440732157218,550,740,74.32432432432432,ok,,n4t5cgNQKXO3F8KP55vWOgYWcXC3,20200413,vowel-e.wav
147.06509272156296,3.930100877645952,0.0036163868910559,0.0340607404032245,23.87335573324212,1555,1696,91.686320754717,ok,,6MmSmB1lmmOiyKNNA0p7IuVe3CA3,20200413,vowel-e.wav
150.6918139723802,13.072632649439017,0.0168162481289412,0.0817369259003132,15.146039833289151,70,228,30.70175438596491,ok,,mFQ65xqfxpXiS6vwK1HKwq7j8o62,20200413,vowel-e.wav
135.28711908750927,40.15042771369024,0.0267394793376788,0.1020794633698329,12.452867024570237,237,1619,14.638665843113031,ok,,nMIOAh7qRFf3pqbchclOLKbPDOm1,20200413,vowel-e.wav
136.5601305681069,8.52168721901385,0.0187908006648378,0.0648563853112265,18.23304142236387,281,681,41.262848751835534,ok,,XVjp63ocWZRqJRdxCtklUfmdklm2,20200413,vowel-e.wav
122.67412714369038,24.1393768856594,0.0039908853432474,0.0687748718341068,14.428010234937574,337,1500,22.466666666666665,ok,,tFFUbYL9nSNEyaBK3w9UAtATcgO2,20200413,vowel-e.wav
247.1765621652277,2.254977755227311,0.0035074565655042,0.0441789799519924,24.07641719684085,149,279,53.40501792114696,ok,,CrlV0ddIqdbtxNnkIhtPS5dvoX42,20200413,vowel-e.wav
109.23894724263292,51.58519705619429,0.0231388093810273,0.183401436669089,1.5154235696922578,138,1414,9.75954738330976,ok,,KL32QXSSnLZlRRT2B6rQQQKgpx12,20200413,vowel-e.wav
134.83483581286353,6.27923847612443,0.0041481363354789,0.04407184759284,22.059227715178903,796,1175,67.74468085106383,ok,,wawUd75qJgXdQz6qxRATEzuKvMn1,20200413,vowel-e.wav
,,,,,0,1389,0.0,partial,no_voiced_frames,SY4Ekt5W4VZdeIm5r3iLmjxz9pA2,20200413,vowel-e.wav
122.82026855938932,13.726969112611318,0.0022176568890007,0.0296669509162419,23.522651662003167,1375,1577,87.19086873811034,ok,,1ctsxp37dWNbCbizTioZzpAWqJx2,20200413,vowel-e.wav
146.7714973200433,25.63068724453612,0.0080131555299393,0.04581602454956,26.29032881952804,817,1696,48.17216981132076,ok,,XUsJp0qysAPtu3vBI0UCiHRJhZ22,20200413,vowel-e.wav
218.46105593368816,3.936740205362451,0.0024050161723812,0.022321864556177,22.94860623034014,462,587,78.7052810902896,ok,,Pr79fov0a5TW5KPo0XACvIqMtO72,20200413,vowel-e.wav
132.26127549274034,5.081826392354396,0.0013681671240958,0.0282370812558104,22.739177314588208,556,1192,46.64429530201343,ok,,L7S8iIPKgiO6QWLC3mGkROCMa0s1,20200413,vowel-e.wav
154.20991270211877,11.250937096843728,0.0040026101923039,0.020693112052709,23.93055220213684,302,928,32.543103448275865,ok,,JmN2KXZoEThB2e8KFMbM7L4fOwy1,20200413,vowel-e.wav
204.3694685212448,6.809561278413049,0.0029044785909314,0.0160947097207737,27.50084953910548,305,2217,13.757329724853406,ok,,Eoyf44CUffgVCPPjJJkopEyAO7k2,20200413,vowel-e.wav
185.05493551900625,25.73295250721593,0.0025374750001703,0.041878802653017,21.82062505793333,1284,1517,84.64073829927489,ok,,9ypQNsTsSQYlx72wxTLrHzzNoAJ2,20200413,vowel-e.wav
126.47814056924211,5.25429575932579,0.0111641929311306,0.1811532048396742,11.384803112651248,784,919,85.310119695321,ok,,eP8gEM0KcBU6S5JpMdycX74KP3p2,20200413,vowel-e.wav
160.14430051811428,53.05174148842789,0.0600202116569664,0.2287164147846517,2.420086853707738,68,143,47.55244755244755,ok,,iq8oYXczSjPuJoVS7DBpkGNMC2p1,20200413,vowel-e.wav
,,,,,0,1210,0.0,partial,no_voiced_frames,zvXkuEaPb0OEgG4EHx59NqdmamR2,20200413,vowel-e.wav
226.82588893518053,1.4101111552376604,0.0039377337517646,0.0181924880062526,28.34388514862645,272,314,86.62420382165605,ok,,n7ewrIqB7wUuK1FZGGjef18jtb52,20200413,vowel-e.wav
,,,,,0,1133,0.0,partial,no_voiced_frames,UiUUhL0PMjWVA6W2dKte1DCE6wG2,20200413,vowel-e.wav
235.9331483082962,128.75060272079637,0.0234364892563505,0.133039284974519,13.798543813853035,584,1747,33.42873497424156,ok,,G3iIP9QRHPTItOsK6lpEMd6IQKw1,20200413,vowel-e.wav
151.93383304551756,24.92877106623037,0.0036370682558295,0.0329882831726065,17.70368497619207,889,1312,67.75914634146342,ok,,bjA2KpSxneNskrLBeqi4bqoTDQl2,20200413,vowel-e.wav
120.83371185785045,2.5353275916357725,0.0032062884853477,0.0416796424150614,20.83521787451956,1250,1763,70.90187180941577,ok,,FLhjsgqrgQMKwNt5iEryxG5sDlW2,20200413,vowel-e.wav
133.976401276487,31.190035889407014,0.0063078766464878,0.0959678535977898,5.524266979868563,286,894,31.991051454138702,ok,,Eu11s84cuBTiPXTAtVf9mj3GkqA2,20200413,vowel-e.wav
119.67647783291363,15.691875162018668,0.0025146730980863,0.0246759496485203,21.426737001434688,623,1099,56.68789808917197,ok,,uMry1yqi5sNoykw7ySJdITMv2yT2,20200413,vowel-e.wav
138.196544224158,0.6342732408228076,0.0160496173701192,0.2547254800417255,6.446246503331881,8,35,22.857142857142858,ok,,O4BFgxvAgwbwRGZMkMBJRFnGBbd2,20200413,vowel-e.wav
149.22916316012086,21.17112087407349,0.0055373589631041,0.0436079004907766,18.690138103604347,402,493,81.54158215010142,ok,,qHN6U03r3TRKVZ83fmWDDQvtDuz1,20200413,vowel-e.wav
115.64163071688824,2.86857043545008,0.0070283447958646,0.0638563018341689,15.177159227911254,663,791,83.81795195954489,ok,,3VWhvtBFHKMgEKxlXzMYeg5NeBN2,20200413,vowel-e.wav
248.504143283906,16.583011833704607,0.0201013084155622,0.0893245848138888,22.9282128560768,167,288,57.98611111111112,ok,,5ZDF98UQUxcVuS9VhaWxKlVnXvs1,20200413,vowel-e.wav
126.8866535689696,5.526357044708333,0.0135974089265892,0.0500993274909002,17.70641006172071,503,715,70.34965034965035,ok,,VrBIdIVnQkPbR9D2Gi7WCb17ST62,20200413,vowel-e.wav
137.07642588314906,17.936322469772904,0.004829640031194,0.0395948666088447,18.200182372809447,656,732,89.61748633879782,ok,,FGRDO4IBbAejR0WHD5YbkXTCasg2,20200413,vowel-e.wav
119.5724307657616,2.116352335337264,0.0037571479063429,0.0330136750227139,27.33417980341023,1047,1995,52.4812030075188,ok,,QQbzKidDxHQ0eZFEL4uG68s1lc02,20200413,vowel-e.wav
227.94738357750305,17.19329950631423,0.0102809245322352,0.1187057079751786,12.801325991980711,939,1628,57.67813267813268,ok,,KGWBaTNrJmUgzGZw5Xh2ICSHVu92,20200413,vowel-e.wav
172.40171669044415,16.89713903589839,0.0034510284490492,0.0348435274820085,26.900679147707475,240,1235,19.4331983805668,ok,,pW9mCAeWYiMoM7wW7riLvNRbYDO2,20200413,vowel-e.wav
164.1702975826172,10.833076202734102,0.0032219571635357,0.0537411924265172,25.261691772573684,1333,1568,85.01275510204081,ok,,aGEXEhp3mbUandZBtCuEooDQrK53,20200413,vowel-e.wav
186.21632706171417,18.64957298836876,0.0086368378043324,0.0747803615358069,23.11968496716436,1012,1918,52.76329509906152,ok,,LqGeCxef4fN4IPanKEbWkO1fAwJ3,20200413,vowel-e.wav
194.605018520544,1.1828400811748472,0.0013666005226206,0.0125821770802078,21.819623513479616,1466,1722,85.1335656213705,ok,,3LCqXTY14jROmsMpG3XkEiMJ9cD3,20200415,vowel-e.wav
132.37997061146268,18.63685921601149,0.0042246925621351,0.0308070556896443,21.08540774879098,237,1158,20.46632124352332,ok,,vBRMIg1ACdeSAFmcWnII6ZkDefV2,20200415,vowel-e.wav
142.44636897377148,2.484262426067445,0.0027897106323652,0.0283456968625452,28.32072050681833,794,1218,65.1888341543514,ok,,yHn6UxlPk8RvWZ3X5jrTa89CPwG2,20200415,vowel-e.wav
140.67341170784667,6.0605888286052805,0.0050043404830355,0.051221807742763,18.148107777330424,706,936,75.42735042735043,ok,,qje01PDBImMG8VBE3hnyw4GbJ7W2,20200415,vowel-e.wav
246.03695539560627,30.276973743602515,0.0053543585399159,0.0493751987372313,23.766036602666944,2002,2985,67.06867671691792,ok,,CZT9HTBNgaQrTVKBjIBUtlu6Dgx1,20200415,vowel-e.wav
119.17298668310276,18.14925575206209,0.0077892974169118,0.0605042822796359,17.371143391319407,152,356,42.69662921348315,ok,,w8GzYkRUeuVtuONdQbOrrFefVco1,20200415,vowel-e.wav
161.12400510882603,87.19654440259924,0.0094456590945569,0.065435926214399,19.79510488565809,706,2071,34.089811685176244,ok,,rjI1qyc5W6RkajiRcmde0VISAIF3,20200415,vowel-e.wav
105.42615428818124,20.10421498502205,0.0152990883345405,0.1085397864655758,19.128550445129072,860,1244,69.13183279742765,ok,,H0tBSJN5l8db5f6xB2yMm6QxjFO2,20200415,vowel-e.wav
142.3609480491556,12.931600761505916,0.0048642381513444,0.0697535962166978,20.84094682131553,572,1167,49.01456726649528,ok,,85XodgEaKrPebeSPsJo2UFaDlWj1,20200415,vowel-e.wav
137.49140377918977,5.201514361456234,0.0063189065121698,0.0416555111644721,21.768016570919507,634,1448,43.78453038674033,ok,,PmbK8Rb4ohNWp4KwTtlU8xzxFGs2,20200415,vowel-e.wav
169.23878137660165,29.34117807397274,0.0063801094774595,0.0424940240918881,21.15359056115572,1317,1651,79.76983646274985,ok,,26xevAvhh4PSIz1ls0QAwwfz89i1,20200415,vowel-e.wav
,,,,,0,203,0.0,partial,no_voiced_frames,StMoprM57wPyrUs5p0s78r1X0Qt1,20200415,vowel-e.wav
147.42016191639007,47.9718129473522,0.0374173723427204,0.1967431962037702,1.9653935514782603,101,663,15.233785822021115,ok,,1pXSBzMeizcu5IpLAJUaYpmJyhB3,20200415,vowel-e.wav
227.1574081089856,25.42171140282377,0.0042631106846768,0.0204422699647975,27.142639879672128,517,1261,40.99920697858842,ok,,cog0Kv05iPM162wFPDfBEnEqpzJ3,20200415,vowel-e.wav
140.57881179824096,21.390540039374333,0.0035471791857873,0.0293475002966909,25.1273925675372,878,1978,44.38827098078868,ok,,aisIUPkXXdQv8nvNAjeJb8cebOq2,20200415,vowel-e.wav
121.15572026594788,3.262645445272016,0.0047449322282724,0.0585164326352838,18.86509784080082,841,1047,80.32473734479466,ok,,g0gdNMhQIbUlZRTod20TdtqafgJ3,20200415,vowel-e.wav
212.2866377726546,21.330287841660432,0.0054448416890523,0.028427495596215,22.212159729903185,392,672,58.333333333333336,ok,,y71bldtMZsh4Qemwyr86rXevPcH2,20200415,vowel-e.wav
244.7858396458741,50.71538486287156,0.0085286963716014,0.0830984993521715,18.87033634134116,384,954,40.25157232704402,ok,,5eEXozx61BXKT71PLRaQASRcC832,20200415,vowel-e.wav
171.13728969159993,8.979706122751914,0.001751189132639,0.0410103078374825,23.242713382476524,300,1312,22.865853658536587,ok,,bEzlLV5ZV3fSBFl6JLs1e0t3GEG2,20200415,vowel-e.wav
277.7138400823085,4.516337667953283,0.002148969270919,0.0264781168588669,26.17074431009576,832,1850,44.972972972972975,ok,,hkbGDo0CbGUStRblqwQj7KJc5lk2,20200415,vowel-e.wav
119.23212463107224,2.9790841536031203,0.0091955520067076,0.0730401366055935,16.246273180166394,1396,1534,91.0039113428944,ok,,2SLFvRD3jTUJc8iOMnN2XHG3uXv1,20200415,vowel-e.wav
138.15095103739475,3.044866479461827,0.0077474749272333,0.0606317865942547,29.236385753511136,627,1013,61.89536031589338,ok,,ZbFodPVPEZMK0DaH4J74kowt1d53,20200415,vowel-e.wav
122.45863739841464,1.0764623375045546,0.0033711789665908,0.0234727767766867,24.098492496419755,451,2515,17.932405566600398,ok,,ImU3ZpdqkRPNAy6Ol61zoGuq8sj1,20200415,vowel-e.wav
155.6203574660608,7.455350520219778,0.0030859271346382,0.0295058468607049,21.836981954604465,778,1064,73.1203007518797,ok,,1Vm44aluw7PMy2mfETHc3MvwQxx1,20200415,vowel-e.wav
128.3997617377061,30.661719880383952,0.0125115061241825,0.1158194526421385,15.847522882256795,938,1158,81.00172711571675,ok,,vdaDi7xUoVepm15b98az1F6RN1e2,20200415,vowel-e.wav
141.82159601857782,29.649076352875973,0.0127055559904816,0.1016204088123208,12.8618740776412,631,2993,21.082525893752088,ok,,RXZtiZlgDxObuYr4m2s8eSavVg72,20200415,vowel-e.wav
140.70695087443804,3.998629276644796,0.0035224183978284,0.0411137503769342,17.77636732147189,325,1918,16.94473409801877,ok,,PfuMI67JW2h6z4MsRDegrhZ8FSH2,20200415,vowel-e.wav
192.27649589638247,26.96192661842277,0.018735860031654,0.0559950639389481,19.63550620298148,389,450,86.44444444444444,ok,,jSb7SyucSmTHhzs3qQoBExRMQZ02,20200415,vowel-e.wav
131.11144982151757,4.6452241102520215,0.003815628296632,0.0290638355186384,20.679533769777684,570,681,83.70044052863436,ok,,Na6w7stX7ocNYZPQW9MQAiM6mrw2,20200415,vowel-e.wav
,,,,,0,851,0.0,partial,no_voiced_frames,QlMu7Fl8iIgOZM3QHEOzOJY6npH3,20200415,vowel-e.wav
169.6479653127345,18.03947003198118,0.0067580149973842,0.0593268675796883,16.46697374494535,89,186,47.8494623655914,ok,,UYQqLbdvfMeQOnISZq4Okwuas6K2,20200415,vowel-e.wav
144.6999495136716,47.90831088694713,0.0277679224488729,0.1045022516003126,14.076411914904776,353,510,69.2156862745098,ok,,P8Qw2Prg2BRb7H72PbY3Dftp9Rv2,20200415,vowel-e.wav
222.4192157344777,3.634025170769786,0.0049009059374219,0.0318606329849642,31.181317768109107,856,973,87.97533401849948,ok,,JLXdsKrUesSLpwUOMSqQFfYwtZ82,20200415,vowel-e.wav
132.12112966229185,29.828113462427275,0.0069968135053931,0.0846517061789425,20.418293704412942,986,1192,82.71812080536913,ok,,QKEe27GzshbGSIGQZ6nB6lpLb7l2,20200415,vowel-e.wav
213.9540852758224,6.293915516810995,0.0034800513175449,0.0154542748574833,32.06965083163172,674,860,78.37209302325581,ok,,ZmJz4NgHHRZAwzUAVvkXBOmRSTA3,20200415,vowel-e.wav
159.23266716215855,23.01420068287478,0.0044274713465381,0.0580076275870017,22.626876351502425,2075,2182,95.096241979835,ok,,L6Bo4rMk15fKste9Gvn7ZyTB4qw2,20200415,vowel-e.wav
129.00142732125252,31.25351122114689,0.0063558392717317,0.0413995529342328,14.181299854083647,134,476,28.15126050420168,ok,,3Hi3v8KLYxXvAp9v1fuhKtaU44G2,20200415,vowel-e.wav
119.05582892191576,3.8889630081573454,0.0042175738380169,0.0514356069045631,20.532450164724867,854,1534,55.67144719687093,ok,,jsYI5hPpF3XJ6rW8EQjUTCfPNZ62,20200415,vowel-e.wav
127.55095815081656,1.873356646279604,0.0029095930323671,0.0528074895015474,18.97215823302414,586,681,86.04992657856094,ok,,6IBOagmXVWPJaN48oiaAigwiDbw2,20200415,vowel-e.wav
252.10865244574188,3.952740956572696,0.0013411828602429,0.0432866726206273,24.66882055427451,915,1833,49.91816693944354,ok,,33uBb3ZF1NekffyAZpRdmyP0KHH2,20200415,vowel-e.wav
114.73748088863968,69.24540071807878,0.0371490889436599,0.1185726947301772,8.9261433908913,112,851,13.160987074030553,ok,,O9jPNdypMudWbGGiqtlgi4ae2er1,20200415,vowel-e.wav
181.72655302718923,12.578566703680796,0.0073007601914054,0.032540606993581,24.386935072197428,1766,1986,88.92245720040282,ok,,ZnfFHbrHryWzAq27TCTQtY7uWTm1,20200415,vowel-e.wav
199.84334669469,2.831349011356978,0.0056039034242821,0.0375410057089978,15.407741228253494,643,843,76.27520759193357,ok,,Qs7OP1Hyo6Y4ZE2s4aZyZ3Ew6r62,20200415,vowel-e.wav
125.09887387969692,31.851608042537915,0.0121755197345452,0.1019569310363996,16.919712480746565,1213,1355,89.52029520295203,ok,,mX9OLV39QwhCicc7VLqQyniNdU63,20200415,vowel-e.wav
111.58180370849294,11.184371749320102,0.0099642109607619,0.0859021025009777,15.494219281044732,1141,1338,85.27653213751869,ok,,ZTlauEp4EjMLV0LKWsxXnRopWvC3,20200415,vowel-e.wav
130.99607245662818,5.445437080203261,0.0185036048377378,0.1000336641302226,11.74157426054414,882,1022,86.3013698630137,ok,,kkyAPrhvZKNSbFUYBfQ0Ne277D62,20200415,vowel-e.wav
197.02702962569032,19.619062536522275,0.0087188538497681,0.1019289295672669,13.253690833051849,183,1363,13.426265590608953,ok,,j0bgqdkBSRaRrpBmJLa1MkkKg593,20200415,vowel-e.wav
116.7927672549216,3.3914267728040124,0.0031784045442588,0.0770900270690898,16.7899454980429,597,843,70.8185053380783,ok,,DpU572tPYaXZXMglBud6sRIaq8y2,20200415,vowel-e.wav
95.68311684981454,3.4809527701547136,0.0067943725426665,0.0621338698851982,19.535205132426725,297,416,71.39423076923077,ok,,GWjZnz8QWXXGzHLaG0HNHFyeZgS2,20200415,vowel-e.wav
141.83267036674775,50.312776831775246,0.0117275285899722,0.0627208265224161,19.494378161536897,679,2959,22.94694153430213,ok,,cAqSJ74dT8S95pUV3nj98Pp12cp1,20200415,vowel-e.wav
124.93349751104236,2.8024676527166337,0.0023630218384387,0.0389394985291008,28.10654738614082,281,962,29.20997920997921,ok,,A6eyvPDHwBNMYFzA65XRMboV96s2,20200415,vowel-e.wav
146.6130899366008,16.92981845491507,0.0031790953187496,0.0844802778527384,12.93011793361285,580,1466,39.56343792633015,ok,,w51QbggHBvVnSSNG5tsEgScigyF3,20200415,vowel-e.wav
115.40843930420148,5.644375113547843,0.0044506388089191,0.0212897494707942,22.65067110495972,1058,1218,86.86371100164203,ok,,269e2kDksfRXKVHNXf4ACl9JUVm1,20200415,vowel-e.wav
,,,,,0,1124,0.0,partial,no_voiced_frames,V3EIT06H4JN5KwoK8aGRXQNzGRi1,20200415,vowel-e.wav
173.28245884971204,53.33324321383598,0.0111369467214204,0.0899287078614533,7.484548476380418,623,1039,59.96150144369586,ok,,C1Jk83bZcXQM2lljEqVIr6OfMr83,20200415,vowel-e.wav
135.07304102526854,8.02428105278406,0.005687898214455,0.0657684840312894,12.703012883606547,168,681,24.669603524229075,ok,,UUzQFgPDt5cC2mL6zDlgm7LvU4r2,20200415,vowel-e.wav
181.71980365932515,42.16934914223804,0.0031059199037142,0.0211171491439648,35.08996264653862,1354,1576,85.91370558375634,ok,,9qXBPCugOSe0Yl1GhThi1kCVZDD2,20200415,vowel-e.wav
261.6962261036672,20.80259106885893,0.0053744352628896,0.0435133677673382,25.525701032433084,609,851,71.56286721504112,ok,,LwOBSX8F07Z5HgRGLFS3aOQEVKk2,20200415,vowel-e.wav
175.27689653859954,10.74492703190563,0.0078910714111271,0.0252084795926205,19.53879560064296,523,1611,32.4643078833023,ok,,3OQBJD8fnBepqWPGQT3eTozrhLn1,20200415,vowel-e.wav
124.06486882534952,13.260420112236837,0.0115574937501236,0.0333104781840099,22.190027251548987,646,868,74.42396313364056,ok,,FNjPKyX47sUuQlzMc1urJ3VB3YE3,20200415,vowel-e.wav
169.11967756220707,4.345493314938015,0.0041362084210686,0.0479880969152553,19.664823727886816,41,100,41.0,ok,,03TmwzsdEBVEh35MRMbC9d0NnfI3,20200415,vowel-e.wav
118.13150435466058,4.027182185110608,0.0026901217315222,0.0168810035717561,28.32919495610108,1305,1457,89.56760466712423,ok,,IxdOYraXjNXf620JP1hexb3YDJ93,20200415,vowel-e.wav
106.4852689741638,11.01241240930329,0.0130507017905905,0.0939924673595357,15.879271702004742,275,407,67.56756756756756,ok,,PaLptWlM9gTtp7lUybcAaXGkqhj2,20200415,vowel-e.wav
146.5030678552789,37.23452681987302,0.0459655513318155,0.2201691867175796,4.220413686928784,676,1846,36.61971830985915,ok,,YXqC5B7h7iQZH3RubUFG6SBvZ5L2,20200415,vowel-e.wav
126.89410180627408,56.41857817056035,0.0173169690621019,0.1068558437012851,13.523586122863572,345,1303,26.47735993860322,ok,,rSDhZrvtPFhvXnAPUJnYoPBN0mD3,20200415,vowel-e.wav
246.31500804589896,89.86478644155437,0.0118765506101005,0.063792753570096,20.565934017385743,753,1094,68.82998171846435,ok,,1j2LqFPOJIQ8nTlovQqNr6bdUMl1,20200415,vowel-e.wav
137.40420478750883,34.34583476386578,0.0075486062223793,0.0742832839005428,19.19984030470235,1135,1187,95.61920808761585,ok,,h0XfL2JtCLb7hgupJ7lLQJ0fzgF2,20200415,vowel-e.wav
188.38855184446425,6.528228965260268,0.0029304167400962,0.0357938823110572,20.590236755249904,1472,1670,88.1437125748503,ok,,0KOy96zEUfdMY4rZzwrDT0gMPDa2,20200415,vowel-e.wav
158.72453995876822,57.16906267490388,0.0401612719587393,0.1244656234101317,16.746624968877267,159,1082,14.695009242144176,ok,,l6OFgjiE4MT6I6wfoYHk208nEaJ3,20200415,vowel-e.wav
138.23545007395978,3.408165822099048,0.0115207695507918,0.0448526648825704,23.656976824992466,1380,1517,90.96901779828607,ok,,GEPcHiIXaSVyNNL5sqIBZxytIps1,20200415,vowel-e.wav
152.2659398575598,32.13574105756753,0.0132160398359662,0.0909445176724767,14.313810390503692,423,1824,23.19078947368421,ok,,1woiacXdMmXUQiMWESqr83uk1NV2,20200415,vowel-e.wav
135.28812783678896,22.78074110356296,0.005685409743258,0.1227923554225326,14.231275320279536,445,2259,19.69898185037628,ok,,95XA3QmnULQ1KPlcdw4RDDKnBhH2,20200415,vowel-e.wav
121.14818323298203,2.9862041800847634,0.0024276535371879,0.0498098001999407,19.37075457025592,1145,1389,82.4334053275738,ok,,t0wrpS8L5WamJS9NhyjeHAqhaVv1,20200415,vowel-e.wav
144.38734939041046,19.175795829837703,0.0069763546302997,0.0898253357762138,17.55741157217228,298,646,46.130030959752325,ok,,5JO89F9hCpVbVFy7jFqPKtVRyIV2,20200415,vowel-e.wav
170.22806200228203,57.01710208220698,0.0046457149249374,0.0981082388913902,13.709331893862313,1903,2165,87.89838337182448,ok,,sSJoDuR1etTsr85E8wRfxIvfiCf1,20200415,vowel-e.wav
104.23882860184538,4.425948515628013,0.0069585774015336,0.1440849218009199,13.844513032070878,780,1585,49.21135646687697,ok,,cxchnGnCHJQ3Tjqn5faj2Sfqa0e2,20200415,vowel-e.wav
103.41479329007232,2.533849861992774,0.0041830740129313,0.032370264630796,23.90591931785494,479,535,89.53271028037383,ok,,AdRRprqo5ZUuLMOPs61ZKS6vrdU2,20200415,vowel-e.wav
131.4311930421564,11.299795764929453,0.0045289988075202,0.0166625287725984,26.54152049058315,141,276,51.08695652173913,ok,,GZM32y1Sy6X9D9hfrrvpTdPfmoV2,20200415,vowel-e.wav
143.26517962407237,35.52637706762138,0.0312985610461484,0.1569597821069454,7.20388002920305,181,1346,13.447251114413076,ok,,UhGuA2vn7sUfKJRENR472IxQaEu2,20200415,vowel-e.wav
115.69002670127674,2.044593479902649,0.0030386331933037,0.0526586870421871,16.02655315543404,596,621,95.97423510466987,ok,,gyzIhontEeY2zHHaiy2zjZot6hg1,20200415,vowel-e.wav
267.0075924868309,4.841836760350984,0.0046573967573042,0.0164650922368772,28.89427707355277,985,1150,85.65217391304348,ok,,oakTHXyve7PxMjMsDDb7VNnM0Ie2,20200415,vowel-e.wav
124.10521153266512,4.369082561581596,0.0041088289832313,0.0251447495524922,18.441753426737087,1513,1594,94.91844416562108,ok,,5CuTYRsGM5QRNjG7HejSHQh7ULi1,20200415,vowel-e.wav
135.5726709728029,1.7798406406355656,0.0023571993511964,0.0323129938017445,20.32792196312713,1324,1525,86.81967213114754,ok,,giXzRAAuoRRAg7xQ9Y56DX0FVDr1,20200415,vowel-e.wav
136.7410461757026,3.4319026532363406,0.007871708613879,0.0599324930465948,12.00206074668572,568,757,75.0330250990753,ok,,SiEdfz3YnndtOTlm8CIVK4YQcg42,20200415,vowel-e.wav
238.3511463361872,4.118066827975455,0.0024734854459558,0.06377098891214,18.946928762973386,1621,1875,86.45333333333333,ok,,2j94Kg8TewQwjwbrRyto6seGsut1,20200415,vowel-e.wav
147.7559801991975,39.14529791601235,0.0051030560296073,0.019573633632374,29.371050650937423,528,843,62.63345195729537,ok,,l57TNYomN4Z56eIotPFe6hN1Vgm2,20200415,vowel-e.wav
119.7254732942199,8.525980674835981,0.0077079825660514,0.0490712840708642,20.542310076328366,443,629,70.42925278219396,ok,,IVUrhfpO08QnE9S8UR1hk4DquTa2,20200415,vowel-e.wav
188.6081594189328,66.33568783617349,0.0147330632038063,0.0642948263912366,17.33059828143018,254,279,91.0394265232975,ok,,AeJcnB6Pl6ayw2YL7whgWyYSVnz2,20200415,vowel-e.wav
147.53084708536642,6.338092258935926,0.0094481911223857,0.0546825912702144,20.696656859746167,580,766,75.71801566579634,ok,,wq5WR6X7egP0MydXWR8nqSpHqq12,20200415,vowel-e.wav
126.50484693293264,9.528375594579751,0.0034985810997793,0.038192351165737,21.174894349673885,431,1124,38.345195729537366,ok,,j0q8isyOE2akw5RDUOV9whSwNDW2,20200415,vowel-e.wav
99.04182102693018,7.873468448366975,0.0050848750101396,0.0502860295761336,18.57388908595971,1044,1286,81.18195956454122,ok,,E3X8YtvZzYZiXwBevZEAByJc2v63,20200415,vowel-e.wav
189.83985532755096,46.424050934203215,0.0195066305731028,0.038668747621725,25.05178440063256,143,971,14.727085478887744,ok,,IH5AenjC1DTmH4Rw4PhvnaKHbmw2,20200415,vowel-e.wav
150.7653300832659,65.30706278360684,0.0216499897985802,0.1514601875034439,11.322111304933756,841,1133,74.22771403353927,ok,,BRi5khF6PxMORMTOXjeS6r2dNqt1,20200415,vowel-e.wav
149.83978630804145,14.898095912635853,0.0106152641743934,0.0475914675462516,20.74710813543223,411,791,51.959544879898864,ok,,UVQ8rnPQiYbVAuvPI1uGYIJZmQZ2,20200415,vowel-e.wav
226.35983712392823,13.849898886191252,0.0042495949657362,0.0405977702415641,23.78376123384005,1274,1372,92.85714285714286,ok,,eu2Hm19FIUhs68KsWGAlCQ4WVc43,20200415,vowel-e.wav
134.9895352904293,4.561842030572015,0.0022906181070611,0.0214064361630781,24.72949370860385,1057,1187,89.0480202190396,ok,,GKhkkTlN0PdIgHoEtwXlRlCqMd13,20200415,vowel-e.wav
157.01413532403194,42.96745974896324,0.0147513869732625,0.1174189725355618,15.41279376502897,220,267,82.39700374531836,ok,,JtJEMsy1XPalUgUWmzkLyq9LWbI2,20200415,vowel-e.wav
140.3106718298473,2.051222269141745,0.0025522319650155,0.0200439501891446,28.48963570004914,1193,1687,70.71724955542383,ok,,HltnpdE31PPFAFYRdJXRXokmdUF2,20200415,vowel-e.wav
138.6301868468067,3.63073861884145,0.007934629251878,0.0496972786606916,19.242533384659147,501,592,84.62837837837837,ok,,EcO51zxmIHcVtAUlxnvO6wA8JcR2,20200415,vowel-e.wav
124.06989541457502,5.050828759611365,0.0075081848384635,0.071428028535843,16.674666295684773,415,587,70.6984667802385,ok,,wwedtVmUE2dHLXmCHaIXW4uGRmq2,20200415,vowel-e.wav
212.5226896151146,86.41340117457457,0.016299662128597,0.1217250989171046,15.870264402544995,268,2123,12.623645784267548,ok,,evcMtXUBFWS6bXPYqv7BXVfqFIc2,20200415,vowel-e.wav
151.12477328523477,90.86324214120586,0.0313532008435161,0.0826712475789243,15.686045780088596,389,510,76.27450980392157,ok,,YjUO0QbUUAUJyUfgApL52jRs8Z52,20200415,vowel-e.wav
167.29438883591567,9.47748609738904,0.0041161958254755,0.0346986666567612,21.26514553587436,453,1141,39.70201577563541,ok,,R1wbQWmviENBtOcugCHjcmvRl6o2,20200415,vowel-e.wav
113.57449790890983,17.14342561383076,0.0050926103361128,0.0266690191172851,19.886990164585885,667,834,79.97601918465227,ok,,nkSUWnQgO0Tn7flFkVp7CrdsatW2,20200415,vowel-e.wav
230.75695336682665,2.5806039141055246,0.0040289888338511,0.0175539334164589,26.903755837144413,1318,1559,84.54137267479153,ok,,78UvO8TmtycKb98kr2eXeDdLpST2,20200415,vowel-e.wav
199.0995532702138,30.328005330182148,0.006302841649596,0.0198911519927113,23.422609734381293,463,732,63.25136612021858,ok,,ByeE6FPls3S20RP7vxsLDkmqpA32,20200415,vowel-e.wav
148.14809250102178,86.86282846508809,0.0550397567775802,0.1445070361426798,13.713701150828802,223,1346,16.567607726597327,ok,,abpYyjmAQAMGlnyqXPGIL9lbnQo2,20200415,vowel-e.wav
117.82513172979806,4.723481279342643,0.0152379590804654,0.0752634864281598,18.18729561200996,376,808,46.53465346534654,ok,,jRlVIgE9hofnOP2Lo8He6ebcecz1,20200415,vowel-e.wav
122.45044114944042,7.202121106665705,0.0028477315128405,0.0693572722068259,14.79824736036106,782,1244,62.86173633440514,ok,,rJtkSijv5ROjzB6LHN1XCAfe9752,20200415,vowel-e.wav
155.38571312254663,40.82798436141911,0.0034290019846439,0.0491165187325004,27.60161184211968,1847,2020,91.43564356435644,ok,,0gB18cWHioTobGuU3qVE0QV5mBN2,20200415,vowel-e.wav
215.6582825434432,15.183621115370396,0.0107317970804078,0.0624696355099975,23.973515638496764,562,749,75.03337783711615,ok,,9LGZxIxgbgSheKov7FzsNcFIu4v1,20200415,vowel-e.wav
151.11657305071958,2.3304091698090224,0.0011402173036167,0.0226911202490218,28.9073927943336,854,1099,77.70700636942675,ok,,779c1GiOSsSsxsi1PrMGXwOrIuo2,20200415,vowel-e.wav
156.2043230077669,8.542614824027007,0.001991167173673,0.0358726317145093,21.81019618374244,1099,1227,89.5680521597392,ok,,PMVjl7cZfEaQD3QaKjvAG4Kidt92,20200415,vowel-e.wav
134.552888509195,6.766087055208063,0.0111123846330473,0.0269668758822872,19.378180673015585,298,476,62.60504201680672,ok,,HxbOUFGbq4fKbs0nTLUQ5UmlZ9y2,20200415,vowel-e.wav
157.71453301633346,41.16339452643447,0.0057796064291329,0.0503977417780103,21.84838321615052,203,902,22.50554323725056,ok,,DIaVEL0f1kXNG6KXgBMEQ54yirD3,20200415,vowel-e.wav
130.329577599924,10.301137091311718,0.0063211572604926,0.0412606224914676,24.129116832433688,248,390,63.58974358974359,ok,,MbCfQyWYGIeZ5m0BCTeiM1oi7282,20200415,vowel-e.wav
129.33184334111633,27.36089573719599,0.009899082644497,0.0521955339904995,19.43802337897677,219,493,44.42190669371197,ok,,vw3Nw1Gmt3WA78SHAzJwelNRduv1,20200415,vowel-e.wav
253.2182635895705,8.215366029240124,0.0106651049261419,0.074778505973043,22.974075656355364,534,663,80.54298642533936,ok,,3PIiY2eRLVUN4Tba0a8ZN5W6frA3,20200415,vowel-e.wav
248.1147097583301,46.266113253082,0.0203109522730723,0.0526678155727757,15.867169035383144,68,237,28.69198312236287,ok,,u1G8LRJRwyUWNf8J9McgKGyfQJ33,20200415,vowel-e.wav
125.64725108813978,34.05819737433175,0.0152964400177104,0.0321672030522205,20.5365433109968,100,296,33.78378378378378,ok,,XoXEyaVStbMpBgQXljyI59CPI4m1,20200415,vowel-e.wav
238.36521741073503,4.772337534630011,0.0013556419283897,0.0246545156180274,27.60386808762314,530,681,77.82672540381792,ok,,LVfs0kH8h3YRSg7J3Y8g3ufC3a53,20200415,vowel-e.wav
127.56734366897294,5.714355358084129,0.0176446693049822,0.1535662300339146,13.460016996959824,1414,1730,81.73410404624278,ok,,UJkJrzKjH6UQRZF7eHhUQVQwCHB2,20200415,vowel-e.wav
129.62056590532126,5.566925155720629,0.0040108374339685,0.0521835544459748,20.749985933755063,1855,2225,83.37078651685393,ok,,M1RgcbGDbWbsxNkmPHlrh9J9n572,20200415,vowel-e.wav
138.20808046132174,29.15109998717842,0.0243537983525653,0.0784583935792146,15.582075119054885,743,1440,51.59722222222222,ok,,7yQ29b3Q1KfOIk5K1MSeGTsWqGB2,20200415,vowel-e.wav
168.39174506874443,11.03551758025884,0.002805662074767,0.0394831526425994,21.724427600609005,290,749,38.71829105473965,ok,,meYzBgsbbHT9rLhVNx4SYzjRYjK2,20200415,vowel-e.wav
130.40091741220343,3.567374649490263,0.0042508673849907,0.0338293954161878,24.397776871355784,655,824,79.49029126213593,ok,,QX7F5dwjZKPahv2qzqpSSBIyHXg2,20200415,vowel-e.wav
177.96302878583117,45.99401785063325,0.0041894489711695,0.023344707660575,23.493123857118228,1739,1978,87.91708796764408,ok,,vtVLtX1PGdX2b2fhF18Fk6DULZ03,20200415,vowel-e.wav
251.1833700407579,5.420415348872961,0.0064599891297984,0.0286381047384216,23.88752696076557,1065,1303,81.7344589409056,ok,,MGvc85QJD7PFeYxoAeTxsiq4wHr1,20200415,vowel-e.wav
153.5204603699359,19.09112415225198,0.0109485719459776,0.0470399461484834,25.154782728189858,436,527,82.73244781783681,ok,,6VbC2mWfKiWVQPL1tHVmG5eCkua2,20200415,vowel-e.wav
220.36570367071056,34.64772343889296,0.0085558935997206,0.0448667406748111,20.15682636421652,114,322,35.40372670807454,ok,,zNNcSmfHhTbjLm5NcVmrOAf5C2j2,20200415,vowel-e.wav
131.12587651813502,3.1509459499720784,0.00632839339735,0.0406207264033954,19.66369772977542,1011,1184,85.38851351351352,ok,,zAdXj9IixzaM6KUwFYIhXbNJnJ42,20200415,vowel-e.wav
217.02364324686724,45.86732163484676,0.0114867874759006,0.0382792703837497,24.26642700555356,159,2080,7.644230769230769,ok,,FQ9gUWPXRGc9z7Q4f3tMojFVrR82,20200415,vowel-e.wav
100.34111967436284,27.113251145748976,0.0407275827847518,0.0952913893925349,8.435169791429765,324,681,47.57709251101321,ok,,X7NBHQKdeDODKCzXwbmKdIbjIRG2,20200415,vowel-e.wav
169.86182260291048,5.866218624680059,0.0028407687268756,0.0714641622053899,16.47913140523696,312,1901,16.41241451867438,ok,,HmsAhPiHhiQOnvXYXzZ5u5qFqLq1,20200415,vowel-e.wav
145.31387303848092,29.335586988150943,0.0109602761207459,0.0727038341587595,15.231764099146089,89,228,39.03508771929825,ok,,D1d4hc9MrgTDxgAhqpTgqOEJtLp2,20200415,vowel-e.wav
128.02836398205733,3.741540551471318,0.0192333412045659,0.070435068781152,20.94369575280504,393,817,48.10281517747858,ok,,a1BWeGHqK6f0KyevbStawfUvvK83,20200415,vowel-e.wav
152.6249153756462,16.94277176341359,0.0078704577325652,0.044100622235784,17.631329199661252,399,655,60.91603053435114,ok,,bGAOAliULjMQIFSvoMFuNCedl582,20200415,vowel-e.wav
136.63269778413084,12.402034855220167,0.0079339450970215,0.0502619389126597,21.89277364637933,425,681,62.40822320117474,ok,,9esRO6MV7jhuNNWR9i0j6gBrkXG2,20200415,vowel-e.wav
98.57327276120547,3.94292071295476,0.003375263488463,0.0468180893054641,14.73346329700406,814,1039,78.34456207892204,ok,,TIFqRMyFsNVEYSMu9P05PF5N2Px1,20200415,vowel-e.wav
127.76591029997834,12.071456765305063,0.0035341548177056,0.091618282584083,15.004685928173696,1311,2942,44.56152277362339,ok,,ZkYT8z9lW7N4UfY1L9CqlOs9ouk1,20200415,vowel-e.wav
159.58417027108618,6.664244987964924,0.0027641938983429,0.0321365284044105,18.53871651385189,766,1252,61.18210862619808,ok,,xO54amKmQMQwbMoSbmADa6Wa2kK2,20200415,vowel-e.wav
219.40150799359148,4.706014898313386,0.0053156219929895,0.0241945079168051,30.821389989525915,1119,1286,87.0139968895801,ok,,6sUnPQNXQCYawfmLL8Pg91UxoiI3,20200415,vowel-e.wav
133.5691080054342,2.4644394831748344,0.0037384140170047,0.0421632246703375,21.977633780803497,834,1670,49.94011976047904,ok,,NBD8pzxLyyYZs8wul5W6UUKBZbz1,20200415,vowel-e.wav
179.19001501239993,42.56128534007203,0.0058688853643048,0.0950935232272085,18.02886609187096,1017,1542,65.95330739299611,ok,,jaNAcGlkQvUYEcRFXm5gNwnOOn93,20200415,vowel-e.wav
114.01850252817982,2.1258626358509503,0.0043380397925469,0.0380457867766473,20.00904667082344,201,322,62.422360248447205,ok,,1kj3twlB9PcVyePxzqNGwnkYZZx2,20200415,vowel-e.wav
102.34302012710498,3.432399014615765,0.0038098484092915,0.0567977734392496,16.299133913391792,682,971,70.2368692070031,ok,,jFtviHrZKLUXECg7rQPRt16g0zv1,20200415,vowel-e.wav
108.82728025413772,2.718675217769736,0.0043173455544425,0.0550166088040101,20.753493055827807,827,2037,40.59891998036328,ok,,fMi5uNWoboXWzfIDskyLCl8HHxH3,20200415,vowel-e.wav
224.71869062076044,2.1447576807908906,0.002755634633798,0.0405372070447836,23.97263871645052,1231,1295,95.05791505791504,ok,,pbXQf83tO4bPFQ0UZjs9HDE7i7r1,20200415,vowel-e.wav
123.95271043309758,3.877633754490176,0.0075461214823678,0.0687947044270975,18.77135906199172,894,1159,77.13546160483175,ok,,Qxlw2hDL29g1Sb9ZQO3XDPIG5Qr1,20200415,vowel-e.wav
82.44845690167179,1.9814098655042915,0.0041010050545355,0.0339191756444942,19.221502479348256,1737,1824,95.23026315789474,ok,,dosEoi5rKRVXDZzENH1QpxCfPWu1,20200415,vowel-e.wav
136.9713113088425,4.947572927694884,0.0039923962998995,0.0285225675687568,23.769143884584725,1910,2157,88.54891052387575,ok,,4EAxuOcgN5d81JCmqo2YxXlxYNL2,20200415,vowel-e.wav
204.4071555509656,4.553937382064423,0.0029545305372629,0.0321423894299342,26.444938593805787,865,1107,78.13911472448058,ok,,VGh9wqs8iDXHhUdrA12VtBhN1lJ3,20200415,vowel-e.wav
98.7740404870838,2.6463734621731265,0.0033047929252513,0.0553862010940411,12.83828782613627,340,1013,33.563672260612044,ok,,dxKWK5iTjWdjch9zRGCnc7R0eeq2,20200415,vowel-e.wav
132.85422195106085,2.649463283774745,0.007906632030766,0.0493490152331963,16.631022007948715,635,1773,35.81500282007896,ok,,KqhQ8Eo62fYCdBse8NiW1BYCtxp1,20200415,vowel-e.wav
107.88890186583164,7.935537919132819,0.0151580487423524,0.1266203150954796,10.922997140990123,1227,1594,76.97616060225847,ok,,TKhrUVnxGFfRdH4oaKwMXiwjR082,20200415,vowel-e.wav
136.05766993826384,3.3497812012496904,0.0017897424969175,0.0178492930593589,26.24046604150437,1764,2080,84.8076923076923,ok,,ArKST1jJWqRPPvdCu92MyQoGs762,20200415,vowel-e.wav
,,,,,0,537,0.0,partial,no_voiced_frames,CFwFsoyLtGUxPNPw5vMD7cznAnO2,20200415,vowel-e.wav
136.9132863049121,9.76479180309009,0.0060472587064347,0.0342140678645071,20.72006290857101,386,1833,21.05837424986361,ok,,QC2olizheGbckya2rPjOWhn00vp1,20200415,vowel-e.wav
,,,,,0,442,0.0,partial,no_voiced_frames,f9g4olEAspen4dJakQJsI2EME032,20200415,vowel-e.wav
117.52118894708768,53.83567586034479,0.0084550276390028,0.0682012337055037,13.09146266001659,1152,1466,78.58117326057298,ok,,g1nDdvDWgDhgbVDyfl6NyFIfPAp2,20200415,vowel-e.wav
178.41379988852609,67.8415887199949,0.011223158406126,0.1127820595735589,15.399403863541671,1896,1958,96.8335035750766,ok,,QOmSmWWvcLOxZgzrV4u04ByoebE2,20200415,vowel-e.wav
157.16826940100998,56.00732364332568,0.0048243264834933,0.0540007831300721,25.3999681511076,404,800,50.5,ok,,90jN60jxwIMkR1qknR8Ziahvbe53,20200416,vowel-e.wav
303.46370526563635,66.15049077759429,0.0165158172654684,0.0700199933154425,22.054475018411075,1249,1397,89.40586972083035,ok,,8UkGuBU6UQZqRiqhPtxq1v5m2a33,20200416,vowel-e.wav
128.4581899211759,61.0876708282008,0.0246116717890279,0.0925246752925302,15.571347480096303,264,706,37.39376770538244,ok,,hqzMroQpC0QHDRI78EvbdmhgksU2,20200416,vowel-e.wav
243.5108817641075,17.72833769440773,0.005107848343192,0.0303809129605321,26.904152469025647,373,578,64.53287197231833,ok,,yCzbULubsuY5sNYwje0zqNqtEB62,20200416,vowel-e.wav
109.00030651643772,4.052561929336816,0.0160318677486008,0.0898353078080331,19.70467794277328,533,908,58.70044052863436,ok,,nHni2h50bzR6jh4FDPgY2NtVs7I2,20200416,vowel-e.wav
162.87676951532984,27.91134773957457,0.0028439089970315,0.0628840545672312,20.767545170820963,1525,1594,95.67126725219572,ok,,7CiFcbXjGcMnMjOfs4Y4ejS9LaC2,20200416,vowel-e.wav
130.9632247895504,2.710403594127484,0.0050034003912359,0.0241992481831,19.30506243035085,1381,1594,86.63739021329988,ok,,4pSWWWdAaUd7s2dh6eXaaXeSLIO2,20200416,vowel-e.wav
158.36226865532828,31.60488089525016,0.0080579127138653,0.0746962054589261,17.547053318110635,211,894,23.60178970917226,ok,,xGXFc89moWU9CnrXW68NAZaRjQH3,20200416,vowel-e.wav
131.8133826371094,31.45637196840321,0.0049908582683439,0.034922004367633,22.644015782863107,257,1500,17.133333333333333,ok,,3bcZt9qehyWmDKvJeohIgrEwUsL2,20200416,vowel-e.wav
188.9457108474108,3.2891211050139875,0.0029922896920133,0.0163629119879928,30.34537003876206,655,954,68.65828092243187,ok,,UDEHS36gwSOkEmBhQZSlwGnijax2,20200416,vowel-e.wav
266.54619689675576,24.10242513899897,0.0091079267401087,0.0974732940136264,8.835388439761843,27,314,8.598726114649681,ok,,1YKLwejE06Poo1Whg1sYL3EC8sz2,20200416,vowel-e.wav
201.8832301852617,6.22429573565404,0.004485963051434,0.033624760343308,26.835389309336566,859,1005,85.4726368159204,ok,,XanIvOwNxde5zwMzliOagKFFYUt1,20200416,vowel-e.wav
137.00812797210557,8.102970657172527,0.0035381334675623,0.0238158687745915,25.603213644882505,992,1484,66.84636118598382,ok,,ItB1KcAWo8Y8Cy59mt262mXYxXU2,20200416,vowel-e.wav
155.45866303612047,7.655128893389871,0.0035759721178545,0.0301326804943432,26.16498233209442,848,1269,66.82427107959023,ok,,Mx0Ij186LMVXmLB3xX54QCAbyhu1,20200416,vowel-e.wav
,,,,,0,0,0.0,failed,"load_failed: Audio file contains 0 samples.
Sound not read from sound file “/kaggle/working/ext_20200416/20200416/jP5F3ypFwtN53rC9dVSUG8sMqHr2/vowel-e.wav”.",jP5F3ypFwtN53rC9dVSUG8sMqHr2,20200416,vowel-e.wav
152.67208079082906,17.592009072864933,0.0065884329815929,0.0310357277552261,22.31537346480788,144,416,34.61538461538461,ok,,wM9q9kHdbbUV3RfjYj7wJeXdmFd2,20200416,vowel-e.wav
146.17691984835798,7.640424689209689,0.0410795989373264,0.1512191633838326,9.744864736867772,345,885,38.983050847457626,ok,,T6yyKorHTOXc7a7Hdw18FnNLN3I2,20200416,vowel-e.wav
115.4154192879021,1.8280890144680189,0.0029752312931313,0.0229888897277878,22.805707265114133,1197,1448,82.6657458563536,ok,,zpjoDhhHvJcfhSHTK9i895kmr2f1,20200416,vowel-e.wav
121.0083780586754,1.9751897385233328,0.0022500614823663,0.044524457909707,20.322016751683588,1014,1218,83.2512315270936,ok,,welbkeuEJpggaMpfcDyPgP8im703,20200416,vowel-e.wav
151.55749803266758,4.614247666803175,0.0024601088634219,0.0382035548966461,22.38586209827677,2806,2993,93.75208820581356,ok,,tf9elTY1UpTjJ2qCFYUoeZYJEe42,20200416,vowel-e.wav
120.62675546719105,2.1960157680911423,0.0043459285785315,0.0379984713415808,24.35999533982816,260,1116,23.29749103942652,ok,,11GcRROEvCReCSBzteGoFLw1GyS2,20200416,vowel-e.wav
141.90682896680522,19.20229965489519,0.0041093936826606,0.0642666414800609,17.286662092535813,329,1773,18.556119571348,ok,,OmMVi6kdnHbu8sKZsh6HsGHm4Cs1,20200416,vowel-e.wav
128.8285883132915,29.707903238043368,0.0331155069037015,0.0830795420511416,15.356313986948797,243,501,48.50299401197605,ok,,v0Cj73yuwacWiGqDlaVsMa1GHqd2,20200416,vowel-e.wav
136.30184004255275,3.353293376224294,0.0016586278735445,0.0300784334862609,20.376481175767346,1366,1594,85.69636135508155,ok,,xb5Zffvkf5MqrUPju4A98njfRMy1,20200416,vowel-e.wav
196.84228427461505,23.23365015429033,0.0025642868585948,0.0148566616091078,24.131626583830272,1087,1278,85.05477308294209,ok,,3W9lHLbMzRVftjy3sxNnXwOTy6q1,20200416,vowel-e.wav
204.1644560516154,10.82092183280061,0.0029906485932092,0.0174698206513537,25.14568252530552,966,1090,88.62385321100918,ok,,BvSvfAT0dRRNGX7n6wmIpOlp7W12,20200416,vowel-e.wav
123.92511912499468,23.72787584054001,0.0051859265834943,0.0419566788228242,22.20301428050933,354,646,54.79876160990712,ok,,9KCtOKDALHXZZpzXizYJxBQ2Ulz1,20200416,vowel-e.wav
171.49674967217277,36.84495914391113,0.016396840110154,0.1041063415144327,14.947515880746232,70,262,26.7175572519084,ok,,hVWqZEL0c6RSrDEjSCyvyFPMEum1,20200416,vowel-e.wav
161.13968917562894,59.68214138159122,0.0334767055079024,0.1400629736887614,8.025921619956588,179,518,34.55598455598456,ok,,yWcihv2x97Rzj5Z4i72YVe1FZMG2,20200416,vowel-e.wav
243.6239504357268,18.366587170422136,0.005342497227085,0.0626831961140091,15.15391001980316,71,339,20.94395280235988,ok,,8ZV97Hmq6VSrBRqWaiOLx44cHY33,20200416,vowel-e.wav
140.29881747903426,2.3943812488471057,0.005775345860034,0.0793667056127004,17.978247582434296,1048,1192,87.91946308724832,ok,,2BdU00Hv7XWhJQOz0TiyeLtvbAG3,20200416,vowel-e.wav
157.8142402894883,14.338261282517903,0.0023850469555852,0.021910997412229,27.103558750593496,292,1312,22.25609756097561,ok,,Hl3DXvP5aMhh2JhHFE0K2ofITyl2,20200416,vowel-e.wav
210.1451299480062,65.79292212611936,0.0155546670368581,0.0630550827839927,20.595283401238536,1034,1252,82.58785942492013,ok,,Gkp0AAA7iJakBNaPSDfnA5eEUoN2,20200416,vowel-e.wav
121.4084262540163,22.176045603236187,0.006786120477179,0.045206932733451,12.47528730870092,327,595,54.95798319327731,ok,,AWZWqZAsydRwCkb1CSCZTjiG1YD2,20200416,vowel-e.wav
132.8483564049407,5.945879947523838,0.0049058892920553,0.0628408149733736,19.18050657818248,1116,1269,87.94326241134752,ok,,aImqoeTbibTbtdXNmH4F1qc3Jr43,20200416,vowel-e.wav
156.88102325684062,16.643084213166137,0.0119635497641572,0.0532772685847331,25.10765849710418,252,544,46.3235294117647,ok,,CjVKAdiAXkdaeNfQ7O9VWBrSpLl2,20200416,vowel-e.wav
173.786660735628,4.006545449774054,0.0027188544969743,0.0558170691040787,21.445479028620785,607,1210,50.16528925619835,ok,,9g7Qa5FMZgUoDcKvLIPLo7m6mOD3,20200416,vowel-e.wav
176.0374099051834,57.61264281723993,0.0112832855849791,0.0741718603727204,22.731048758242725,782,1235,63.31983805668016,ok,,jVdlO7RPQmaumDLciCDspJInwMx2,20200416,vowel-e.wav
,,,,,0,0,0.0,failed,"load_failed: Audio file contains 0 samples.
Sound not read from sound file “/kaggle/working/ext_20200416/20200416/TLfuOcZh0HfnVRRdez4CxLFiPki2/vowel-e.wav”.",TLfuOcZh0HfnVRRdez4CxLFiPki2,20200416,vowel-e.wav
136.07992071527053,14.144232129348538,0.0134688564959988,0.055595888856228,20.574340878971206,1206,1645,73.31306990881458,ok,,N926xnCk8rTlXrPA1dleXFO4XMJ3,20200416,vowel-e.wav
229.59060714350755,11.663649786843887,0.0028404374636171,0.0340420864269697,24.441572382343043,644,791,81.41592920353982,ok,,fff17MjZZ4ZDyFJHBTBD66jMDqq2,20200416,vowel-e.wav
140.3817040708211,3.778524720395863,0.0055106144249583,0.0415355219162915,14.848619173378676,240,723,33.19502074688797,ok,,LCa0jYXkxJZ7JUJC262jrqy0Zao2,20200416,vowel-e.wav
155.14824877804526,39.69813790372346,0.0274139620415992,0.1415085249369733,10.63223872321042,432,1500,28.8,ok,,jx5lw63NN0SESDVLpYEQTHXuzti2,20200416,vowel-e.wav
270.96687514692945,6.842786154560812,0.0015573085723365,0.0117204215061671,28.966085494486617,718,783,91.698595146871,ok,,oTCyHYFIjtezHe2Tr9yZg8Lj5sv2,20200416,vowel-e.wav
142.58940815229428,27.08315504609758,0.0108225232520745,0.1090801211878894,9.170295687890764,236,314,75.1592356687898,ok,,ysvx8FCvKbPi3Z6Jkhcd6sNsnwn1,20200416,vowel-e.wav
134.5635561630686,3.0972454884846585,0.002514954139476,0.0199567234770611,28.19965409675368,993,1224,81.12745098039215,ok,,7dibZ9sOTyYwP45P75NlmZQksjt2,20200416,vowel-e.wav
145.90890816220067,36.346988484970126,0.0107471213191642,0.0481821033572913,22.193347287903016,422,689,61.24818577648767,ok,,3tu94JnHgHN3B7LVzqQwE25H2Gl1,20200416,vowel-e.wav
126.3457504802455,15.87398251838943,0.0026604154319468,0.0510744327016152,13.292023578654806,457,800,57.125,ok,,tKPYt15PqwZH8RcZnoRnkk4Q8UZ2,20200416,vowel-e.wav
175.7553402909598,24.670200934040867,0.0031642286913714,0.0307356322746641,26.32440310680685,296,1406,21.05263157894737,ok,,cFePAw64vTSRzgy3ZXZFGC1E7rS2,20200416,vowel-e.wav
182.7042943692961,25.450784012080664,0.0094139737880287,0.1333018941543821,8.503764374375711,866,1397,61.9899785254116,ok,,hVuxSeriDPUtRMM8xz2g7K37k0k2,20200416,vowel-e.wav
184.43578930944125,69.34296672977227,0.0579068661363017,0.2038186457936554,3.0357778943540947,680,1201,56.61948376353039,ok,,eqI4Ht18bCU6HbJVycb8GgXRmbU2,20200416,vowel-e.wav
211.3527408219453,18.480781578621954,0.013235801719966,0.0472915635610908,19.88871347182969,107,493,21.70385395537525,ok,,cPuXXUduYDh1lEnHlSkDeHnbTvq2,20200416,vowel-e.wav
135.6309148129819,1.1134654179623833,0.003733181327791,0.0264928500105053,23.754298062574808,907,1020,88.92156862745098,ok,,DVdBgadmkvN8uJy0Q1kPTOBdUhu2,20200416,vowel-e.wav
146.7342420739114,5.377062973701014,0.0059644660607335,0.0303527884001196,26.716908954173245,1648,1952,84.42622950819673,ok,,e5zod8UiU5SDAOqqwi4utU24KMo2,20200416,vowel-e.wav
130.35466900223253,3.2195412220122344,0.0022200454158845,0.0316322287186895,24.475697541976928,652,1269,51.37903861308117,ok,,UOSC4wYpuNVn7If8bs0nrpetNix2,20200416,vowel-e.wav
207.14763534085364,2.823646647719792,0.0070849531806144,0.0219543607043664,28.53394862547044,557,766,72.7154046997389,ok,,hrxbMWssnVa3JHnqQ3CN8CE6QRE3,20200416,vowel-e.wav
191.9321769105548,71.96634410953477,0.0167371466561889,0.064440209633337,23.0759737607853,531,1943,27.32887287699434,ok,,YEPHDMGy11bhRKUTSh5vHHfRk4K3,20200416,vowel-e.wav
150.79769594794263,67.01567185957855,0.0188149459016968,0.1614413146361619,7.453218422076413,452,561,80.5704099821747,ok,,oeUYi9pKtHWMWaOPoKCjBjfOSHJ3,20200416,vowel-e.wav
228.90984950687988,21.39996824401468,0.0128873191813524,0.0295578077923668,24.03385591126815,38,228,16.666666666666668,ok,,dEM0ehwUlrWLDRwRyFVY35hHfDG3,20200416,vowel-e.wav
139.75279594309262,6.782714936851232,0.0061798571087541,0.0473647474402028,23.47992352356657,477,723,65.97510373443983,ok,,Zs8oTVcUPTc8pk9UES7sFEhRDxX2,20200416,vowel-e.wav
119.4024282373983,39.121492822595314,0.0079086353543987,0.047513363957473,19.448455280797937,229,2336,9.803082191780822,ok,,rAPBfRm8PdZvmMY0SVTQCbN6hhE2,20200416,vowel-e.wav
137.6542295047285,3.719791101966371,0.0040003570314545,0.0215318792632637,21.598914507561844,588,715,82.23776223776224,ok,,7sW9NvDUCfWdCR5bPANiS05bqRc2,20200416,vowel-e.wav
204.90517502495808,8.507149085697602,0.0052360083012679,0.0356437966784708,24.09546769252137,1021,1781,57.32734418865806,ok,,1BFTsgEVsJdltjiXvECDOi35nT53,20200416,vowel-e.wav
152.12273919585317,14.811723214240615,0.0049029196223943,0.0397575804731319,28.087262162287377,856,2643,32.38743851683693,ok,,JqVURYFKRWXXcxYNrqGTVte8IIJ3,20200416,vowel-e.wav
137.33987492282506,7.467829820309912,0.0051804467572172,0.0597946150100816,18.123835377154386,288,1414,20.367751060820368,ok,,2ACkagjqT6NFG3zysVS1cfoL4Ad2,20200416,vowel-e.wav
,,,,,0,0,0.0,failed,"load_failed: Audio file contains 0 samples.
Sound not read from sound file “/kaggle/working/ext_20200416/20200416/SG95RAgm0wY3bzyIZPPSpHwyYuD3/vowel-e.wav”.",SG95RAgm0wY3bzyIZPPSpHwyYuD3,20200416,vowel-e.wav
128.27436631262947,33.55350391905642,0.0226231437043017,0.152187122719705,11.695467568390246,544,1338,40.6576980568012,ok,,65ePxgK5pQY9m95iEk0gTXX38vK2,20200416,vowel-e.wav
210.8667848916616,6.567757270560808,0.00314257720129,0.0503935388507439,18.64333549636547,515,1653,31.15547489413188,ok,,5FcCm1G9aPbjeCwnAgd7UUQFK062,20200416,vowel-e.wav
132.59695514344867,2.245211693989459,0.0057472782117929,0.0896986662057374,20.117350375607888,653,1391,46.94464414090582,ok,,6xGgPexIjOVVNpVmRxzIarZHaqo1,20200416,vowel-e.wav
,,,,,0,0,0.0,failed,"load_failed: Audio file contains 0 samples.
Sound not read from sound file “/kaggle/working/ext_20200416/20200416/cbmcTV6z0NVgO0i6yeYyAO7AoI72/vowel-e.wav”.",cbmcTV6z0NVgO0i6yeYyAO7AoI72,20200416,vowel-e.wav
133.80429352662546,30.289008709724605,0.0064510932622593,0.0407049246851132,23.365948685595736,411,646,63.62229102167183,ok,,GGGztp5BbtgwQ7McufNdfMAvSFv1,20200416,vowel-e.wav
141.78207445276593,6.415421626333164,0.0036210394813313,0.0173039231850221,31.27968208487741,533,1747,30.50944476244992,ok,,sQOS8ZFe4wN6uXSrjtI5ivCt92C3,20200416,vowel-e.wav
116.6166491624965,2.5494147963213485,0.0066779093395082,0.0342580449855122,28.22264980575291,505,800,63.125,ok,,bbemMSSF2DWykY2lW3pFokk39Wr1,20200416,vowel-e.wav
,,,,,0,0,0.0,failed,"load_failed: Audio file contains 0 samples.
Sound not read from sound file “/kaggle/working/ext_20200416/20200416/697xpWya0DbSEN4Y6tsEH3BchHw1/vowel-e.wav”.",697xpWya0DbSEN4Y6tsEH3BchHw1,20200416,vowel-e.wav
137.7796163239527,5.625221725965768,0.0068064171076592,0.0803393914486008,18.76781309655932,134,885,15.141242937853107,ok,,nyQzKuJfGpRc1KD8cXFY9l6qdcv2,20200416,vowel-e.wav
122.45068304234422,1.6684768378388717,0.0032939954839171,0.0392758669338417,14.37204025290648,307,817,37.5764993880049,ok,,KOKCooQejva2hnY3f1LnxqL4gUR2,20200416,vowel-e.wav
135.18935269570457,13.939409851434236,0.0035611413705365,0.0245525380010427,22.715140008721868,590,2208,26.721014492753625,ok,,z3HiQpxpksYG6UTo9umAL7qWB532,20200416,vowel-e.wav
,,,,,0,0,0.0,failed,"load_failed: Audio file contains 0 samples.
Sound not read from sound file “/kaggle/working/ext_20200416/20200416/9Rhe6RDHuMNXaGiqKVaspw71Exo1/vowel-e.wav”.",9Rhe6RDHuMNXaGiqKVaspw71Exo1,20200416,vowel-e.wav
105.43773625045137,43.88988050478128,0.0081117297778821,0.0708170685759557,18.36612550229105,246,2208,11.141304347826088,ok,,ewjgkt6HqIQ24vpCKFBISsgr5gJ3,20200416,vowel-e.wav
158.329532587467,25.41031299425073,0.0046306610912714,0.0398364993013332,19.967073422821983,278,1559,17.831943553559974,ok,,lMsEJjeKrHaNhvVOMzsUoCcTguY2,20200416,vowel-e.wav
264.40098008347013,2.627185919248283,0.0015126150483242,0.0102503300060007,35.127291412789305,379,1039,36.47738209817132,ok,,YDqGf8vnHSPjo3q3PjdkQ5Pm7C12,20200416,vowel-e.wav
115.59120060456016,11.439140593326668,0.0053187009270739,0.0223200338428193,20.08716211930828,180,373,48.257372654155496,ok,,9hftEYixyhP1Neeq3fB7ZwITQC53,20200416,vowel-e.wav
130.40782916734554,1.9830418574665016,0.0076091470437767,0.0515752304970285,17.78298631347884,1592,1901,83.7453971593898,ok,,hTXACBsoo2XasDWx8U9y7kzs8rc2,20200416,vowel-e.wav
184.2310957488578,32.54042012477589,0.0723726388944103,0.2013025905414089,5.153773199290344,38,75,50.66666666666666,ok,,VZjOs3lF37fWrg6PsWpmwjCP5UK2,20200416,vowel-e.wav
214.46893685751792,34.75568818856276,0.0075860218106325,0.0995135960533296,15.756051149870707,807,1039,77.67083734359962,ok,,O0oCVth5kTeHucg5KChramxKozj2,20200416,vowel-e.wav
171.32254949050423,14.04409227536762,0.0036800333967565,0.0367477154637949,22.845289612468143,1341,1431,93.71069182389935,ok,,A6cnzNlOAmM8GCpUKtC1ZwTKUiO2,20200416,vowel-e.wav
132.16587450828385,4.524111622309632,0.0058433975103918,0.0595895133663124,23.51767269400962,2790,2959,94.28861101723555,ok,,96eiRKxrQpTqK2AvQyADEtG5xEi1,20200416,vowel-e.wav
139.76663216404253,1.8337988195581592,0.0020441691080244,0.0361732631879553,22.867706074518885,1127,2182,51.64986251145738,ok,,KoVhPh3wszMRh4pyxUzNhhSwxyX2,20200416,vowel-e.wav
165.5998736349576,6.827213687461323,0.0021417485151652,0.0236435086391696,28.355695022428595,534,1466,36.4256480218281,ok,,j6TNknVPY1Y5LO4PYT6RoykWbha2,20200416,vowel-e.wav
235.53631109185383,10.24110551476241,0.0098588461636725,0.050742614036618,22.029806807128185,537,740,72.56756756756756,ok,,xTrcp3vDL8bkpVEICdd1YsOURKx1,20200416,vowel-e.wav
121.35150124344588,3.159779540361296,0.0105566787910245,0.1114249472581379,13.195143686275276,595,1389,42.83657307415407,ok,,gM6ePm1Ew2d0nCVAHMf2ANaKI8D2,20200416,vowel-e.wav
115.93736207048651,28.638884416461256,0.0060891066234251,0.0997907160354073,10.563011416996725,306,1005,30.44776119402985,ok,,b3xN4I45RJb7nxHBRUd6Q6yx3z33,20200416,vowel-e.wav
130.23005175905985,7.262608286877235,0.0070027418804953,0.0386617600138597,26.6806844894908,728,1133,64.25419240953221,ok,,cmb5xzMisFOW3SKYjF7C8mgLfD83,20200416,vowel-e.wav
126.9247725536884,9.918461086513604,0.0079929824708242,0.06388556940067,21.35238440618078,131,629,20.82670906200318,ok,,lJlHlD5QIlOavw5qLRHbyR18T0H2,20200416,vowel-e.wav
135.6165686310017,18.1907482311798,0.0051140110798972,0.0309887670243065,17.228477391534938,240,527,45.54079696394687,ok,,jtTWQOkCx0RG5LBfKnPekeYuhMD2,20200416,vowel-e.wav
123.92679913490323,3.591659722603575,0.0103444071324889,0.1096625382482132,17.04779818751305,110,433,25.40415704387991,ok,,zxRJaPEBRGX8uH4egnctWAuIuy32,20200416,vowel-e.wav
142.26710461097335,6.511929974715896,0.0030728378812138,0.0486149165433093,15.403081039164135,1251,1414,88.47241867043847,ok,,VmmaLwCF43PJqiCnKPXO73VZJwB2,20200416,vowel-e.wav
130.59494953133236,6.862597202981366,0.0080127026372193,0.0642915735752666,14.311812922923698,195,527,37.00189753320683,ok,,14bqYTAafsSLdCtHZVw1gavRhpd2,20200416,vowel-e.wav
149.1470396437184,50.51695837822475,0.0233259522746867,0.0683528265075053,16.665260262464567,182,425,42.8235294117647,ok,,g31DKGN9FreFz5HQtF6z732O0LO2,20200416,vowel-e.wav
273.31673572672685,5.225465095372789,0.0054348648598379,0.0436164681131702,20.458802016908816,495,791,62.579013906447535,ok,,DES9AsgsFdVdBotRJ6R46C4tc9c2,20200416,vowel-e.wav
130.8918912377579,8.28584038628433,0.0082368378102329,0.0427347521783454,23.984944010373937,1280,1414,90.52333804809052,ok,,uUqS0VsfJrTv9zCPWwLqRmF8Uoq1,20200416,vowel-e.wav
149.13203164840067,3.290396677391348,0.0084889243814252,0.0334862539194847,25.22267651229296,1784,2447,72.90559869227626,ok,,OuoIQIvPBETkv1JvPOpHjGAK9UJ3,20200416,vowel-e.wav
270.18979951071657,8.62220782420032,0.0107926497960846,0.0630211246003389,21.24931486689223,1363,1517,89.84838497033618,ok,,MnRYYa6FN4VLwxLmTCQ05UPqmsW2,20200416,vowel-e.wav
156.80686578225445,35.0496972959524,0.0037827323834585,0.0337777408444728,22.688901314683385,1094,1935,56.5374677002584,ok,,CwGGsPFeFQPwRy8ba33e8SXGS132,20200416,vowel-e.wav
136.09291125159945,5.213868037507046,0.0092541694493102,0.0745289344760175,14.669806433710562,259,791,32.743362831858406,ok,,OatFCKWJSXcyyGHHGozArF6mCVU2,20200416,vowel-e.wav
121.7337641306675,1.6206535730911795,0.0025762195204608,0.0536316366543867,25.074086811742244,2295,2771,82.82208588957056,ok,,uBpTSMrCY2QGKbaMQ9NWmGA78P12,20200416,vowel-e.wav
226.3282309729349,64.22371881633791,0.0128144252535053,0.0390744221892197,20.740239238429563,258,1099,23.475887170154685,ok,,JiWX55SWdOeOspm0SChcEMFURkJ2,20200416,vowel-e.wav
133.54156956878552,3.909044153657289,0.0054466231200659,0.0612703470048462,20.01486736547509,280,672,41.66666666666666,ok,,QPUF1XfHBbZCGh4QhsgDhGLnjTi2,20200416,vowel-e.wav
263.80381423271245,42.403280891508444,0.0113679434043852,0.0540831202340868,20.230641048863724,401,527,76.0910815939279,ok,,5YSIWpZPYZUqG5rGievs4epu33g2,20200416,vowel-e.wav
207.24906199770143,4.070095583822454,0.0040246855310535,0.0809920253710606,12.978255458149851,139,1739,7.993099482461185,ok,,VFG4CURiubQsHbGiux3co3TyL043,20200416,vowel-e.wav
140.49554449389876,4.608475902552911,0.0027506386690306,0.0271380786004482,26.32744220910029,1760,1893,92.97411516111993,ok,,Z0JZ3bVzYZcEx2GkbTKAyWbyC2J3,20200416,vowel-e.wav
138.3180896003531,3.314944816708836,0.0029881766676322,0.0256661729091767,24.346599261010528,709,834,85.01199040767386,ok,,tpnRTSUMvkT4tJZpIQi0OghPefz1,20200416,vowel-e.wav
124.37701715708884,47.49537048779156,0.002775179094979,0.0506768505919786,17.091426429622043,759,1457,52.09334248455731,ok,,SI80JBOb0XcjW0Ez4Dn4Y0Ev5mw2,20200416,vowel-e.wav
188.07552789625183,24.09330660789169,0.0300296758712128,0.1417528581878099,10.17697026227008,591,1363,43.36023477622891,ok,,TCLyqYcr88coeJe3jnikuqyjBvs1,20200416,vowel-e.wav
132.52019664379608,62.291792242609134,0.015441181827557,0.0683342302599327,18.658036463820974,591,2438,24.24118129614438,ok,,Cxk4DW9S6fQhB2mafs7RBT6HCLt1,20200416,vowel-e.wav
237.2413230862804,5.062762402184002,0.0026688339038608,0.0514510685195266,15.465221398040164,412,1312,31.402439024390244,ok,,6CcWU1oa6YeaL1hletunsAHLiOx2,20200416,vowel-e.wav
122.71274898055292,32.89400963935496,0.0059288877221097,0.0356603981045694,26.44301177871778,582,2601,22.3760092272203,ok,,MCyZwW6oHlddq3Cy7QRwPHw5gof1,20200416,vowel-e.wav
142.70593464103706,4.881190600772267,0.0031530312480839,0.014463238335231,27.045206616145933,481,629,76.47058823529412,ok,,KzArWjCjApUOIz69TPVaZxSKQ6W2,20200416,vowel-e.wav
,,,,,0,1013,0.0,partial,no_voiced_frames,nyOEOseZX2cXF7ItBTJP316eTrx2,20200416,vowel-e.wav
109.01451179569143,38.38320203389698,0.0057020473803636,0.0771020858072075,21.11806973417049,327,1124,29.09252669039146,ok,,WTy9ym2R87WxEwQufFkYxRZDY0C3,20200416,vowel-e.wav
152.55704216717118,94.14965069102806,0.0135832710665463,0.1318025727644482,14.32827493034955,747,1611,46.36871508379888,ok,,wByjVbPfagQsv9nerwycE1QDQ5B3,20200416,vowel-e.wav
174.0583790759934,90.9356766092002,0.0145280222189329,0.0730897724415961,18.80703995676313,510,1841,27.702335687126563,ok,,1gimjLEgqBdoHReixdq8HlEBfEr2,20200416,vowel-e.wav
161.2099291377478,48.311207046524814,0.0210709378126005,0.0692475405891509,8.422918721858421,358,1636,21.882640586797063,ok,,iIAyplBPqGgFXKzvpIxFlcTgb4r2,20200416,vowel-e.wav
175.1066907405055,62.77104784117084,0.0063975937584427,0.0571140378276505,22.3019935092492,659,1303,50.57559478127399,ok,,0eQAE4NgLUWYqAaMuWoO4XgIgvF2,20200416,vowel-e.wav
201.355903695201,61.770611738602085,0.0141441585502581,0.0549929470265825,22.99835408364457,440,988,44.534412955465584,ok,,6wvKyVH5jNcuBCjwHE7WvgbtaqI3,20200416,vowel-e.wav
182.2909750211996,5.662621635610457,0.0018272412208876,0.0528400684433839,23.83523848714704,696,766,90.86161879895562,ok,,zyX6JZlkhxayEeUP5SL4L6WA1h13,20200416,vowel-e.wav
139.1549416511483,2.839552435091401,0.0041828111056076,0.063579124461736,17.30138304621162,763,1798,42.43604004449388,ok,,xB1PJ5sqyuQDj48VQ3E47ap9dPn1,20200416,vowel-e.wav
161.63345446258688,19.66927203675595,0.0086131202101439,0.0359746738170961,21.296945426732364,1199,2020,59.35643564356435,ok,,n53G4OdIz7a5kkUyObojHfGBvki2,20200416,vowel-e.wav
114.24570292589765,10.590588050986009,0.0065955099219285,0.025789698409213,22.471280781776223,1307,1534,85.20208604954368,ok,,okpi2sQ8U8Vmf21zXNO6kCgks5y2,20200416,vowel-e.wav
158.67865911038888,34.17538196130559,0.005988176283977,0.0987497082770109,13.674972328754388,320,2157,14.83541956420955,ok,,pT9egK3TaHP0NBelDs9O5mhOPLo2,20200416,vowel-e.wav
204.85774005596184,55.43224988452437,0.0044672406787755,0.0267111839565779,25.698998361594203,216,1756,12.300683371298405,ok,,3JXWfUZsCThwlwp2VuuS0LsfrXD2,20200416,vowel-e.wav
263.12065604768094,10.725259962999782,0.0036393985843606,0.0316685334249636,23.339577686725583,1248,1815,68.7603305785124,ok,,O7eAgc4vq5fZQmGh60gDaMxOjgz2,20200416,vowel-e.wav
268.7995935558008,37.84093209071417,0.002314947912076,0.0418834333878191,19.05240353323424,1894,2157,87.80713954566528,ok,,eX9y5J7LtpfNf6c2cl8yDBRhmXV2,20200416,vowel-e.wav
249.54369694626496,9.879630960026812,0.0090986472223355,0.0278560165714884,22.155229936545176,387,843,45.90747330960854,ok,,MXVuW7mecgTkOLUIH7zETZopKkw1,20200416,vowel-e.wav
140.26901409103934,7.856831930592424,0.0033111586400104,0.0341758871850853,18.364311441144803,439,570,77.01754385964912,ok,,80M2CERHxJcqnfMAjwyheSC67Ec2,20200416,vowel-e.wav
107.15008306796234,6.781802639581756,0.0042783310441032,0.0335760095911613,22.549851268706377,1493,1815,82.25895316804407,ok,,ugXNiwAC4VZuidrzssew4IEViQM2,20200416,vowel-e.wav
261.29710483017845,5.692894180284335,0.006298752484977,0.0449566677745578,22.71162115625296,945,1090,86.69724770642202,ok,,jaaBKWGuppchj0ahnBiFzFeuBB23,20200416,vowel-e.wav
118.62641114291566,61.54301748737782,0.013063610925691,0.0773606548553461,18.46337027126481,150,1363,11.005135730007336,ok,,IS3AoZuo0cXtuYb2aDWkrIWTciP2,20200416,vowel-e.wav
134.2873292076232,2.1041780340375387,0.0025619153265682,0.0279560279660578,29.91125975214227,986,1372,71.865889212828,ok,,lA0B2Fks6UMfTDPTAuyJXmZOHuo2,20200416,vowel-e.wav
126.78859226285653,9.768835766860445,0.0040071217022094,0.0366196088859021,19.400971087779965,382,1192,32.04697986577181,ok,,ByvAxiKJC5QyNZi2YJu6GyZYgPs1,20200416,vowel-e.wav
137.39843860595934,3.664932608295023,0.0018078879842409,0.0547213745860064,21.65551981504613,813,2473,32.875050545895675,ok,,tk32lejaXfVLODylFxYZC199STm2,20200416,vowel-e.wav
135.2607971143143,3.831696197259688,0.0086504991474182,0.0407304169150642,21.238099567113515,744,834,89.20863309352518,ok,,38CylWLQxybGkrRABrmg63KnAJd2,20200416,vowel-e.wav
141.56097994254168,42.10815831353982,0.01883321987399,0.15188363007335,14.27290853686031,92,501,18.36327345309381,ok,,UKnLR9FqNMSQ4rXR6iclPC4fknp2,20200416,vowel-e.wav
104.0800861937831,23.35136496120208,0.0260387851744288,0.1128569093528465,13.72664809040597,145,314,46.17834394904459,ok,,S0VydT0PnkaGbSLPpfoz2kr48yz1,20200416,vowel-e.wav
237.36971920098944,19.88853667973088,0.0046436940980451,0.0474651729636149,19.99775339061035,682,1056,64.58333333333333,ok,,EXFN8iHqxjXW7ApntIPI2qxQiMz2,20200416,vowel-e.wav
155.24744437363728,49.393771103770526,0.0140281990460136,0.1111124824198369,8.955483495134418,69,271,25.461254612546124,ok,,0ujmfEsuhJRsGfbW3ttpSMjwJi73,20200416,vowel-e.wav
119.98653947216911,5.501154172457382,0.0044362006112583,0.039217729699615,20.599321398922456,1252,2097,59.70433953266571,ok,,weDSWB2g4cRfj2Xi6DfJ1DCouZr2,20200416,vowel-e.wav
225.42162026529576,13.849591441482977,0.0076457114649865,0.0264612298102597,25.34219755801324,100,254,39.37007874015748,ok,,3oM1GutSzARkQnaiMdIUMOSczz42,20200416,vowel-e.wav
247.4840468614251,30.394483463119165,0.0103200455931385,0.0446952014000818,25.16491469101382,205,1227,16.707416462917685,ok,,XGXvJt5p7wQ7fcvMbdN92bAPzZE2,20200416,vowel-e.wav
91.5277874739376,26.22485769588809,0.0063751188420316,0.0729165151261569,17.4909108169116,305,1756,17.36902050113895,ok,,cfkQZPXKiwUdOgACOzPoZ7alrOh1,20200416,vowel-e.wav
181.64780028308027,29.000077632844214,0.0032272751123534,0.0594229903208509,18.79455022083001,1379,1594,86.51191969887077,ok,,4atnIFwUK3ZZTiWezgLwrvHHOzT2,20200416,vowel-e.wav
158.95281165766562,57.19838245164486,0.0062313586220208,0.0326301021653363,19.43880060527438,487,681,71.51248164464023,ok,,g6wE0LPtHWdH7XAWDCGHB5Kj1So1,20200416,vowel-e.wav
118.87546022367964,25.12700148085941,0.0127698630049598,0.0702984029274094,17.423358365688866,639,1227,52.07823960880196,ok,,xheyhxTtPHMng1BLZoH0b9jgDZ52,20200416,vowel-e.wav
138.29097286296405,26.4379357197124,0.0079874689225269,0.0413442361544194,23.327045756961308,862,1346,64.04160475482912,ok,,vMGhws3ezYdCMfegQ6GXlLxmdGJ3,20200416,vowel-e.wav
133.76749525168444,1.2983799869098949,0.0026725915028607,0.0116844434218267,26.71097209870124,1133,1286,88.10264385692068,ok,,6C5Cxv34nzSpBc7hvwkP7p5olLz1,20200416,vowel-e.wav
169.0574807288611,40.64968610889635,0.0198562117387213,0.0776099094199009,18.22157587459236,100,237,42.19409282700422,ok,,lyvfINttmWUoQsNNYdkTv8CzBa43,20200416,vowel-e.wav
111.20500121346896,4.727012715189618,0.0121232711149352,0.1193462251305255,15.861601488129685,1010,1187,85.08845829823083,ok,,lpnAzDCKhnNhryfkxvnedo1xnan1,20200416,vowel-e.wav
,,,,,0,0,0.0,failed,"load_failed: Audio file contains 0 samples.
Sound not read from sound file “/kaggle/working/ext_20200416/20200416/Vq1h51z5x3Wp4wS2pCm6yEAZvu82/vowel-e.wav”.",Vq1h51z5x3Wp4wS2pCm6yEAZvu82,20200416,vowel-e.wav
138.89110472936846,6.950450460306691,0.0037474027435206,0.029462792915724,27.71279829420176,459,1261,36.39968279143537,ok,,3fKAFFPrGTZTay5GlkoipIjRUPL2,20200416,vowel-e.wav
155.83591453080768,3.693636741565117,0.003920639734188,0.0362999735217028,21.090903372323304,794,936,84.82905982905983,ok,,cAdvtOxMKHg9hO3IbimCRK9Vooi1,20200416,vowel-e.wav
137.5821734960684,4.546067298416515,0.0044858044230001,0.0233551219897516,26.802619984888985,575,740,77.70270270270271,ok,,isi9jPjYQIRlc93sv5mb9dQseEA2,20200416,vowel-e.wav
199.59281873287463,14.368349779806648,0.0031407551482337,0.0216078244733836,28.68131260169097,747,945,79.04761904761905,ok,,av4p9I9aBGfNYwrwkh4jEiEk1lE2,20200416,vowel-e.wav
121.50461755663407,2.7681284729866347,0.0120326962769125,0.1296441582882886,13.79075845758519,500,621,80.51529790660226,ok,,vus9YM3VqCXq3QckSGoeHJs6pBN2,20200416,vowel-e.wav
223.48689927692635,9.78324916276324,0.0021528734935981,0.0178431955156877,26.997315609156544,246,1244,19.774919614147908,ok,,wGREdkmvqncUfRgcia9679biMIC3,20200416,vowel-e.wav
144.67591538604907,10.214708374857958,0.0200864372499861,0.1033284197149909,13.024703958001668,1036,1094,94.69835466179158,ok,,6sZ85LTF8WdTDcMX028uCjK4UH32,20200416,vowel-e.wav
150.3993805363405,44.76036392926585,0.0313712063104851,0.0632452659458304,7.502061442948998,29,245,11.83673469387755,ok,,f1tDfcVYVlOPYBAWP1ZDMdGER4m2,20200416,vowel-e.wav
163.23097182421088,42.71235211433362,0.0121656686651561,0.075303596619282,13.227827147699806,451,663,68.02413273001508,ok,,6FftFl1jWlQHb0N37KW4ajs9dqH3,20200416,vowel-e.wav
107.71895019286406,3.2997652900662904,0.0082571403617969,0.0626772930141553,19.09006600144621,979,1773,55.217146080090245,ok,,REFqANOm1nYxqZQ8t5EftdmwYeh1,20200416,vowel-e.wav
267.74208693669163,2.6358981253735907,0.0017508307290071,0.0116177809663764,33.69559867144837,402,407,98.77149877149876,ok,,9dNkv55RCuQGvkd7ueflfG6VT2W2,20200416,vowel-e.wav
123.7423963099298,4.168002456208044,0.0023656577535335,0.0495930630314591,19.47866078332531,1411,1585,89.02208201892745,ok,,ok6CEL3947hifXVHHmCDt35a7D32,20200416,vowel-e.wav
247.28249643281416,9.535862289006156,0.0018202684802598,0.014822637374614,33.338641871308674,660,766,86.16187989556136,ok,,pCvmqsHirKcCQyWTKFUJF14jbTH3,20200416,vowel-e.wav
136.39812207141946,1.6095052041113524,0.0019066462941095,0.0154164246925498,30.924445432439622,1698,1815,93.55371900826448,ok,,88mEmnYlbaPo3iQRZGn8Fbm9mNs1,20200416,vowel-e.wav
157.9068260342008,2.861384576294474,0.0034261323111754,0.0259975499716549,26.58606039768394,515,1278,40.29733959311424,ok,,pLk1k0G3cnbfzxENxL8axlc1PTj1,20200416,vowel-e.wav
166.06660483835307,5.428314700131707,0.0032585526037343,0.0458675094103971,23.454104293933653,727,1508,48.20954907161804,ok,,ROuIITY6ZYQRx0FR202YGkTsmSD2,20200416,vowel-e.wav
160.80505801941212,55.755199724420926,0.0155058222598775,0.0596517057018925,24.82920899564835,615,1210,50.82644628099174,ok,,AaTqzQjwIYaQW0MHufWVP5GWQ4I3,20200416,vowel-e.wav
151.97227975178936,45.00929998640999,0.0219749890483649,0.1695281734528723,13.14231180570422,355,501,70.85828343313374,ok,,ipBVOuYKjmSBDq7O2y5NOwH1R2I2,20200416,vowel-e.wav
104.6789243125903,7.408716971956684,0.0021830881451112,0.0475702380636697,18.58542978458915,646,2097,30.805913209346684,ok,,1yXs34J4y9VaRQSdwgm4NVWs6Y12,20200416,vowel-e.wav
134.6396942367201,8.940294427045234,0.006546555781786,0.0539951919177454,19.31348690732699,2213,2592,85.37808641975309,ok,,Ouvxbo8RR6Rs4u9EMksEqxP84DW2,20200416,vowel-e.wav
118.71958893845397,5.958900673412587,0.0027029160207554,0.0691241403296192,19.66456396397813,347,1158,29.96545768566494,ok,,kgO3qInKxTZQeaLHAceD3knSCZf2,20200416,vowel-e.wav
122.95593849620772,4.812107252876854,0.023655310438758,0.1892375811476211,20.08987333087186,48,1150,4.173913043478261,ok,,j0KRTzpx8hepjyKHU3GuZ4JgmBW2,20200416,vowel-e.wav
220.9469979496155,20.952983928261325,0.0037850862427857,0.0671206162098054,14.80191649593384,1211,1491,81.22065727699531,ok,,sSRc22AD2BNCZwcHILpCD0pbp5l2,20200416,vowel-e.wav
131.83087719016154,13.18356021374028,0.0408664473905747,0.2055709436620319,6.55861201889674,1107,1679,65.93210244192971,ok,,6foPVVE8lRXyaiy38TRYH55s3zN2,20200416,vowel-e.wav
,,,,,0,0,0.0,failed,"load_failed: Audio file contains 0 samples.
Sound not read from sound file “/kaggle/working/ext_20200416/20200416/sbdVe2aEGKeFcPXdhSf5QOuA5qA3/vowel-e.wav”.",sbdVe2aEGKeFcPXdhSf5QOuA5qA3,20200416,vowel-e.wav
310.4014970876565,128.45061935890544,0.0217109499428175,0.1011422597747217,18.315506472661696,138,296,46.62162162162162,ok,,Eik9USYv51RYy1mxzPOGxPLhn4o1,20200416,vowel-e.wav
162.2041676736011,4.84978003887786,0.0032057042914659,0.0367774448454749,26.10621413094323,672,1022,65.75342465753425,ok,,mR2kMg6kMuatgjlTHPPDNmY4YFC3,20200416,vowel-e.wav
161.73267797651673,51.79685010506124,0.0134561567848906,0.1293220232426377,10.635710781301809,155,1329,11.66290443942814,ok,,1HW5boss6UZ2uPXxGDCcwiKR8gh2,20200416,vowel-e.wav
251.69138583389108,32.1414890402197,0.003367633005901,0.0484948415291439,16.850252701412774,708,1064,66.54135338345864,ok,,SI6TF4Wk7XdAyxpOK4rW3usdrAm1,20200416,vowel-e.wav
165.24269805418135,24.8612464839576,0.0088953389645374,0.0741068952978397,15.831339474023313,680,1001,67.93206793206794,ok,,VtwjlKASmmZBtDjNuo4ryqCBfr33,20200416,vowel-e.wav
250.4882857218237,4.054312618789844,0.0180733438407676,0.0886649249335991,20.43752502086043,198,1184,16.722972972972972,ok,,HTYeSgQx0TcOekPlmxF7AwDgMJq1,20200416,vowel-e.wav
121.91099333096226,2.228258538492335,0.0047608224789581,0.0806459896617779,19.76060418795362,269,1047,25.69245463228271,ok,,vd5cQ5ZzjDXepHCAivkUaRFATk32,20200416,vowel-e.wav
135.98775395119372,27.638229858059635,0.0050272311030271,0.0256031418104699,25.057541076094008,2902,2993,96.95957233544938,ok,,I9Nm8cGaL5OB4fnmDPM8HrnULVj1,20200416,vowel-e.wav
116.1583621753003,10.711921380645054,0.0035274106208219,0.0265545227522845,27.55899298565896,966,1986,48.6404833836858,ok,,e5xiRpxobLe69psjXzZtitwdxpg1,20200416,vowel-e.wav
140.85492923770357,4.136135723500606,0.0041624502088763,0.0542978586264675,22.75605577727441,856,1303,65.6945510360706,ok,,VRTMrYKsWURrc4AH2nNRiElqTxB3,20200416,vowel-e.wav
,,,,,0,1013,0.0,partial,no_voiced_frames,HdJdEWQecehLzEQcyDV7vjr85C82,20200416,vowel-e.wav
141.91671643242697,68.26238877019188,0.0722093355619632,0.2342346409735482,1.3900780438117255,69,1057,6.5279091769158,ok,,dauyEPjsulULmwBQ7REEMrEAxBk2,20200416,vowel-e.wav
123.83130566209442,31.887458732709035,0.0116125621789494,0.0484795599081391,19.77323355402632,1367,1585,86.24605678233438,ok,,7uVROrqAKPMofUKBkPhYGgeU1513,20200416,vowel-e.wav
125.19355398634876,4.310110271516395,0.0022622499488485,0.0163208100375266,27.0670669559723,1109,1321,83.95155185465556,ok,,CFkIEzwZ5PcogCElOD2K3RJQzmh1,20200416,vowel-e.wav
255.65432778113288,49.13489034817297,0.0033333843955745,0.030108117051377,20.43421138308688,500,2763,18.096272167933407,ok,,xJyoUt9euYQsPrWglHIDGqjtOjg1,20200417,vowel-e.wav
,,,,,0,1030,0.0,partial,no_voiced_frames,imhxF3UQDZNVEnNeyw8jOAsgtjv2,20200417,vowel-e.wav
236.3361635348951,13.339268808211562,0.0195519896663499,0.0548368649011791,23.63674137550303,703,1210,58.099173553719005,ok,,tAqfUCGTWKdgIF95SfZU0gtLPZt1,20200417,vowel-e.wav
158.76290381046775,28.63769001895637,0.0038633246106618,0.0528419451336589,21.9694271140945,1501,2490,60.28112449799197,ok,,hmqyX7Xq7gMmLDSmb7MtmLc92R93,20200417,vowel-e.wav
135.76235251031136,4.810641646096179,0.0084476506265624,0.0578891342219848,16.84870876086721,128,766,16.710182767624023,ok,,0W7xMFW538WmDghkiujx2v4xVnt2,20200417,vowel-e.wav
259.9777154256825,18.547793723301027,0.0069893104579696,0.0398625641469968,27.986152070130395,1045,1235,84.61538461538461,ok,,XQVpgnaYz4NHmXRFWov9lBKP1tg1,20200417,vowel-e.wav
226.47577033881467,65.3750693309636,0.0818116089991112,0.1580402809028911,2.06366153337274,316,1747,18.0881511161992,ok,,z3dpsRp0YuPntedc6sgMaRfW04t2,20200417,vowel-e.wav
115.8234487019071,56.687523900166575,0.0105951761647615,0.1136355211919986,15.016608596605124,333,1926,17.289719626168225,ok,,YwhRHergRUamkPHHq2Vo5LA0WIw1,20200417,vowel-e.wav
128.09520813044676,33.85289172377323,0.0027573151147729,0.0406386002380486,24.18436675692271,573,1423,40.26704146170064,ok,,OAtQ58EyToOK0NsnlDdwpFnrwF63,20200417,vowel-e.wav
123.66537225148328,2.448824779380625,0.0045913217363807,0.0464827125114994,18.849717174053364,1243,1807,68.78804648588822,ok,,jzZNRqxGsTXZVZJbipHEyBaGPAI2,20200417,vowel-e.wav
252.70139430271928,6.641670266960392,0.001671275805956,0.0132147127903391,24.920029480649635,1040,1133,91.79170344218888,ok,,fezNxeyeMSSvqIiQvCsQROuhbNv1,20200417,vowel-e.wav
118.6168920873044,1.727077979508202,0.0035224965950043,0.0385628682202543,26.19913042153289,258,2404,10.732113144758737,ok,,SeJVLdrWddXdcxmY9Q51FUjCFRv1,20200417,vowel-e.wav
197.81779695604865,28.45504980112605,0.0085922032323794,0.103345058638949,16.67689779776249,854,3002,28.4477015323118,ok,,KLjaX6zFZccy7YNw6CQ3fkzzwkt1,20200417,vowel-e.wav
117.25074309051182,3.993176482807406,0.0029808729819945,0.030788316764092,22.45907923341412,482,885,54.463276836158194,ok,,g9WjuKnjoYZYmLVDY86u4JIwZ333,20200417,vowel-e.wav
125.33101011996212,3.267786863154141,0.0114598026420227,0.0504676773781428,19.271595528487165,777,902,86.14190687361419,ok,,Pjs0FDjZUofs8mvB3cjg0Hibe8B2,20200417,vowel-e.wav
131.5675701856898,39.187597172229765,0.0034561352519304,0.0230809173483653,25.862563830079427,696,766,90.86161879895562,ok,,mpN8LVqfHAWvNZZrJw5cQ3vOVWg2,20200417,vowel-e.wav
132.4490970312579,3.837230778615316,0.003436970302138,0.0523391794748036,18.90302534385573,1559,1809,86.18021006080707,ok,,vwUqgVSWMCWzCNxdD8uE97pk0I53,20200417,vowel-e.wav
122.6093678453989,48.290625515767104,0.0073415167212619,0.0451808915940459,17.375749793973476,932,1670,55.808383233532936,ok,,jtlvbJgDl6Sum26M9Tm6uZIXr6u2,20200417,vowel-e.wav
108.75663151709728,22.25148999325385,0.0104851657929797,0.0678537473343281,12.324638029169348,208,348,59.770114942528735,ok,,KXQDb2qDnpTQTTqx3JivfvB8zz83,20200417,vowel-e.wav
144.31317717538198,37.33652738677499,0.0038800848316989,0.0268655907729272,28.417956629017407,2460,2566,95.86905689789556,ok,,chMsCb2SqaYxVB1lc93vPGPa5ho1,20200417,vowel-e.wav
140.15959331778922,35.18530094652684,0.0098761229274832,0.1092577706362406,16.926709319225168,1458,2993,48.71366521884397,ok,,96vge8k4YhZKRuYBP7T1WVw2Ouz2,20200417,vowel-e.wav
137.49221154325528,4.332651587947278,0.0044606789184541,0.0248725823736035,26.62363581927744,689,911,75.6311745334797,ok,,y8aGpi9HTmaSDBAKR70SEv9w4Ca2,20200417,vowel-e.wav
143.4590464927325,23.176658406343204,0.0043954371376052,0.0588931507382021,19.186082193390043,1009,2464,40.949675324675326,ok,,EPA8c37Cb5e2aaUfisoVCzoxMnT2,20200417,vowel-e.wav
115.15841512774196,17.65573212253053,0.0097013305305165,0.0672913055729504,18.84142291479256,691,1363,50.69699192956713,ok,,8XoAGDSPjVWjpjfIDHrIiHd4NEC2,20200417,vowel-e.wav
137.53859914046484,2.149925892331673,0.0035413743405439,0.0606199347281733,17.58801632017354,787,1303,60.39907904834996,ok,,xvMgeb7JIxMhve3nHltF43FL1q52,20200417,vowel-e.wav
142.38851233341475,4.859951781233045,0.002712054074201,0.0220230171788996,27.95408505883227,2637,2771,95.16420064958498,ok,,Fi4TZCxqYqMvq8ncC4aYajCVRcz1,20200417,vowel-e.wav
144.28891637195974,25.221158612197165,0.0212226940374037,0.076081022116523,11.275235601301198,67,348,19.25287356321839,ok,,ZIsSazVaDRZmnV0GzL164wnjQGV2,20200417,vowel-e.wav
131.66008153634596,4.808190376833021,0.0053661276015553,0.0340271744785193,20.880659177456305,618,936,66.02564102564102,ok,,ZwwWzt46hVhcDukhR2G4bCNnZe52,20200417,vowel-e.wav
224.0265059340252,35.27755648918264,0.0048974566131107,0.0310119036722223,27.32601784783554,1083,1269,85.34278959810875,ok,,fuZ1Iu9k84gcTbZKIWElwq2RsLo1,20200417,vowel-e.wav
130.38418923568494,14.50312795763685,0.005715025758333,0.055758834972189,21.743386721336467,154,382,40.31413612565445,ok,,pOWaDLmSdob8jJcu8rxztAhHRIo2,20200417,vowel-e.wav
255.9571289719072,5.533509082940494,0.002384253801043,0.0337791501269754,21.594140306512934,190,365,52.05479452054794,ok,,w3QJygDVetN5sPAsKTXe273bpau2,20200417,vowel-e.wav
120.75495855446604,25.415121654611944,0.0130761258187936,0.0704863209336127,13.441101630671454,639,945,67.61904761904762,ok,,xxeoHryZgjVJhQiY6LAR7EDABMn2,20200417,vowel-e.wav
126.4332951727748,44.391102627936256,0.0079133595575363,0.1122554303725639,8.430692692071078,754,1423,52.98664792691497,ok,,DYiC8Ym6NBgFGQMSLy104RVs4b43,20200417,vowel-e.wav
188.0395472459284,48.00371278596351,0.0103249507895831,0.0521821060325225,20.83126923879248,216,535,40.373831775700936,ok,,kWZfsgqkRvaNmjgcH1lKSRIwbdp1,20200417,vowel-e.wav
178.11356492878775,21.933193332224583,0.0040795554679662,0.0989590478380333,13.445008572058692,553,655,84.42748091603053,ok,,JNTWsYYQjzMMOsmFMml8OXjHYx92,20200417,vowel-e.wav
189.46231253328264,44.89531624734003,0.0332596590722887,0.1562035243030403,14.813367525545738,526,1022,51.46771037181996,ok,,0xWyChUEHYOWQLxEAL3ln4FDtUL2,20200417,vowel-e.wav
245.4285841016572,94.9591981217918,0.0122107369059304,0.0528288280374897,22.96431033591942,404,2985,13.534338358458962,ok,,zt2ssuTmZESDhYPW40dyo5RW2sT2,20200417,vowel-e.wav
122.89386489994666,38.05175936456186,0.0089410593893196,0.0419072314155467,24.11528254644407,591,766,77.15404699738903,ok,,Icj21hlLQ5ZwFOgpuekc0Bn7Ucy1,20200417,vowel-e.wav
115.32127239648948,3.00220235583408,0.0065460451054342,0.0702058508493742,14.440961462063065,491,808,60.76732673267327,ok,,aESHvWgJIodaDacHGg6i3o05bYo2,20200417,vowel-e.wav
252.58995822523207,27.385340112704714,0.004977104625323,0.052060490337634,15.039314081213307,228,1218,18.7192118226601,ok,,x9L8LSXL39VqXt0Y00ekk3G9Gqn1,20200417,vowel-e.wav
150.990137334583,10.636740005173868,0.0068043473058667,0.0703416189817996,20.771369485561653,342,467,73.23340471092077,ok,,dGYruZO8jma3p1x7KKIXmuTbQvA2,20200417,vowel-e.wav
250.64894458133983,48.89860075641905,0.0112772067359713,0.0361804662253828,17.01844334793273,893,1090,81.92660550458716,ok,,ikYIaaUJutT91dYfNqA7iQoAQKN2,20200417,vowel-e.wav
139.60559444732883,11.99451887872565,0.0020534768953154,0.0141469095316988,33.57980859005736,381,902,42.23946784922395,ok,,N0YQy11YpgTDM6243yERZXmKVas2,20200417,vowel-e.wav
109.25190330447388,18.886304399043635,0.0050935944943614,0.0622417828581143,18.734622883512426,454,1824,24.890350877192983,ok,,Hsd2XPLTHxa0q43WgjzaQl22cB42,20200417,vowel-e.wav
209.0925863704424,45.83521689283484,0.0154249646658677,0.1074968119087338,16.036452353880467,308,936,32.9059829059829,ok,,Hx0gMpwXrbhBp9SV7clzSDQ50EM2,20200417,vowel-e.wav
135.33378797097936,4.205575989312317,0.0040027104020151,0.0300288614121646,25.829813228945195,1468,1739,84.41633122484187,ok,,5ulPmiY2NpQMXjnjn5w8unXOOnl2,20200417,vowel-e.wav
222.63862197409472,32.04858713942534,0.0168499891292553,0.0398407683274508,24.729110959182304,117,390,30.0,ok,,y7dTHpmIaYgPwbazH5f8o57WHoH3,20200417,vowel-e.wav
248.27194616356888,2.923918181668522,0.0043975816896412,0.0346314874048784,26.306920492006626,864,1184,72.97297297297297,ok,,RJCywZ62exQqXX42zLDhAuaVjdt1,20200417,vowel-e.wav
110.89033284996948,11.646586726520152,0.0032420448872943,0.047317030085582,18.48820081386432,555,685,81.02189781021897,ok,,VhY3VgRdsbasG2EvYQxcYDN7Fw72,20200417,vowel-e.wav
113.1572678784742,5.443255488157983,0.006981754325546,0.0445251951598633,21.32512277290201,1185,1355,87.45387453874538,ok,,GuZQNW2ktwaUr8OxHPLN0iVGy2G2,20200417,vowel-e.wav
156.10704384227134,2.3996871611083512,0.0059548560222437,0.0386469453104568,13.8574788789454,379,1201,31.557035803497087,ok,,XCgsAnLqDUW7V3qSgO6exYqSvvB3,20200417,vowel-e.wav
233.82381402210308,7.602605077445744,0.0068378300359919,0.0356512382917397,26.585290762133504,196,1901,10.310362966859548,ok,,3k5Rnc8QjVP7LRKe0SV3R8WsfQh2,20200417,vowel-e.wav
121.36410084479895,3.3125385433390617,0.004253110238183,0.0193504399980716,26.746113081140823,806,1082,74.4916820702403,ok,,ZfZdmrhvFUVDL6jqf0GaWC6rzia2,20200417,vowel-e.wav
115.5175053732755,11.821861901240768,0.0027052681939502,0.028457706767581,21.009679138385973,297,2626,11.30997715156131,ok,,MQSayo88HXcUcse3I8S4Fp3V52C2,20200417,vowel-e.wav
190.77289070148169,30.64861115793509,0.0132518421696252,0.0257770760798897,19.24487749613852,76,388,19.587628865979383,ok,,hNAGUEhL2Nh7V89at3yFEjQYo6c2,20200417,vowel-e.wav
113.38403806773896,9.231125450426658,0.0055759492660399,0.0524325857387169,22.4918323121697,152,1064,14.285714285714286,ok,,oNB3E8WhVsOEhgx0sgNm0Czv5bK2,20200417,vowel-e.wav
207.71667305840688,4.446786296954179,0.003508517803359,0.0309796871293499,22.00038103236649,432,808,53.46534653465346,ok,,RHVaEkR1YzMXV33Bl1ScXlpBkpA3,20200417,vowel-e.wav
118.49648257144466,2.4952456351989016,0.003193738547695,0.0269463592041275,25.52629397106732,1177,1491,78.9403085177733,ok,,1iqECx2FTmg6fkTzjVIZeN7ymnH3,20200417,vowel-e.wav
200.4656509908346,40.72069357719157,0.0203875221801679,0.097084156551271,15.862820631898742,1264,1286,98.28926905132192,ok,,kOVQkT3hXPSecuCMdUHB35ejBAl2,20200417,vowel-e.wav
160.79237723187634,83.14812754853338,0.0046760753917587,0.0214305785537439,28.84407998210027,195,1952,9.989754098360656,ok,,k7R0sHWreMTQCDnV5dMzd7t101A3,20200417,vowel-e.wav
113.9278996087142,15.709013272020185,0.0044747378029519,0.0284535646240053,21.35329511439347,488,1073,45.479962721342034,ok,,vEuocXKs0mhMOO3e5l5ZWImJG6O2,20200417,vowel-e.wav
168.538635529369,27.34661318757709,0.0035873220617819,0.0319883043205175,24.38541640325872,483,774,62.4031007751938,ok,,Q9mjuJioRUSHLiSgS67ZTjRtCy53,20200417,vowel-e.wav
130.95573699311765,7.582152386897531,0.0031461966678109,0.0372831101150834,21.03897360742609,418,681,61.38032305433187,ok,,VKV5w2sVwhequJqUVG2kaaGakiq1,20200417,vowel-e.wav
239.17382515700243,5.6641580578889705,0.0033914599483404,0.0192619378874405,30.633550182941345,1115,1321,84.40575321725966,ok,,HSj0b9JLMjVfqxpQi1s6OVQXkZw1,20200417,vowel-e.wav
136.9319656951441,6.080348351816388,0.0037535521837383,0.0360995244397896,19.161772240724584,709,1295,54.74903474903475,ok,,BTyDWg2XGnaMNkwlmO6ZWdd6LtF3,20200417,vowel-e.wav
209.7540304192966,6.068436534962719,0.0051352954498214,0.0610138297408838,17.893665090923697,90,365,24.65753424657534,ok,,rGYIwhkeGffRq318R229inpudYg2,20200417,vowel-e.wav
86.24692560912258,1.965465137919964,0.0065158490465954,0.0508571552215907,19.781801405649595,1150,1628,70.63882063882063,ok,,nsmJcSu7zRYegSynfe707MwRpjp2,20200417,vowel-e.wav
162.80294583518273,20.65343697368352,0.0049274378623988,0.0411696939577322,15.351619234112553,668,1909,34.99214248297538,ok,,5FnTn9FS7uUjXCbNzKuQY28pI3G2,20200417,vowel-e.wav
144.34670606313526,1.5061970474790307,0.0020584228958198,0.0439434820136143,17.262458935930102,892,1107,80.57813911472448,ok,,ck8pNfygbfardUsaoS2NNVvMTt83,20200417,vowel-e.wav
134.16686714880575,3.4827775767853217,0.0066956034420298,0.030567863693329,27.625938338978685,963,1184,81.33445945945945,ok,,4achmXwhZ6UIFduMW6ShHrJpRPV2,20200417,vowel-e.wav
102.01713085980415,5.63141013981914,0.0037408929790828,0.0281324664590351,20.34930803194276,720,1628,44.22604422604422,ok,,wr9fXFGgtfPzQMIXpgDlBU8I01H2,20200417,vowel-e.wav
226.72272016155537,44.70648087990169,0.0185740142767755,0.07265481010346,17.9012297017135,82,296,27.7027027027027,ok,,L5tZkFTeajV4uDCQnvbWLNoG5az1,20200417,vowel-e.wav
142.85894478707309,8.411543774643429,0.004742751287818,0.0811590195218151,14.327876394813927,1683,2908,57.874828060522695,ok,,o0HUIrKBsMXkygZgI161LVIydIp1,20200417,vowel-e.wav
312.28327238726314,11.657005334998,0.0021704245158694,0.0135826515342883,33.38075143781531,1140,1380,82.6086956521739,ok,,eSJm8nx2ygT4ZzQRzgYKpJiis1B2,20200417,vowel-e.wav
120.26608635340136,3.740122838433156,0.0073649581262138,0.0337377329528055,24.619890862970045,1046,1261,82.95003965107058,ok,,uJEVN893b2Pntd1Ck3cdY7RZZRo1,20200417,vowel-e.wav
159.03659800674424,36.42834706946069,0.0042744278375911,0.0503404746150111,22.35155817236721,2907,2993,97.12662880053458,ok,,JeM753cUNJdIV37vCj94583kYCE2,20200417,vowel-e.wav
189.0494324582232,69.66255260309566,0.0322659354920739,0.0425070690204178,22.272955160956027,286,1730,16.53179190751445,ok,,SwrvfymSTCSlj270wmp4wfo1iV83,20200417,vowel-e.wav
151.43863369949224,40.54508597034613,0.0097173556497065,0.063755167310147,23.42327769403244,300,1602,18.726591760299627,ok,,H1Ml5J5BxFT5aJB3687GpncQjOi2,20200417,vowel-e.wav
128.89534303864994,3.9209248768513465,0.0190206430657244,0.0740876619697674,13.725375999894473,1631,1901,85.7969489742241,ok,,WOAtvJdJe9OsuTQIiW5qhNlwaR73,20200417,vowel-e.wav
150.10374272931418,13.701143338735772,0.0041670628647453,0.0466586796155877,19.68910843027524,625,740,84.45945945945945,ok,,RTuiIzd8iGX3h3QWpU5CIJYHqD32,20200417,vowel-e.wav
174.85805278935095,21.586526527775064,0.0055339076004939,0.0486026387222633,18.367174793390152,290,663,43.74057315233786,ok,,rXM1xzEoPifwWHJUFngAdye7u112,20200417,vowel-e.wav
167.7953475975978,59.58483675561702,0.0093276589546815,0.0513809077494807,27.434476243986,297,360,82.5,ok,,IvPA6FZJ5OSNOllqglmE2mkcnz83,20200417,vowel-e.wav
137.08098491602388,5.568910828151306,0.0052531188126448,0.0221293762856233,23.022278437043045,1587,1747,90.84144247281051,ok,,l1ObBBBZYMOCAlTxeFyd1ToMwjy2,20200417,vowel-e.wav
194.1713827317328,19.531561523050808,0.0051222026240099,0.0500216295757328,13.864547458954164,973,1696,57.37028301886792,ok,,ojihroSqhjfXVXHu7hB7gtI2Pl13,20200417,vowel-e.wav
276.66177714762347,6.787824626543096,0.0015010197818189,0.0068998838472662,34.1058010622712,719,894,80.42505592841164,ok,,lkU30sqRDpTcl6VejcsNheN26kq1,20200417,vowel-e.wav
118.10885138233007,3.544290190958969,0.0106538470350607,0.112391830417476,12.247784094025288,721,1124,64.1459074733096,ok,,5nQ62bLiPbamvooxCdu7eLFCaDm1,20200417,vowel-e.wav
141.42923393528744,66.80190886087281,0.0100025373845701,0.1684102454196659,5.772220797288933,244,715,34.12587412587413,ok,,8EgdDA1cAtS34CbZDTuyPsJw51Z2,20200417,vowel-e.wav
129.07404604542756,59.636800359680095,0.0155292649885108,0.0881996013188379,13.080582507217208,55,245,22.448979591836736,ok,,kCKhyeak3fP2IsFcRgP3AOPBDvz2,20200417,vowel-e.wav
137.57458530758535,7.426910244215962,0.0053294245998303,0.0282837529634522,22.34788642247033,1102,1542,71.4656290531777,ok,,pitYbc063SXoFPZmDTvyI6yGxLm2,20200417,vowel-e.wav
135.7190722496921,10.688685419599166,0.0080022214454615,0.0458951005872337,15.86492746523354,497,2080,23.89423076923077,ok,,HCsgRpbj4vdEXoAjjSDJj9vQFbB2,20200417,vowel-e.wav
130.442108249818,3.9944546132734713,0.0036816049653239,0.0431955173544338,20.97730808674301,1182,1500,78.8,ok,,5FQMhLSr6je06dBSJvZjbiddFID2,20200417,vowel-e.wav
140.57405875043673,7.302409991998078,0.0027362825287461,0.018448243713622,23.7974162218449,1939,2037,95.18900343642612,ok,,aDPRTmlNZ3XLxOMP2KafJi1lnWz2,20200417,vowel-e.wav
129.52578294985702,19.813112931995843,0.0133038145432316,0.114962234745385,14.862395842720282,2067,2234,92.52461951656224,ok,,DwCHgxHJFhf0nAqiQfHS3lycTuv2,20200417,vowel-e.wav
134.2503840694486,10.26901258194532,0.0024133556643521,0.047506113778515,20.3393958428993,1546,2106,73.40930674264007,ok,,gxy19SDvEBZdJ7ZYr2b5sS2Fxrn2,20200417,vowel-e.wav
110.08197479567612,4.084967813812217,0.0033651208380679,0.0390918886828103,23.285379626399703,2440,2598,93.9183987682833,ok,,S4QDAi84LeV9bdeIeITuXAPSfVE2,20200417,vowel-e.wav
105.68491219444984,2.737213477183323,0.0026099585484243,0.0631544647602354,15.505417854997075,1454,1670,87.06586826347305,ok,,FYINlRe3mfOO34R8QcT3skESVRl1,20200417,vowel-e.wav
232.04003503329275,50.81757829117444,0.0313260850763225,0.1495216049323571,14.216984468486032,279,373,74.79892761394102,ok,,xthD326W2odUKmaURdpqoX18XEW2,20200417,vowel-e.wav
207.7839271149104,4.284043780402818,0.0056691703138853,0.0383369513735867,25.94963689804477,737,2327,31.67168027503223,ok,,jkP5JFFckOVBrO7AaRcacyXkgMk1,20200417,vowel-e.wav
156.06719558134404,9.900298690295072,0.0140334624315492,0.1089333086729254,16.690538533631816,357,1730,20.63583815028902,ok,,JCnMZyujiFf0m2QpwIlpld2ISDF3,20200417,vowel-e.wav
138.10287658426432,2.173664410554115,0.0049732051609716,0.0373944958176187,23.26912604686289,1981,2327,85.13107004727117,ok,,Xq0KTVn9T2TQhl644ZuZHT5ByQy2,20200417,vowel-e.wav
93.88285621455266,23.53376523628245,0.0193642007546005,0.1542442878045213,15.715130180101498,796,954,83.43815513626835,ok,,60oNWRr2WRghY5hOnlBUBAjMgjH3,20200417,vowel-e.wav
108.06685600158788,2.5692677833231525,0.0062982369465315,0.0981101997966449,14.539254352139304,170,774,21.96382428940569,ok,,KJQP1HlxlwfYbc7ogIxZ2Hklyym2,20200417,vowel-e.wav
,,,,,0,1850,0.0,partial,no_voiced_frames,j1vkslz2yvP8MMGGhjPnZE4CVlg2,20200417,vowel-e.wav
260.54022902177337,28.44027642750408,0.0174151332124323,0.0301353740270181,21.23189446292364,96,339,28.31858407079646,ok,,uiMtR0VGFIaO3CQ1Tl8znyjlyHF2,20200417,vowel-e.wav
127.90354614134114,10.30622851246332,0.0016529775437973,0.0251092742775134,22.2041931145832,1502,1764,85.14739229024943,ok,,kaIGgo2Cw7ff8AkV7vzWQ1KArwm1,20200417,vowel-e.wav
146.93212426735363,38.04280601354139,0.0205490372277373,0.0854601765635262,9.797578907237265,787,1611,48.851644941030415,ok,,NjtxNlfMRXSjUPgbkzzV7CCxvRB2,20200417,vowel-e.wav
122.63220005029696,35.09821102900156,0.0238690331532469,0.1809632893871873,8.753029238014749,874,1047,83.47659980897804,ok,,io9q2gZdUWhPDbYnJbzv8XsgCZz1,20200417,vowel-e.wav
114.9760985215632,23.26042464667273,0.0194320952128842,0.1693621670478496,13.51468020525958,1763,1807,97.5650249031544,ok,,f4tk6UjR0Ldbnq5tRfgYhT6VGqV2,20200417,vowel-e.wav
121.6920587712714,6.196869986813496,0.0040103265161007,0.1344985700282784,18.180825058877303,45,1158,3.886010362694301,ok,,YKJ4AmuaSThm9fM7nAE2rxLs9Bm2,20200417,vowel-e.wav
130.27311486136273,40.70572572768548,0.0060925117537534,0.0957132172502302,7.985740443076545,592,800,74.0,ok,,SkZeafTL9dd9dwV9nEbNrszqc8u1,20200417,vowel-e.wav
217.1752591829249,2.7808040473941884,0.0034658753584673,0.0181443306390445,32.55683162501663,1399,1551,90.19987105093487,ok,,GSetkkCdEWe7ZoUia8WEkILrlkc2,20200417,vowel-e.wav
269.2776365717423,3.503160611775173,0.0029660924154045,0.0211635075713647,28.51841738465035,1630,1781,91.52161706906232,ok,,YRwYptwqVUfHZbZh1hiqsczaT8m1,20200417,vowel-e.wav
137.5935688230243,2.246762311252086,0.0021370958056764,0.0249101020503444,25.94910235429436,1938,2004,96.7065868263473,ok,,qvKy3g7enMOhjEGqHPtNrrrExQl2,20200417,vowel-e.wav
161.61360149288691,5.162622846203881,0.0032472137408308,0.0341260996781025,27.732010138980066,2004,2157,92.90681502086233,ok,,Su4dvUzB8USceT2n3F7MWDO10lD2,20200417,vowel-e.wav
146.10596428416525,4.801206452889412,0.0121973201548984,0.0666183124918992,9.32348723837673,810,2993,27.063147343802203,ok,,gkgap61ehlgkpjvtbEm1EVbhv8j1,20200417,vowel-e.wav
154.0345451779171,5.576526679889176,0.0067286806293221,0.0494271687823862,20.46596714794586,1206,1500,80.4,ok,,aohEEUYh09Nbb1k0HlGwxPcuD663,20200417,vowel-e.wav
147.72279887241467,10.129941929323609,0.0130500120030497,0.109566085041149,15.217781477600866,52,1030,5.048543689320389,ok,,5dHPKHgDlcVJOWjQMg5t46IN06H2,20200417,vowel-e.wav
123.13121115334576,1.8113024756526848,0.0053520863978082,0.0858441433401667,13.62642584694754,1862,1986,93.75629405840886,ok,,mikiKeqF4SVTeAyZiLFsC6FpGEO2,20200417,vowel-e.wav
226.292826994383,52.4559740663067,0.0088598316143629,0.1435624123594554,15.552025278548795,919,962,95.53014553014552,ok,,qRSYuXkgdobbygXanSccCsfBiSK2,20200417,vowel-e.wav
142.4179549583037,3.726615433797927,0.0045998537861482,0.0222850620284592,26.36509002454212,141,663,21.26696832579185,ok,,t19ZtqDNiJd7nL1SntNpS8KQDO73,20200417,vowel-e.wav
130.91434909223312,3.7115209194311287,0.0046688814902045,0.0497278482722291,15.56035564259033,820,954,85.9538784067086,ok,,L6ScULj3LRPFLYdvs8HdWpzhkdp1,20200417,vowel-e.wav
212.0551939799469,5.725526851458606,0.0034399951979612,0.0195222701377925,27.44454498466872,718,928,77.37068965517241,ok,,4gkSRZ0IWxVAOJSuVEFhQqrzIYx1,20200417,vowel-e.wav
99.7455715219017,36.21195997837573,0.0067233950978144,0.097433885653045,8.914915257428845,281,911,30.84522502744237,ok,,tI9LqJQg4iXQcoyp03PsKbJaBsp1,20200417,vowel-e.wav
130.3378816971837,9.90189269598541,0.0086044002491827,0.059335567964124,19.18765018459795,237,1235,19.190283400809715,ok,,1CtdDsZvTshuIGrVGvF9pilcHP13,20200417,vowel-e.wav
142.33375536148574,4.314425680087743,0.004183805077254,0.0503574531429859,20.151953178032286,605,954,63.41719077568134,ok,,HHKpf1D4mWga1lxwcxAQjZAqELv2,20200417,vowel-e.wav
273.83058450803685,5.641380922543761,0.002509455944773,0.0222377427617832,28.9087099137556,702,1414,49.64639321074964,ok,,nDTky90V1seGFJaYNa0m4Io1eYQ2,20200417,vowel-e.wav
173.94667608107684,57.280636764685504,0.0176656833879757,0.1000199858731298,11.804071472321738,570,860,66.27906976744185,ok,,MxWWtrKw3RcNjG0Rmrw9Rt4YD9E3,20200417,vowel-e.wav
136.2986591066256,8.478973285963116,0.0025701219055026,0.0369101061236322,27.2324532029985,1037,1175,88.25531914893617,ok,,8BmywU3Y0Xh4xucX5Zt2xXDkMzB2,20200417,vowel-e.wav
303.07027724866964,93.47620914181296,0.0086137597858943,0.0317449065015643,18.18666947382364,508,698,72.77936962750717,ok,,kirLJEuOWzYOWBeTC4CRHrTTRVv1,20200417,vowel-e.wav
150.24259297824022,57.82185115844254,0.0631292114465383,0.1707417224804378,1.2682594222863253,156,740,21.08108108108108,ok,,xWTTsT9hVwcXT8vPHsyivbqX3CC3,20200417,vowel-e.wav
156.61199653687575,13.277965941397056,0.003666188557454,0.0408155632654837,16.89407800504974,487,2993,16.271299699298364,ok,,yMd8IFHnWWYgs6CNSFypl9QhFGu1,20200417,vowel-e.wav
93.4180103458938,1.5390267247737697,0.0046655587502845,0.0771853861689861,13.236113495242265,438,1722,25.43554006968641,ok,,eQQfGXkyq4PbUnshUIBuHNt9jcV2,20200417,vowel-e.wav
211.2185392848077,33.29969995049455,0.0070009687546882,0.0661613964268498,17.338866730239836,420,1235,34.008097165991906,ok,,pR9duBb0npRqbWq9Dqp5IK8w4582,20200417,vowel-e.wav
123.14053811795108,5.992635373136456,0.0057621781635346,0.0351959166323778,19.531990245385675,619,783,79.05491698595146,ok,,yxCtaUoJBHXnzfMfxfA9rJGR5ue2,20200417,vowel-e.wav
127.55898075003412,28.25793634727836,0.005101548302162,0.0645182311378674,17.18478098662226,587,2012,29.17495029821073,ok,,RYJRtbTc26a12dQ5ddAwV2hJ4Cv1,20200417,vowel-e.wav
162.0449924739542,8.118629590956816,0.0071640057565698,0.0340675191373254,21.906208459471102,84,271,30.99630996309963,ok,,zLJnwXeJwCZI7uk7aDmLweAZCIl2,20200417,vowel-e.wav
128.9812703498134,2.219513081471347,0.0034834944038085,0.0421406432039042,19.222581422772983,1628,1781,91.4093206064009,ok,,DXIw27Fbg6PgosoH84rFPOVaQ5q2,20200417,vowel-e.wav
192.1646655098569,6.891197461388533,0.0026541106822626,0.0327694462934622,22.740308855129044,344,493,69.77687626774848,ok,,JOimE3qKkOWxkKYIDBvIpXgQ9HJ3,20200417,vowel-e.wav
94.11392672198396,15.340142243477295,0.0122422330716812,0.0553714194327016,18.03507343123369,259,774,33.4625322997416,ok,,eD46zs0Gr9Rm2dRnRvkdjI0jc953,20200417,vowel-e.wav
120.9401826821563,2.0999386252389107,0.007416223258116,0.0423830520075092,21.591952093422552,791,945,83.70370370370371,ok,,5pGi7OUjz9SyuylhXvZQ7rWH6WW2,20200417,vowel-e.wav
117.35793127118116,5.637135390395335,0.0053403717648271,0.0195969855312611,22.4356987491192,710,778,91.25964010282776,ok,,ORaul0HINZblPYZIFh9V1g2G4q43,20200417,vowel-e.wav
114.43005148452492,20.7773541169846,0.0748431827508688,0.0902587348790096,9.058448337654928,881,1005,87.66169154228855,ok,,GLIDHIQIWigOOPXUqR9SYKIN2v83,20200417,vowel-e.wav
185.69706641240467,13.292918545335771,0.0025025315022906,0.0348910366639188,21.19403753819269,699,911,76.72886937431394,ok,,zdUE4UjuVwXhBeBZqWBGCDL9CSx2,20200417,vowel-e.wav
134.6884601637984,4.512749542318871,0.003181391215969,0.0235795241689415,24.720025410127835,781,1116,69.9820788530466,ok,,cPASvlDX0wewuwxfdbJgqqjYEH13,20200417,vowel-e.wav
103.86005439599448,6.076248976180742,0.0070869418809512,0.026234213958642,14.446977047203804,529,1227,43.11328443357783,ok,,Kck5aZ8dc5N49j8UPNqpsoHrKgA2,20200417,vowel-e.wav
128.2134264957459,37.44170552050063,0.0070860182874244,0.0407018920479039,15.593143387523169,393,544,72.24264705882354,ok,,QQx7MsHhXfPFNPjPAydYMmTWkpo2,20200417,vowel-e.wav
206.13415268143487,28.543370900915207,0.0108735416959114,0.0510303665509757,14.054365716778983,2172,2635,82.42884250474383,ok,,kufd2yIRZccwghYMiRxdc1Gc6VH2,20200417,vowel-e.wav
150.6539624766784,3.953285729549626,0.0057535736165555,0.0477325540035551,23.835690943358173,1106,1421,77.83251231527093,ok,,U1xH6cTpR6VhCLwJKx2wKZc5XE03,20200417,vowel-e.wav
153.89316244291635,69.1160345279133,0.0331370439271044,0.1972125035397419,8.355799327745801,758,1521,49.83563445101907,ok,,NKfo9DcpbQeYHlZ6pHDOwRx08i72,20200417,vowel-e.wav
138.13315189700413,1.6023951328441688,0.0039340657413839,0.0485435374858411,25.952579549310613,1732,2438,71.04183757178015,ok,,YpvrpmeZ2bRKrSUIWVe8a4fzSHg1,20200417,vowel-e.wav
138.6105931314254,6.760140183324647,0.0052587550834236,0.0644395903388134,20.52728698560844,857,1653,51.84513006654567,ok,,gX0K8ASvV0epRvdo50i3a27JEUC3,20200417,vowel-e.wav
96.25565462770813,8.64904798466394,0.0105078685610135,0.0843582524852254,8.96310976179206,814,988,82.38866396761134,ok,,h6fnYcaAXxMQWF7H5QbSx4PVajk1,20200417,vowel-e.wav
137.718779096407,1.4696168528291371,0.0032676883410547,0.027752901159641,26.931361796576105,601,698,86.10315186246419,ok,,T9yi2QIANkPz28yo2bSNHTtpyJw1,20200417,vowel-e.wav
229.5275791621752,11.083515632826904,0.0247057805320282,0.062576336169461,17.12728295392168,1401,1636,85.6356968215159,ok,,uqD6aEx3ObQK5DE4GH900S42U352,20200417,vowel-e.wav
221.1085658477112,2.8451862827631627,0.0139308632701009,0.0337770004653426,26.18727446987563,1265,1483,85.30006743088335,ok,,8FnL5QpBazelNsGBTVkBuTSpMEt1,20200417,vowel-e.wav
131.39496618977432,7.526791348062812,0.0050143738710033,0.0665502448200613,20.21643300193491,972,1227,79.21760391198045,ok,,ThEx12Qb23UTenYWttvsRvioxqE2,20200417,vowel-e.wav
290.4900850101371,35.82631011764472,0.0080372415630013,0.0581249956235036,23.662954606177983,78,1244,6.270096463022508,ok,,E3gn7SKrMhOK49iJSeIAEa1s7Kb2,20200417,vowel-e.wav
146.46969813809366,6.921070438780932,0.0068311270228563,0.0956471205500102,13.26077653135028,97,245,39.59183673469388,ok,,qr3tupBiFNgeVUX9N4ct8GigLP53,20200417,vowel-e.wav
134.56821859729249,3.1628812623496896,0.0037758918654149,0.0602595710999972,19.85271632849681,788,954,82.59958071278825,ok,,dlSirkwl7JPl36hawynOTHhscyy1,20200417,vowel-e.wav
123.7915384434666,5.912657995567415,0.0103859620444872,0.1029443680887618,13.979909133137792,471,1875,25.12,ok,,NPwHtrWOTPgBVHkElhwB91qJXts1,20200417,vowel-e.wav
228.878440105992,56.79843557925733,0.0182535428740678,0.0800412638301654,13.713413890544324,166,672,24.70238095238096,ok,,FxxDIIr8jQRkvmA2rqn9rUGGXlI2,20200417,vowel-e.wav
132.38326606162593,18.435800983734705,0.0062344904561815,0.0339468236396454,26.04903475111969,254,476,53.36134453781513,ok,,Ahv0311uRogDaFFI4X22nzsNVvK2,20200417,vowel-e.wav
196.2526615910872,65.20042477476191,0.0142748426988748,0.155881891891859,5.334182269713168,284,732,38.79781420765028,ok,,yiPghdPwkdfosD5DgpsWCwryhI12,20200417,vowel-e.wav
201.0039738921108,9.805267913048716,0.0041608819015403,0.0215431570261497,24.20353874616926,140,296,47.2972972972973,ok,,sCuADSA3CjS3U2e2EOYEAt3Hqh32,20200417,vowel-e.wav
167.894422240439,25.42268277716673,0.0048515559874639,0.0405580016364148,15.440423258950718,880,1064,82.70676691729324,ok,,MvMha3CRSic03lfuBh8UIj7k3ak1,20200417,vowel-e.wav
211.09823272913795,26.4167464414346,0.0030197096283902,0.0722429207793432,21.33488551986145,953,1107,86.08852755194219,ok,,pqhuVm6oPbd3A4FSf5p9shz9OO02,20200417,vowel-e.wav
126.52810484270658,8.387568457931312,0.0056199152294335,0.0523433894357729,17.48509682459472,160,296,54.054054054054056,ok,,L6zbMqqGS1et0kjPXmSsLUI3vz22,20200417,vowel-e.wav
114.60961138386529,2.404089288025569,0.0044014142385025,0.0174328467803322,26.139897914826168,741,1772,41.81715575620768,ok,,yHRFkSwYEehBF4AtthYzXkR6jUc2,20200417,vowel-e.wav
199.41932047727207,24.084005681864188,0.0081807121452596,0.115922780375527,15.45943035806407,397,1201,33.05578684429642,ok,,kiduiciSl7YBDAK9XuvaRizJUnU2,20200418,vowel-e.wav
139.4530564121457,3.911104403525847,0.0022177582280718,0.0259377477197901,19.565006324337293,616,800,77.0,ok,,jvrGsRzHKEU4izNgLFGitM7AZVK2,20200418,vowel-e.wav
136.84486117380465,5.824272797421269,0.0088320220522615,0.0749344166428455,15.711662697833852,288,919,31.33841131664853,ok,,6MOH79fX0ReMHLdJCA5W9ZFBYn42,20200418,vowel-e.wav
198.3827956661664,55.79271044688959,0.0138055423593747,0.1463616414270645,14.302035153169696,150,1636,9.168704156479215,ok,,Jz4Ct4GvrVPZUJlPOL7htkozn4v2,20200418,vowel-e.wav
113.6045648921263,4.11082178141376,0.006129614275634,0.0326545434929933,20.42066867642913,470,1039,45.23580365736285,ok,,IQ7tfWcSsRXGe0J94ouY9rsTB8V2,20200418,vowel-e.wav
,,,,,0,0,0.0,failed,"load_failed: Audio file contains 0 samples.
Sound not read from sound file “/kaggle/working/ext_20200418/20200418/KfOIJCkbgjUKy9vbOXdcaGMO46C2/vowel-e.wav”.",KfOIJCkbgjUKy9vbOXdcaGMO46C2,20200418,vowel-e.wav
149.54703767606878,5.074800692186812,0.0292644562439133,0.1402975461992602,13.70742695471758,451,954,47.274633123689725,ok,,HHXDoqaHN1QbtSZkgu37f38RGqh1,20200418,vowel-e.wav
139.14659834085955,29.059667628892026,0.004796841107746,0.0538690917361265,21.277113444583826,215,1047,20.534861509073544,ok,,kOBN8dMQckbYR0PtSZAxOciIcY62,20200418,vowel-e.wav
136.56878372388078,5.492497399733691,0.0043076039065971,0.0408474672432898,19.277193847579326,221,1807,12.23021582733813,ok,,YNkZcKCX0mOhKIUO2VRQQd63ydn1,20200418,vowel-e.wav
139.82267438057855,5.785658992316357,0.0029746207964301,0.0124711821518606,29.282852764599035,395,1039,38.017324350336864,ok,,hkALlH5TJ9Pj4tbOCoXyVPtOIBf1,20200418,vowel-e.wav
127.07627880687728,9.819257032738646,0.0038419821340991,0.0657667659831698,18.91765279104971,592,1491,39.70489604292421,ok,,chGPz3cGyvRFMdWo36WHlyEBgpx1,20200418,vowel-e.wav
222.07726209471164,8.525423086776344,0.0311010751876847,0.1233961182049703,14.130489401946292,140,1918,7.299270072992701,ok,,shKIgOZPRZWiewJ3vr9gCkx9ebw1,20200418,vowel-e.wav
196.22404836229865,1.7099218961961042,0.0017758565055159,0.0504173848490818,22.2387536415056,419,1107,37.85004516711834,ok,,E3WOlLhxnnXVcE0KOFvydjAPmKH2,20200418,vowel-e.wav
116.4092524657642,8.845828710388666,0.0122595736929263,0.0542768403666539,19.8373918462481,264,655,40.30534351145038,ok,,6qGIqJ2gx2h8BJRLD5YJE9zhiRG3,20200418,vowel-e.wav
236.5173102165709,27.352028270470083,0.0111890781971702,0.0778789569017359,14.04138035801449,176,791,22.25031605562579,ok,,fXT3tXtSwYRqFf2V66ND3RpMash1,20200418,vowel-e.wav
154.18381240374364,26.57827294538212,0.0110965425415695,0.0251202801871426,29.407063355551514,136,740,18.37837837837838,ok,,6YaTXgSnexec5CPOQg0EboLqnJJ2,20200418,vowel-e.wav
160.54383807442764,27.12078089201611,0.0098215976615103,0.0586448353935458,12.369244555952406,148,544,27.205882352941178,ok,,qtAMbhJqxAaVBZCt7rT5IkUtWGi2,20200418,vowel-e.wav
134.02593507846623,41.35727664299881,0.0115498602974129,0.1914325893286947,8.949752024291623,1999,2148,93.0633147113594,ok,,V2l1rcUUl3VsRmbvIWuaazcBMF12,20200418,vowel-e.wav
123.93756821877489,1.8529027467885324,0.0032954819622581,0.0834734900915431,15.002094375159588,983,1056,93.08712121212122,ok,,s9pMRe4F46aJf8Jg9SvLfJoxgg93,20200418,vowel-e.wav
172.62292614928717,3.877645016757166,0.0037891850493431,0.0420561180436265,27.47206102486307,1181,1372,86.07871720116619,ok,,p4caw19QwZOW16e0wVjZD34Nlkv2,20200418,vowel-e.wav
138.39268766208312,40.35028608167118,0.0100205161145945,0.0831924981697193,8.554244547498449,127,1244,10.209003215434084,ok,,V0Wtp76p8QaDtvEnAsgSimyMspH3,20200418,vowel-e.wav
131.28286151045447,3.3805578742663287,0.0046327873369362,0.0871738432385383,13.161942211621978,236,1491,15.828303152246814,ok,,yJRZfiFIsQhFptP6nnlJp825AHF2,20200418,vowel-e.wav
150.46378578781903,32.8009428435627,0.0112022509880733,0.0747388338141938,18.904713263377,344,723,47.57952973720609,ok,,uwWEy23DDNYBMukZ3lpzFQOlT7m2,20200418,vowel-e.wav
223.6531123605893,51.673307246917126,0.002874875136931,0.0259439658435623,18.27095179430282,1027,1406,73.04409672830725,ok,,LyyyoHyVVygA9sFTiv5SWaaUR2E3,20200418,vowel-e.wav
,,,,,0,0,0.0,failed,"load_failed: Audio file contains 0 samples.
Sound not read from sound file “/kaggle/working/ext_20200418/20200418/C7Km0KttQRMMM6UoyocajfgZAOB3/vowel-e.wav”.",C7Km0KttQRMMM6UoyocajfgZAOB3,20200418,vowel-e.wav
174.3112792347804,7.795398859703165,0.008300850507157,0.0376551296361178,23.886588141595148,494,862,57.30858468677494,ok,,JIafPire6JYhDR73srLG2xmrdJk1,20200418,vowel-e.wav
139.73538268685834,27.153115284733108,0.0090902816501517,0.0350541258864295,14.047913445646842,612,2985,20.502512562814072,ok,,19VBCVaFPcWROz6wWui9G9IU9K12,20200418,vowel-e.wav
167.08289380802523,41.49434196513062,0.0259049946473608,0.1194759492990596,7.529776115452736,45,211,21.32701421800948,ok,,X2oCYyUk9HQsz8UHY03sxnrCXGF3,20200418,vowel-e.wav
108.6107728049873,3.8906493122706105,0.008696799109101,0.0375653624517144,14.760731922833388,160,783,20.434227330779056,ok,,Dj0W2BYly4ZgQCCyCznEhLH5sYG2,20200418,vowel-e.wav
162.08033486872097,17.540642809649523,0.0037959940444298,0.0419719325915336,23.47351372915153,477,2362,20.19475021168501,ok,,ZcKPQiZXR4Q0SXU9r7ZkWuQGmd52,20200418,vowel-e.wav
162.13520806683576,14.642993747439116,0.0076527910117652,0.0602495440882543,19.579066490101788,138,493,27.99188640973631,ok,,mUOw8WF8tVRdTbbulKTxtqRjTXs1,20200418,vowel-e.wav
135.25094746150816,5.087567707158587,0.0029291124821571,0.0346926541159562,24.054611069696872,1273,1636,77.8117359413203,ok,,huZjiHT43maN3OQ8DAwgYImatr92,20200418,vowel-e.wav
195.4350884949312,38.06077701167253,0.008827413189129,0.0717826837506756,16.670379441750402,1039,1278,81.29890453834116,ok,,UxRRwXJtdjRZI4pgQcHHURVa33n2,20200418,vowel-e.wav
217.41751139502807,51.26107952901465,0.0034943851829632,0.0409027090743578,17.433138087008093,1203,1645,73.1306990881459,ok,,xFzTujSkizdGzHg8fPWeETDDG5R2,20200418,vowel-e.wav
137.11395065212503,13.800596954118726,0.0032584840644542,0.0400685534007999,22.07873602748941,869,1039,83.6381135707411,ok,,0VpjgRGE5kR8uTEhksBgvFR3xlA2,20200418,vowel-e.wav
144.54856766068144,43.63965375159059,0.0150687813841228,0.1233547395873398,4.783947047674219,239,1704,14.025821596244132,ok,,YdfYHpfmDMOnsxTHmUESvpgqg612,20200418,vowel-e.wav
118.5169383757692,3.1029588874082923,0.0044490203068427,0.0704517263276812,12.965504518075498,825,1150,71.73913043478261,ok,,uZjB5Oxr9zS4xZn8rq5ubyAp17A2,20200418,vowel-e.wav
119.96136794423846,4.355608261265672,0.0058577454411752,0.0525652734680411,21.796676755456744,809,1073,75.39608574091332,ok,,TyKZXsSHoMO2h8aqmLNlpaU2FZ72,20200418,vowel-e.wav
123.95758863881665,11.72728141110636,0.0237052663355341,0.1906405081905802,9.141768663411126,389,2677,14.531191632424356,ok,,ZFjDpdVMiNgc4ApSUv0yY4b4B193,20200418,vowel-e.wav
236.741518914517,40.58270525103104,0.0142525598753059,0.0411333091926508,23.38959456898886,420,1210,34.710743801652896,ok,,VQVtmKC3HwVHbY1xMTued5OOP4E2,20200418,vowel-e.wav
152.1502345991467,19.60708570531577,0.0170808177195619,0.0891676004233423,15.290425258112498,1517,1651,91.88370684433676,ok,,iukMZ50a9COYLA8Rc1l3ejRdhT92,20200418,vowel-e.wav
215.1925652621209,6.498540317839252,0.0036593431942236,0.0255898956594258,20.49118918344628,442,1406,31.43669985775249,ok,,22oBvWaWwBhbdNfWoshbse1qZ4q2,20200418,vowel-e.wav
134.78001240692842,39.409968654994806,0.0097882441188156,0.0538371370237879,24.34344433207628,1326,1542,85.99221789883268,ok,,mh19KvxVPfMXJ823tZzidOF1Wwn2,20200418,vowel-e.wav
198.13018657821547,37.78929496030784,0.0151098046101815,0.076334074834923,16.56966362262842,352,501,70.25948103792415,ok,,T02pBwp6UGagCMICnB4oiElAWUP2,20200418,vowel-e.wav
142.56943171539064,53.133547773191445,0.0094568383352559,0.030227767132459,22.956590979263108,28,211,13.270142180094789,ok,,5Lln9rjGG3RqbQ1bo0SzlkB0vxq2,20200418,vowel-e.wav
156.92825307616778,26.567244627006804,0.0055939009859944,0.0929164904185781,11.28734250386518,1177,1559,75.49711353431687,ok,,pGxub66GjDdAaJDd95hGHo3BcnJ3,20200418,vowel-e.wav
99.50078952669531,9.364516020263562,0.0059536746264932,0.0759472337786126,16.252350940470375,669,778,85.98971722365039,ok,,1irqEfgfrbXwr2ymwtkMB1Y0rnB3,20200419,vowel-e.wav
141.48158283593023,12.958406552627084,0.0049860368513831,0.0467092255325433,23.2684135981681,876,1815,48.26446280991736,ok,,MEEGIoNSX4exg4oIL3Q9MdysPJq1,20200419,vowel-e.wav
116.01045571450808,28.32376078240204,0.0203006082118796,0.1222231172107997,9.375745388801674,310,493,62.88032454361055,ok,,W9x1xBd8ZCggMQLy9vNSgo8zeAI3,20200419,vowel-e.wav
148.34190153092305,40.06136539959872,0.0046715582933112,0.035069897338298,24.192157878690864,1376,1739,79.12593444508339,ok,,gfAVpM1IV5RhiO6CAiOjjn1AHVG2,20200419,vowel-e.wav
187.2664962867101,3.471825120385727,0.0150382379722934,0.0574563094689538,16.542471429147383,153,271,56.45756457564576,ok,,TXlvBOBGo0ReXW3AHhF5acgJ5Hm2,20200419,vowel-e.wav
99.61185657044405,8.612112172555236,0.0160269414218386,0.1610878398232086,6.6567788163628565,291,1184,24.5777027027027,ok,,Su2HALYyJZVvRBh3BrmWmhxkvky2,20200419,vowel-e.wav
162.2222261792157,138.47147187178953,0.0511390342224987,0.2399319866193912,12.977538848340314,37,100,37.0,ok,,Qriv4y0rwfWRZDatFMOj9zdXeB43,20200419,vowel-e.wav
143.90010737059467,37.48315101523552,0.0154091470761235,0.1410345679299828,11.546148540062898,388,1082,35.85951940850277,ok,,RgfYXoDTg6MBu6V0xKMEjsMfY8m2,20200419,vowel-e.wav
154.23880566985082,2.441909117709812,0.0077864443750989,0.0214835579205496,24.644838357998776,1718,1926,89.20041536863967,ok,,nDhgdZFoNRUBm7qY6tw3z4ZLOdw2,20200419,vowel-e.wav
135.80497543914865,3.4014902831175067,0.0096328382530572,0.0628377302040464,19.01088420666125,510,587,86.88245315161839,ok,,Y5YzktJpmdMp3h3YOTEWcxE41F83,20200419,vowel-e.wav
137.6100999687082,12.273062302170317,0.0057221451347886,0.0580651668088636,20.78886453631468,1173,1559,75.24053880692752,ok,,lS9YdIeCTmfaDKr4AgtF1hjdlR23,20200419,vowel-e.wav
334.8284100558013,9.744009574735411,0.0018938524852948,0.0095171246932015,29.289286078309896,1069,1218,87.76683087027915,ok,,GMjhTrVkYsfH4RWjGFLCskzNnys2,20200419,vowel-e.wav
132.88943660846817,37.83212232188781,0.0597331344744956,0.2050635128672326,2.754391026689716,867,1585,54.70031545741325,ok,,vxQXoOBf9Oa0zTwHaKRyHqiUQTB2,20200419,vowel-e.wav
224.5459399146644,21.2483917139877,0.0055322026951263,0.0344904731439033,27.92423368127466,607,1167,52.01371036846615,ok,,U5XZPZXjrqNPn4Eo3T2Ti46VNVJ2,20200419,vowel-e.wav
101.69778280153466,2.4730869563329114,0.0031925543302656,0.025183456082513,29.728890153846752,1450,1735,83.57348703170028,ok,,XlPcBLOUHdNZwOeNJvVy1KfjQDf2,20200419,vowel-e.wav
145.42790696811255,44.06841171603553,0.0160418606529188,0.0732452700269832,15.958240306257585,530,2473,21.431459765467043,ok,,HRtlc2Oedzd7Q70BgFjlJGMbyPL2,20200419,vowel-e.wav
117.45947184662576,5.0502760906587945,0.0075816313103684,0.0630420692389716,15.860361825588344,453,2797,16.195924204504827,ok,,PAngvEIaGxXq92VkTOyQPquFkVI2,20200419,vowel-e.wav
114.53392999675296,3.337450930599573,0.0024852090544199,0.0372358411870143,17.766632011680237,1303,1986,65.60926485397785,ok,,RQqyn5Ur0gcPPYhafDG9DDfIgVh2,20200419,vowel-e.wav
175.43987898894113,7.968491985375733,0.0027736445111585,0.0147688588833209,29.929364835465204,1614,1756,91.91343963553533,ok,,Uy5OhcHEQXY65CsYbiRPtN7RVBf1,20200419,vowel-e.wav
123.99326691030475,2.427423930955538,0.0073441080803202,0.0759748164613009,17.118626980209548,779,1833,42.49863611565739,ok,,2jFheyh8bLO5peh0HPYGYjH5N9x2,20200419,vowel-e.wav
127.42016058175406,23.1222366730538,0.0041959091157108,0.020589477622041,25.33717687683228,422,544,77.57352941176471,ok,,tkr2LeHuJyNXW3uM4NUZBmp1qIb2,20200419,vowel-e.wav
149.73760426349975,58.44565302291969,0.0047343774940865,0.1073338752454174,13.581778986910855,698,2473,28.22482814395471,ok,,xyM7qnHrkeSfQsGyRCsomcKfMDG3,20200419,vowel-e.wav
135.74747526042214,2.8937437511183863,0.001965219247383,0.0215247898050544,27.65207351659627,728,851,85.54641598119859,ok,,rsVzlx8x0INOnHAt8Xu6jrxeGqG2,20200419,vowel-e.wav
228.3036209344568,43.09306440998436,0.016369918027466,0.1162379008866641,16.255318212363637,205,267,76.77902621722846,ok,,zir8PPnBwfOaT05GrKj9nK4opfk1,20200419,vowel-e.wav
134.78360054810705,5.129160185913432,0.0050998761498359,0.0876606802487939,15.265374545813282,1457,2037,71.52675503190967,ok,,OnSOmvzzE2WLcwfrSyNbh0B89n72,20200419,vowel-e.wav
140.72993526392415,2.790906745412843,0.0042160962004105,0.0179976158246827,24.447369784003623,1750,2106,83.09591642924977,ok,,HtCYru78WihN83VInC0etddLCv62,20200419,vowel-e.wav
125.42502171100612,56.13177672277255,0.0150818726925077,0.0540360807409093,16.69139799630402,299,1057,28.2876064333018,ok,,GANtY5XDqOUFMC2lEizSdBuainB2,20200419,vowel-e.wav
114.98422735576791,24.495764505606072,0.0051551114085131,0.0557759618485037,17.24637039345867,1132,2720,41.61764705882353,ok,,l4rsSAm6LtVu9k22v8PJnYp1pnC3,20200419,vowel-e.wav
100.1218112429032,37.45296453461373,0.0207262201500909,0.0656017887592508,16.57754871593413,185,570,32.45614035087719,ok,,UbRWBwc42vQH5WKiUUP89RvPlA92,20200419,vowel-e.wav
231.409783106618,19.10252611611974,0.0237307331709151,0.0850592597787261,6.835814627245825,19,203,9.35960591133005,ok,,trc6AC5IMYOoTnAeupgXR8YovHj1,20200419,vowel-e.wav
,,,,,0,0,0.0,failed,"load_failed: Audio file contains 0 samples.
Sound not read from sound file “/kaggle/working/ext_20200419/20200419/XFX3DxpzWlTsqde0wmliVzvRXnf1/vowel-e.wav”.",XFX3DxpzWlTsqde0wmliVzvRXnf1,20200419,vowel-e.wav
190.55826868742315,6.256508548689924,0.0023677039605551,0.0332573693041154,24.43493684883959,936,1167,80.20565552699229,ok,,zHug6OwMsNQnCCKu5TAiHKddqer2,20200419,vowel-e.wav
249.6295988634988,2.4264232210398613,0.0151997557691905,0.0530138105402467,24.283717130740147,304,1551,19.60025789813024,ok,,R4AY1hLOZtUJRsYeDGgGZR4sKVP2,20200424,vowel-e.wav
238.8865474707125,3.753200832564997,0.0041583549864846,0.0092228819578962,22.23658314928156,641,740,86.62162162162163,ok,,C5eIsssb9GSkaAgIfsHMHeR6fSh1,20200424,vowel-e.wav
188.49969725808512,39.06863875037503,0.0039600511143997,0.0482763213253954,18.964032009560043,1989,2174,91.49034038638456,ok,,Q8ADRNJMa3ecKbRrrVWqBsbNmsL2,20200424,vowel-e.wav
101.56174103335016,2.2392570476732416,0.0043717497168321,0.0410783810127285,22.353005909638025,688,1177,58.45369583687341,ok,,yWp5tMRFDzbbeEe2csKNd909fqh1,20200424,vowel-e.wav
189.0739329606701,42.31172837359865,0.0068158797498635,0.0490675075063516,25.29070886620857,882,1192,73.99328859060402,ok,,Q2rqPfhdilf16SbycBrtJ4gQ5Ep1,20200424,vowel-e.wav
249.1141883757153,2.154044365910218,0.0052232706887436,0.0819961985227283,17.328713146543016,427,472,90.46610169491524,ok,,OTSzQ3koIrTIdjRbfrDBzn88rLe2,20200424,vowel-e.wav
126.15258776892398,4.142318581948019,0.0027738226391879,0.0472766234415277,18.43983617230517,2906,2993,97.09321750751754,ok,,OW5RTM4WXPawz0QLpsfjsl4FqM22,20200424,vowel-e.wav
124.42934253866729,19.212047251504785,0.0206307142632746,0.0409235762248213,22.01626293473617,77,267,28.83895131086142,ok,,rB5oGtrGYZR5uJUXEaDYrrredz13,20200424,vowel-e.wav
160.84611318454054,6.772832742398162,0.004511023525033,0.0177565147973281,24.237171164552898,213,1295,16.44787644787645,ok,,vgaIxe6N8uQfcnstW4gWet53Amt2,20200424,vowel-e.wav
150.08170465760736,7.996682350141163,0.0093697453068805,0.0619753637390186,15.18494893811325,105,203,51.72413793103448,ok,,nE9m0JsRXTYoni1nN9LpiBJJJXJ2,20200424,vowel-e.wav
140.06651358131796,42.55458831204005,0.0122243817011874,0.0877768587233761,16.523277688535742,436,535,81.49532710280374,ok,,RUG3ss3JaEVElB4LvuOrW8wC1pD2,20200424,vowel-e.wav
118.06036491730946,61.71190535973259,0.0142177757168575,0.1794266792234287,5.80266512646629,376,2106,17.85375118708452,ok,,GzhrTQhWHSTwvweRKx2x1Uh4wx52,20200424,vowel-e.wav
134.08324488641782,7.516035346125514,0.013024735851045,0.1354807183673675,13.15429469515384,1591,2003,79.43085371942087,ok,,aGOvk4ji0cVqIzCs1jHnzlw2UEy2,20200424,vowel-e.wav
103.71877566758104,3.6769847494074672,0.0057508731523496,0.0577613749714502,14.188689333579594,192,2071,9.270883631096089,ok,,4e9u1T1conYlXIQp89SQRgMPScY2,20200424,vowel-e.wav
120.55029423446334,13.44256163371252,0.0053012373518935,0.1123803507993156,14.397727641058754,948,2993,31.67390578015369,ok,,iV3Db6t1T8b7c5HQY2TwxIhjbzD3,20200424,vowel-e.wav
126.60913757638832,4.7595505974004375,0.0046498925704747,0.0437106688204447,19.96484455865896,987,1244,79.34083601286174,ok,,Ny6G594aKENcYgURBgYJJa62ziV2,20200424,vowel-e.wav
131.806153078072,4.190498141923222,0.0075271269423459,0.0493447570103958,23.302570241032026,772,894,86.35346756152126,ok,,LYJToDRYDZfpjBuNC6YkUcphr0q1,20200424,vowel-e.wav
111.12145822111354,16.37070931902612,0.0061291181322414,0.0565693662522559,13.518771201087276,111,271,40.95940959409594,ok,,pOZwqBg4NsVYWASmwwhXFq4UlpC2,20200424,vowel-e.wav
238.8729221629604,26.577556496958856,0.0069441465263518,0.0313540151920923,20.02088598208523,144,1082,13.308687615526802,ok,,lF4uHVWCoBPlnxvapmUJ4ROtYV73,20200424,vowel-e.wav
145.67151082639785,19.984804556179643,0.0017588647270903,0.0361351375964378,25.51472135459325,821,1875,43.78666666666667,ok,,rf6smT3AxxYh5E5LqwXPy0VHrRr1,20200424,vowel-e.wav
194.16235612020583,3.706979781505024,0.003016503091511,0.0214576883049642,20.35300247328903,369,434,85.02304147465438,ok,,fKZtrxD1qFVpLIgnmwEzWvnQZc83,20200424,vowel-e.wav
188.5049004160436,4.295265154025811,0.0027792034381249,0.0199919323148231,30.85159191597357,607,774,78.42377260981912,ok,,qhYsqvdV41c4THE9gd4ugJqIYW03,20200424,vowel-e.wav
251.59685881859048,12.23930786831382,0.0077478982762293,0.0220737603910546,28.34048332603995,569,834,68.22541966426859,ok,,aB7zSIAFW7bCmQC7IBUWFjNncTF3,20200424,vowel-e.wav
156.7395766122639,39.76351913972405,0.0116882860976619,0.0925175443535159,15.796261572400576,1810,2592,69.83024691358025,ok,,YjbEAECMBIaZKyfqOvWy5DDImUb2,20200424,vowel-e.wav
118.33948938186538,9.786750019829713,0.0360105785869977,0.1258831781375882,11.692121715963644,33,501,6.586826347305389,ok,,2n0fnSeTNiWvPi7aLxRrFsCGU8D2,20200424,vowel-e.wav
276.54548572260205,25.14706468109617,0.0022741063088433,0.0421393692637298,21.157714912880063,765,1090,70.18348623853211,ok,,zga52aKD4sQJbsqwZg1RrLKjkus2,20200424,vowel-e.wav
143.1503928554432,10.92992106279419,0.0054318182343953,0.0421726983285389,15.270539371893596,76,160,47.5,ok,,r0XiFJDYZCMvV7xT8LowfFV3DJQ2,20200424,vowel-e.wav
138.8229690936127,22.175550774002065,0.0072661753654141,0.0494217520489753,20.07504646391596,702,936,75.0,ok,,AxuYWBN0jFVLINCBqIW5aZmGCdu1,20200424,vowel-e.wav
143.55968163897563,3.357755963673848,0.0040654193804355,0.0284683644499378,25.54145821719349,587,808,72.64851485148515,ok,,GrE7GAhI8UUX1BK0QHOBGLvOQJb2,20200430,vowel-e.wav
136.5459575041859,16.43329235513003,0.0074654907424684,0.0361281661369126,17.67811363556336,795,1192,66.69463087248322,ok,,fci4w1K0PXhKOJfLlv6dql3YRU23,20200430,vowel-e.wav
217.12883801550083,18.83254159994858,0.0041680621658672,0.0213082024545219,28.07365227695804,310,1184,26.18243243243243,ok,,QU89L9WuhdW74Fj41RQwBPCl9Vv1,20200430,vowel-e.wav
137.6559777501671,20.64762826818449,0.003464049454397,0.1049671377098128,11.717925370423954,404,1457,27.72820864790666,ok,,gHDyWKwAjxPkdxg4hh1hElbzbbR2,20200430,vowel-e.wav
144.0083035298985,20.316500475125657,0.0134376389147322,0.0276059418499253,17.371824286464108,696,877,79.36145952109464,ok,,vulAApAIpgcosLjfJtaN7Rrp2jo2,20200430,vowel-e.wav
168.90876496665848,14.536113493409507,0.009669744280874,0.0496318145263687,24.32565102281474,602,1534,39.24380704041721,ok,,xKW2EpGmJcfigLecUTLVXEWQHPg2,20200430,vowel-e.wav
270.1501486438582,6.380154312628359,0.0034059001182524,0.0219400869718723,28.578480408585644,471,629,74.88076311605724,ok,,PWXapCML3JSGefaCRAxKjCNp0Ps2,20200430,vowel-e.wav
185.6362131330721,45.34676401042317,0.0205422247751624,0.097373659220276,18.14074664238765,1204,1568,76.78571428571429,ok,,C3luMlCgAFZqGmGjFscXe9fVHSG3,20200430,vowel-e.wav
209.37789032631423,35.610570540912015,0.0050472345087163,0.0913563796058924,20.26217221274482,434,578,75.08650519031141,ok,,YiFpl4utCGTCGxQHqjYMOUgKlV63,20200430,vowel-e.wav
191.3661064293269,37.75158011237352,0.0028053913797899,0.0253119545772576,27.09398420861816,1320,1517,87.01384311140409,ok,,OllJVQmVKDgnUjNCKFCP0tPlQU03,20200430,vowel-e.wav
187.65250490598905,11.852031600300846,0.0035185510684966,0.0643401048681401,18.184849320657285,64,126,50.79365079365079,ok,,97Rb1xwK1GTHQL9OqkuoKV18Zug2,20200430,vowel-e.wav
104.21443389635752,38.45330453199527,0.0063551198783289,0.0971021584938082,14.162466696311569,572,1704,33.568075117370896,ok,,JdsUKe6JKBdfU7NZC6KeU0z2xKh1,20200430,vowel-e.wav
134.889000448676,12.667391415151856,0.0073859203582243,0.0412439928703418,25.221687150813853,254,996,25.502008032128515,ok,,hD3OkVpgQJNlJSQxLgzqXzHp4jr2,20200430,vowel-e.wav
199.74061268948583,6.839314656946575,0.0125225968126969,0.0754972760119882,24.631178577246114,394,629,62.63910969793323,ok,,DRBAZX64nuVtqBQf13gH7r36Mh52,20200430,vowel-e.wav
118.83217340643988,6.382387589373597,0.0041976916686094,0.0607517763432879,18.335339573212007,1794,2268,79.1005291005291,ok,,cV9R1idnuDfxw4jmzpA7Sj94O5J3,20200430,vowel-e.wav
135.87358486596207,35.72292143612545,0.0052945561498457,0.0829663191342153,12.588643082186117,881,1201,73.35553705245628,ok,,PlsyeCq5jHO4E70iZHfrfHSqSJu2,20200430,vowel-e.wav
297.2032397653542,145.2926214646921,0.0235960171873962,0.137367627774936,14.16869796293345,30,83,36.14457831325301,ok,,Jw7YMfwGqMX22UbHh1TTgYMTYWs1,20200430,vowel-e.wav
133.92132267267144,16.219031251046104,0.005870991014982,0.0487512982198101,22.97128245713749,593,808,73.39108910891089,ok,,xa2v8z3Yzgb9dFrq2gEZz6oS7fh1,20200430,vowel-e.wav
258.0944927366746,4.524842064059511,0.0031769196645809,0.0252786361019901,26.613740727397023,1412,1551,91.0380399742102,ok,,VOj0YLhyFhRIvXu1YYcWHVa8esT2,20200430,vowel-e.wav
101.37866887635766,3.6079312485250856,0.0250915646791533,0.0555565501720983,14.783018361787189,492,826,59.56416464891041,ok,,xwHQrG0KwjTLJvBYVtVXfHp4JAd2,20200430,vowel-e.wav
164.47849654181502,5.325055053607287,0.0177840064001802,0.0624011798225417,17.257450437420008,1065,1141,93.33917616126205,ok,,pnoznkafNcbciLGFDaDsiyKzf4W2,20200430,vowel-e.wav
196.5581327936273,6.987977214967796,0.0031139199091627,0.0298715889223711,20.19610539372798,223,356,62.640449438202246,ok,,tM8IvvHCyCXpEsx5T6egMVLj7Lu1,20200430,vowel-e.wav
127.9451087513054,2.0599330542614664,0.002081917531893,0.0136064374405794,21.497419044337,984,1095,89.86301369863014,ok,,hP0R5MMdSNThSMZ7TNLjU7sxyws1,20200430,vowel-e.wav
200.11333125866705,4.110391064046145,0.0018264017094918,0.0422619969201259,16.96925221669362,1024,1850,55.35135135135136,ok,,LuWrKc4LBRWEfrsF2sCdR7o57m12,20200502,vowel-e.wav
128.29919369166848,78.98460150324163,0.0106284194312701,0.117702564274325,7.696318515398208,432,843,51.245551601423486,ok,,0xsz0lbpsoVgfojvTNSAjv9dhBq1,20200502,vowel-e.wav
89.22691812868776,2.1653915207392767,0.0110962649278881,0.0542153264469325,11.096420968062535,862,2148,40.130353817504655,ok,,PZhCH5PyO8RD2FPFQbeCmuGB5q33,20200502,vowel-e.wav
199.108738533728,7.634869830273293,0.0051369567352619,0.0526434820191699,21.16222463592747,470,646,72.75541795665634,ok,,z5IwU11sIiMROteZ2EuuzBisNex2,20200502,vowel-e.wav
136.67867590045458,7.415696624242777,0.0024858896769795,0.0204795926620767,28.402424053946127,1389,1687,82.33550681683462,ok,,3xebjLX0tvTb7LwpMw7QiNixBln2,20200502,vowel-e.wav
144.93988494316972,28.23040740769152,0.0116962602091215,0.0899628983120676,17.68567495370304,268,723,37.06777316735823,ok,,sGG3SWYeDtd52RBt3dMM3HSv8SG3,20200502,vowel-e.wav
137.81373197008057,14.166324183737268,0.0036025800114241,0.0544647247699391,20.485084848385657,1123,1576,71.25634517766497,ok,,1i0OseJHOsa9Jn9ZfCIXmx5C4y02,20200502,vowel-e.wav
124.734754167989,3.378391605739264,0.0080074027741764,0.0586711251968985,16.38462292848598,400,621,64.4122383252818,ok,,3RBbwztykUWGLJ5UmBZoL5pqOtA3,20200502,vowel-e.wav
124.11132555251996,1.641087373319447,0.0018040852701895,0.0346551844798142,18.037427448753743,1607,2029,79.20157713159192,ok,,97sUfTwVG5Nzd1YEOxbtrXbl4hl2,20200502,vowel-e.wav
,,,,,0,0,0.0,failed,"load_failed: Audio file contains 0 samples.
Sound not read from sound file “/kaggle/working/ext_20200502/20200502/I5gTlFVoKbVFGCKxwV6QXSOdkZN2/vowel-e.wav”.",I5gTlFVoKbVFGCKxwV6QXSOdkZN2,20200502,vowel-e.wav
222.3091224630336,3.702922201381145,0.0043774310556777,0.0231901565858586,27.62470143502722,1242,1372,90.52478134110788,ok,,qDaEukMgm3YGWKR1SdJqKIaxG6Z2,20200502,vowel-e.wav
110.53551650443764,18.318005740837503,0.006916014923939,0.0385790964266701,20.71949183131103,1015,1107,91.6892502258356,ok,,BPQxhBSlypXZICqfsmZcUYBxFmz1,20200502,vowel-e.wav
135.44485560930764,7.984972168699592,0.0028476798470687,0.0186018240759901,23.72568541696192,936,1047,89.39828080229226,ok,,B6X0O4W1xyP5lMLvMIzc4fGhQSj1,20200502,vowel-e.wav
166.77255862013624,50.4104674240655,0.0045342107346965,0.0366780041700597,19.381168740107107,497,689,72.13352685050798,ok,,A9YX4pRpOyW1PuuL9YjMs0kFQI03,20200502,vowel-e.wav
133.33472940095214,10.499749726518546,0.0038450626206914,0.0339481886506254,23.813427862781108,496,621,79.87117552334944,ok,,NjLggybuDbN2vcR2Va2hyDuDwQv2,20200502,vowel-e.wav
117.12558754597644,15.271549209297255,0.0071917182513927,0.0201207631328772,17.507046765873664,456,1107,41.19241192411924,ok,,MVhuzBxevwRieaQMwOCfiyCCzUK2,20200502,vowel-e.wav
130.3780397828855,4.563795746282841,0.0033112955496201,0.0325727347511847,19.513979880808744,1162,1431,81.20195667365479,ok,,LJ7VSEWnDqb3lPknPM9Q64zjdof1,20200502,vowel-e.wav
145.38170036427465,4.492977305129058,0.0028337532615049,0.0196235496326901,29.5775709619212,887,1559,56.89544579858884,ok,,8XF2UFLn3Wd6dHHMdOlcGbQiMqb2,20200502,vowel-e.wav
108.31198131654044,10.2382388683435,0.0048561966612734,0.058879166703769,17.87935431224226,183,262,69.8473282442748,ok,,spM6cgJG4VQfYjnnTqxwx3Cg3pk1,20200502,vowel-e.wav
119.06916856027895,6.89868742233008,0.0068583828400127,0.0475095443612703,19.881636798006213,1542,1747,88.26559816828849,ok,,t7dXTi07q9Uu8jKWAkO7FvTGD9c2,20200502,vowel-e.wav
132.98865288230908,30.919038235779485,0.0104355518636261,0.1107894297756807,17.128136981331572,560,621,90.17713365539451,ok,,p892e9IyF2dZFs8eqIF1TCtxf0A3,20200502,vowel-e.wav
119.3576405588183,9.66652167398563,0.0051569867867958,0.0632222387933251,18.250694019466096,1014,1175,86.29787234042553,ok,,7a71ntGZtkQKltg52eiRPJj4cr33,20200502,vowel-e.wav
155.62998577572478,5.276805039490234,0.0016941829776357,0.0219592165810552,30.57642309774202,1051,1261,83.34655035685964,ok,,229rWq0xWbfGANPmsv6F39xhjnS2,20200502,vowel-e.wav
99.6765761407014,4.7258225624003405,0.0055102021074767,0.0443541933887271,21.637714014616265,220,1090,20.18348623853211,ok,,6BGTwwcsLoZpqSMhSzFeT2Z7Pqr2,20200502,vowel-e.wav
124.95676271396214,4.452236177449365,0.0067902021603476,0.0673628290763157,10.478556568856677,614,843,72.83511269276394,ok,,MViWQGORcQfI5lGwqT4CDXP9iHG3,20200502,vowel-e.wav
109.08880780380782,2.820362999720575,0.0035824968699927,0.0613597248879052,17.873497770040853,1595,1841,86.6376969038566,ok,,JCDtX8bUuMbQNeh7SkMjavkAgVv2,20200502,vowel-e.wav
118.09036007534604,3.5786417504215344,0.0092060629803279,0.0372235524391223,19.8121480471241,1234,1414,87.27015558698727,ok,,6EIX9NrJ1oWfURDgcOsxZ8j4z5o2,20200502,vowel-e.wav
224.15889476617463,13.980492208362843,0.0056733772799137,0.0230704475898869,19.24047068911812,773,988,78.23886639676114,ok,,FYXJ3Brvf1Wi8YdILInJ19dSiJM2,20200502,vowel-e.wav
128.11539970756718,20.42529332843421,0.0061884837502834,0.1197818292238325,13.158335237261705,554,1815,30.52341597796143,ok,,euLpkmzCb1cGb2gkZRQ6gh7hGsC3,20200502,vowel-e.wav
117.04340203407212,73.60529508282438,0.0075373996650138,0.0628673713207113,19.20377621260298,164,1210,13.553719008264462,ok,,y3xOwlrqS3QhFVHCYnzJfCN0I8F2,20200502,vowel-e.wav
,,,,,0,0,0.0,failed,"load_failed: Audio file contains 0 samples.
Sound not read from sound file “/kaggle/working/ext_20200502/20200502/FJTHLyF7sGYFJpundI1mZ28HQQ03/vowel-e.wav”.",FJTHLyF7sGYFJpundI1mZ28HQQ03,20200502,vowel-e.wav
130.7059185214966,2.5370646549465503,0.003332925343579,0.0317248057438302,19.774452679484146,548,1372,39.94169096209912,ok,,PlplsT6dnBbbDLRRXiSGU5I8Jls2,20200502,vowel-e.wav
156.23270904590828,26.116534136018416,0.012735706862205,0.0671403819687854,12.95095230945433,147,450,32.666666666666664,ok,,GpkFX9qB33ZsvFG4HWQHkOMWjFW2,20200502,vowel-e.wav
212.5786671662524,5.741785931285533,0.0144614691045357,0.0275058875969382,21.54482659009441,1022,1184,86.31756756756756,ok,,J1YTIleE4HWC6wCg1gIC1N4Hgw13,20200502,vowel-e.wav
98.28801225214666,15.967351190942034,0.0133189509742397,0.0223449149154902,17.028158036884008,412,962,42.82744282744283,ok,,jEkD1ffbScZx6wVALbrAhPz3w1S2,20200502,vowel-e.wav
125.79581560183652,29.948326159323464,0.0031936296087665,0.0307397377431374,20.143939079574377,2029,2478,81.88054882970137,ok,,2TOBsGCz6ZUYjZ1DKt3C0ae2VlZ2,20200502,vowel-e.wav
132.71552707853382,2.8431709897350386,0.0025468885474541,0.0268820678629246,23.751151752731865,255,1380,18.47826086956522,ok,,t36yqxelXtUEMy6tQJd8Bn1Kr673,20200502,vowel-e.wav
131.39855233592934,4.620050684104346,0.0034387846013646,0.0550360668434517,16.96869976873672,913,1363,66.984592809978,ok,,yUN7VBVk2wP9yT2vpgzHyVUZi5q1,20200502,vowel-e.wav
135.75908613492123,6.357278572471563,0.0043877301393176,0.0278027634169844,23.2149291689668,445,971,45.829042224510815,ok,,D2bMfCAvvSPj39z6fMToDFRh2rB3,20200502,vowel-e.wav
125.88013568525864,68.03803770631701,0.0258217952966428,0.1485587842495536,14.319067699556566,102,672,15.178571428571429,ok,,9znW0Bni1Scj62DqhsfoagP6HLI2,20200502,vowel-e.wav
139.92498128303566,10.72583368896526,0.0028889983329918,0.0344420687634663,23.078347166401453,1794,2524,71.07765451664025,ok,,ose5fZhlJWV7qalryF6Nvp3kY482,20200502,vowel-e.wav
189.2966423388848,49.51860885174973,0.0212600310062926,0.136118019019435,11.809774606816877,249,322,77.32919254658385,ok,,teOvCnrHvkhO4p7XASV9OXfL0k72,20200502,vowel-e.wav
145.16248036789423,17.36224061028799,0.0081766033131484,0.0623885504985184,12.181103212645487,468,1508,31.03448275862069,ok,,4mg0uaY0GYTtgo4hvP2APxs7zhL2,20200502,vowel-e.wav
229.23897453490005,10.35225446968349,0.004320922445948,0.0690397380449758,15.07048034116162,1295,1525,84.91803278688525,ok,,SopKRSJ4JcY36rGE8X4wRE7vPHl2,20200502,vowel-e.wav
150.9806536383425,15.227276924207418,0.0032334316835254,0.0774023006560646,15.75673565146354,215,1201,17.90174854288093,ok,,DZmX1dGK8KdmY3WYQFuCXrVWuhk2,20200502,vowel-e.wav
155.8939122985095,18.24889606612553,0.0023725010064675,0.0228212882976978,27.446737022816563,1147,1397,82.10450966356478,ok,,URgU2WswGtQp3hFNsrkdGsVxAzJ2,20200502,vowel-e.wav
136.8293419384822,6.814671436660101,0.003266257529566,0.0238437829946797,23.823789916372256,1381,1824,75.71271929824562,ok,,uiJ6vlTGUtO7akwp4VhP2142D9u1,20200502,vowel-e.wav
161.84297459232295,31.154946745834867,0.0267550379951788,0.0621219599813273,17.357441212712235,63,348,18.103448275862068,ok,,O924JvpBNRN7jHvErWkpfjqGvat1,20200502,vowel-e.wav
126.67575150422796,13.429531305697465,0.0059538071257382,0.0343512996257692,19.315424529197013,1255,1423,88.19395643007731,ok,,nWexc69oEiZ6d1YP3v2CDJBipkM2,20200502,vowel-e.wav
111.9733683671031,14.077647611096747,0.0115161069292817,0.0845491898504533,13.828099585549612,36,271,13.284132841328413,ok,,OIGeFP6iMJfFUhNsVZ3NQ6bsorx2,20200502,vowel-e.wav
93.0258320549948,3.3662463996400764,0.0129174311185279,0.0811758546215545,17.804491106131152,362,1107,32.70099367660343,ok,,us7APpurf2OG6PGiYAvqrE4fZtQ2,20200502,vowel-e.wav
151.4122446393848,77.58428478545213,0.0114273098809613,0.106204163276067,13.806165850993732,462,1525,30.295081967213115,ok,,wnYwVtKVX9f8UdFFAkWGUvN98V83,20200502,vowel-e.wav
158.0941871893982,17.034725019833797,0.0030404168488812,0.0312205384192377,21.2915300468184,2075,2225,93.25842696629212,ok,,6igAuPMTp6YCmFo4g6qp9Cj8t1k1,20200502,vowel-e.wav
132.52702270274074,24.155445691973608,0.0136045739044406,0.0421300529461217,14.186108914259304,150,237,63.29113924050633,ok,,K5SeTDLlXVQ0U5sl17KluTKEOKJ3,20200502,vowel-e.wav
134.99716656038888,2.524666987068432,0.0034739017149773,0.0495446335906656,15.202639285815131,386,663,58.22021116138763,ok,,IBjSkzn7W6WpVSw49EXPM2ME75t2,20200502,vowel-e.wav
138.85092979861278,7.587415924509766,0.0020844839871695,0.0314258603042858,24.26961896213589,793,962,82.43243243243244,ok,,LAGGMvR7ScbjwTmMYBbEBfWRcN93,20200502,vowel-e.wav
288.66770654215713,10.214160326926642,0.0020897647730185,0.0304489998857693,26.241211162698384,1980,2524,78.44690966719493,ok,,qCHWeITBZrVHGPrFEiW1C6rnjp72,20200502,vowel-e.wav
148.31607430263907,5.793343710579458,0.0045655451363825,0.033071877606011,24.4308317132098,481,663,72.54901960784314,ok,,H6bxcGub1wOdaWWZ7kyk8KYuswf1,20200502,vowel-e.wav
171.8760598799837,18.32587803367555,0.0063748168749823,0.0530661741423524,19.4351800934787,1475,1602,92.07240948813984,ok,,Hb9DrqUzdCfKOQWYs4T85y3S3Rl1,20200502,vowel-e.wav
136.62413578136287,2.7014571140238286,0.0069094792795318,0.0448038183125147,20.046663139478788,257,1278,20.1095461658842,ok,,fVL3e9RKRgN2yNKT0KMNZhbal8R2,20200502,vowel-e.wav
121.73945913338244,1.1986842296544282,0.0050033338195339,0.0761614707254659,15.689102227599678,1137,1269,89.59810874704492,ok,,ZdpBUfXPEpShEdHGVTUxULhNtn23,20200502,vowel-e.wav
213.8518353221352,11.96839842347054,0.001886821515191,0.0319941162718598,19.54228823834434,925,1020,90.68627450980392,ok,,nwXAgQmOEVRx6dZqQzc0GdmNSx22,20200502,vowel-e.wav
141.75956834429286,22.085852146179747,0.0077094142086553,0.0957514341118937,13.89212194253866,820,1747,46.93760732684602,ok,,83BZjlFTcYZWakpS3tf63fpwbQO2,20200502,vowel-e.wav
140.0697375303475,14.79497922539226,0.014034698239435,0.0987247804336945,15.120045786089042,2053,2165,94.82678983833718,ok,,y1BNWatVkKPrYY9TfvTnWjZVaJp2,20200502,vowel-e.wav
190.0347784115501,41.40054514481191,0.0065679507508369,0.0382338377391836,18.47683827176689,1098,1196,91.80602006688964,ok,,kIpoXJzNPWQXgvSIdHiJj2kBK6n1,20200502,vowel-e.wav
138.2034687035776,39.63162754139522,0.0102453625578841,0.0850569712060245,15.111649741337729,819,1406,58.25035561877667,ok,,A58ps4OZgaO0Y1E5rbeUBGJAxiW2,20200502,vowel-e.wav
156.49220131320627,34.53799307175701,0.0154300116187584,0.0501619603314298,18.73614708935436,427,638,66.92789968652038,ok,,goCuK84Tklfu22gFPPMqt1ZIjxo2,20200502,vowel-e.wav
134.29051353999114,14.268394314570054,0.0130745413870315,0.0684269333240399,21.930340210279784,106,442,23.981900452488688,ok,,Q5C7zucNKTZSpYWQBFkZaoKucwi1,20200502,vowel-e.wav
227.89322867569152,58.12918665852601,0.0895051505958799,0.1080549549048697,-0.3946542213544672,110,1278,8.60719874804382,ok,,l0PKph2FdVW5pGpo8cXFg6vj2DN2,20200502,vowel-e.wav
206.4862442768308,5.598476127075242,0.004002914017224,0.0217478277170778,27.25043954389636,145,1278,11.34585289514867,ok,,3rQH10GnP9UFC6WD8iVbwZLI75K2,20200502,vowel-e.wav
105.3630520188657,17.47864563904255,0.0234450008512054,0.0947332872964759,17.165167844634652,772,1295,59.61389961389961,ok,,M8Y156MBhmYtI8n9jopclvzzK362,20200502,vowel-e.wav
132.41042341041506,14.7966412343454,0.004635679334978,0.0355847414923158,25.26709823245508,633,1790,35.36312849162011,ok,,KnZ1QsM9c8UoOBXrbt4qassreFj1,20200502,vowel-e.wav
195.82441137092653,122.92673410761124,0.0228581904380875,0.0806056185447628,13.98922796020528,216,1406,15.362731152204836,ok,,DBRoQFTQR2dq3OQAMYmPcFsbReH2,20200502,vowel-e.wav
238.72064813154776,11.718582436237307,0.0019268746362735,0.0244378010949775,22.064011147386537,199,331,60.12084592145016,ok,,svTIg0ZpdObLgdUfB3x7aehwRHj2,20200502,vowel-e.wav
121.35922954888544,32.39169550171907,0.0270173815153826,0.127488012327682,11.75624410717581,111,433,25.635103926097,ok,,EAj5X2nQbNhAzPOqXj28BgI9Wpp2,20200502,vowel-e.wav
135.94228239955487,30.92886688086501,0.0143026350669116,0.0485866167880472,17.82287372922153,497,723,68.74135546334716,ok,,CStOCq03YfgBopyDsibRbZlahm13,20200502,vowel-e.wav
152.69673075250049,42.66338161493475,0.0094179875643099,0.0505853508030728,17.36677868086788,440,2993,14.700968927497494,ok,,JecvGmjPyEVl7y6fupTTp6QZvoJ2,20200502,vowel-e.wav
133.29965446316567,6.682282073110153,0.0387634291286606,0.2075451933504987,9.496661846442777,2255,2998,75.21681120747165,ok,,1BVg9qHEPjhmnnl7CHMSkZRCHiR2,20200502,vowel-e.wav
171.8860541003593,10.359502701062054,0.002232303610052,0.0431339653250227,18.95592120379556,828,992,83.46774193548387,ok,,RrdJGUs5gtbagFUqPyOzF19r9Sv1,20200502,vowel-e.wav
121.8127554106488,35.39079835111191,0.0037043565448839,0.0530833136000589,15.786766171136309,2075,2218,93.55275022542833,ok,,oA6gLaXH6KeSjWF46cAtISLp79z1,20200502,vowel-e.wav
112.2158607881207,3.8517012224958846,0.0077968640649601,0.0443473122232663,16.803982214258205,2521,2754,91.53957879448076,ok,,z1SsPGv63YeNLOjgDUTa2kEG1wY2,20200502,vowel-e.wav
124.1377922576407,12.792812546393131,0.0062217115279759,0.0483908240678773,21.619555894998847,451,1235,36.51821862348178,ok,,60JfHHIcNZUf9lCy68R1Cgl69ZN2,20200502,vowel-e.wav
123.83389832605948,6.2211979650430855,0.0096715950530609,0.0511971878366391,18.99465591844634,103,902,11.419068736141908,ok,,DeMaRSg6lVO7oA6v9HK3mbWjr3r2,20200502,vowel-e.wav
131.20669235631422,9.404328380843118,0.0035474243154497,0.0572687298902248,18.85856599018869,891,1303,68.38066001534919,ok,,s4cWXeTXzEagPfbizekEnRnDh4p1,20200502,vowel-e.wav
223.8163351012224,36.85983475228373,0.0409445579407045,0.1830942013913726,12.00905157265803,174,988,17.611336032388664,ok,,796K27lWKTfniw99yaqsYIvPrvi1,20200502,vowel-e.wav
125.78776370772964,8.49723642242023,0.0102829305896235,0.0516836274881144,22.0474918042445,792,894,88.59060402684564,ok,,eNTXqhPqTser8AI98QMVcwQpV5p1,20200502,vowel-e.wav
126.3691703700836,3.3235061365899963,0.0060309804471523,0.027549807014943,16.980676615440537,634,749,84.64619492656875,ok,,4wRQbTA56AgZ27o7Yq6oVWUzR7A3,20200502,vowel-e.wav
190.34705987463784,70.5458836526014,0.0152692647173288,0.0604277516425214,18.400398443870507,226,373,60.58981233243968,ok,,ZHsY7y4Y8JOoafrQpOKJEr6gORq2,20200502,vowel-e.wav
232.0102324906484,77.61053885986404,0.0016641245342717,0.0433260197482779,21.26095326091843,836,1286,65.00777604976672,ok,,D246kD9hgaasRxrRMzEaQSkft032,20200502,vowel-e.wav
139.82875205637887,7.973150294636229,0.0038681383957355,0.0279803127476343,23.899375215475104,801,962,83.26403326403326,ok,,xf8WMloFOzegmJfwltZVuSQHTyA2,20200502,vowel-e.wav
149.8433971752891,39.2515752244367,0.0130584465496084,0.0318900652710109,24.576286348920323,648,902,71.84035476718404,ok,,oOAokpgIGldpKKlBoPfcyOoycf23,20200502,vowel-e.wav
117.57320492388168,3.4384286619170914,0.0027424288792866,0.030584120653276,23.73161109379754,1029,1380,74.56521739130434,ok,,q3DEiVNvlkNAGJq8LoHEb1TVPao1,20200502,vowel-e.wav
102.8245489535602,2.8963918934228534,0.0034288469328363,0.0464195503842405,21.63396152512537,1235,2993,41.2629468760441,ok,,Tg9azT9vyfe95C5l2z8hwHEc1p73,20200502,vowel-e.wav
105.63110904271916,3.251942104014893,0.0069650330806061,0.0955995986030865,14.459396497303151,874,1013,86.27838104639685,ok,,xSNAaXDQn7NXL8xgSb4ix26X1R93,20200502,vowel-e.wav
133.6547977304398,17.464487559425905,0.0039037817188855,0.0307351967418352,25.794803626923336,245,2635,9.297912713472488,ok,,d2Z7BHOMYlaJlksH8MiGJ9wKlBX2,20200502,vowel-e.wav
174.0998717507032,23.00188595771773,0.0054885939418911,0.043209009025392,25.54114545897193,414,1875,22.08,ok,,ypvsQ6trNDhlWTd8A5vXrRCC8mg1,20200502,vowel-e.wav
156.30568775278363,48.04599232620756,0.0265094820308343,0.1005300086067197,8.954337983839814,37,169,21.89349112426036,ok,,1oiS7CTfV2NXbNqmYiQ9rs5toFS2,20200502,vowel-e.wav
151.45643912872077,21.14930327354341,0.0036754645639698,0.0272838172152673,22.2629714570788,1597,1828,87.36323851203501,ok,,X2oy68UUgdNd97dpzW1ZubPZVIC2,20200502,vowel-e.wav
142.1237112122382,45.99807449344316,0.0150358359151341,0.0905049403573731,13.879121916939782,575,806,71.33995037220843,ok,,dGnCoUaAVqQqp1p7Kr74K87Hm2D2,20200502,vowel-e.wav
131.3972492616223,47.23378298306584,0.0206723187229274,0.054506984162995,11.537725559575872,71,322,22.049689440993788,ok,,8Ngu7IThNzTVZLqXDCm2BkMBSLl1,20200502,vowel-e.wav
189.2920573020945,4.279941266628099,0.0022214534357776,0.0690755282503148,14.192875737421398,402,450,89.33333333333333,ok,,20jWH9MjwmbBKFjhi7KkMYZn9bk1,20200502,vowel-e.wav
128.65043220338748,6.166213336581043,0.0041723688078203,0.0336884596804162,21.60916443269512,2001,2114,94.65468306527907,ok,,USIcgb7j6ofzFTvbjQVofvgJOoD2,20200502,vowel-e.wav
136.3167110538784,20.734124218495648,0.003557488608525,0.0353074594115728,23.90940171396721,1380,1815,76.03305785123968,ok,,gr6bSWC4ScN21fpbwxCXpwgFE2X2,20200502,vowel-e.wav
139.10777891504628,31.8890031077716,0.0092718527560302,0.0510426671521534,22.16640516684029,639,1133,56.39894086496028,ok,,hmLJe6Uy39bPc0Mn0VSF4x3TqWp2,20200502,vowel-e.wav
121.4178660754902,4.556877790542973,0.008740863755901,0.1479253173198173,8.816812032357202,262,1022,25.63600782778865,ok,,cLXikKTj0Hghh6qnvuvfKaqaGFw2,20200502,vowel-e.wav
200.07903754812008,40.51066790878362,0.0180479017167423,0.0878665473028766,13.39343563354496,1787,2276,78.51493848857645,ok,,Gcs79sztbbauDn62MJa2xq2jrqT2,20200502,vowel-e.wav
133.87467458117237,11.41819497486491,0.0068987854611243,0.036726933743053,25.06617042193677,714,817,87.39290085679315,ok,,kgtFoIOecEZqthRZTYMaYb4zjQy2,20200502,vowel-e.wav
96.26592119915344,7.498691355221479,0.0051872651489543,0.0325101324343651,21.73740585307127,1453,1645,88.32826747720365,ok,,xwD2G8sZ9lbeSznnXmdsgrX35473,20200502,vowel-e.wav
,,,,,0,0,0.0,failed,"load_failed: Audio file contains 0 samples.
Sound not read from sound file “/kaggle/working/ext_20200502/20200502/mNcNjQMsv8aZXFGuguWbLdmkOQk2/vowel-e.wav”.",mNcNjQMsv8aZXFGuguWbLdmkOQk2,20200502,vowel-e.wav
275.9059124412726,7.31884611626589,0.0030351168354866,0.0274546543405869,29.8115936883068,141,407,34.643734643734646,ok,,TfuCgDdguMVRpKIAXs2kINT1Yxx1,20200502,vowel-e.wav
135.49467145038057,2.409977634510156,0.0019922822980039,0.0688020546754114,15.43179707319543,2059,2985,68.9782244556114,ok,,y2ceQRvov6OusKPKa7okrqRHkLo2,20200502,vowel-e.wav
223.38993489765727,29.09462526931534,0.0060555963209994,0.0627196010892806,20.170235609373936,2048,2208,92.7536231884058,ok,,F6QzdFvGdwarlCWLBfsrGJ5Vgci1,20200502,vowel-e.wav
209.64217301002287,61.66381746416757,0.0038306664100286,0.0527011949213921,20.894761004520177,549,2993,18.342799866354827,ok,,iwgKSGOJCSXNupqJWO2JeuT3Omf2,20200502,vowel-e.wav
206.29027579886576,27.37614497093172,0.0051353602120504,0.0291759205753355,25.63973916847711,855,1073,79.68313140726934,ok,,p5vVbB3dnSSw6SBYjsgsi1Hv4Eu1,20200502,vowel-e.wav
106.11756184543574,1.597343534048138,0.0024741349806511,0.0252477679467151,18.183567252967823,1116,1184,94.25675675675676,ok,,nPnKdupHeJQ46bqslx7STREbkXt2,20200502,vowel-e.wav
235.877250051928,106.68064350574048,0.0236316882466901,0.1611191705719071,10.994137313354894,806,1389,58.02735781137509,ok,,DsEh7p2DEgWLuhbSTrqgQnTJJjC2,20200502,vowel-e.wav
134.939247024534,2.315813696119219,0.0031273105956751,0.0243008117812132,27.552634131472484,943,1389,67.89056875449964,ok,,UKeaEFOLZbT7lMl0qZr3uGPO4wK2,20200502,vowel-e.wav
176.53106565904008,51.04319276805999,0.0071703545982036,0.0493279197845076,20.105333709201425,1412,1619,87.2143298332304,ok,,jU6lNbGSe4TXBJdMhRoUCRnAWsT2,20200502,vowel-e.wav
154.60117557801138,40.378244415667936,0.0018983986200605,0.0257119243150437,18.87732022013289,1693,1800,94.05555555555556,ok,,sWcxNpUjPcbEfjNw7RouuKrSMyx2,20200502,vowel-e.wav
277.19595210492383,7.818510859421441,0.0029096898777241,0.0351711366482624,28.26830208723436,220,1764,12.471655328798184,ok,,dmE3r0LE6Yg9qmCd7aubpgug9te2,20200502,vowel-e.wav
97.12977427248843,21.469605189859507,0.0117430608201475,0.0570276853573733,18.80431715982092,1120,1568,71.42857142857143,ok,,igcBoCJELsfzituxLn61lJybxgD2,20200502,vowel-e.wav
176.02979596920355,39.77528060952398,0.001705481932033,0.0382452110313812,21.6820415714716,1622,2023,80.17795353435491,ok,,Ed1ZsgwOyYcEnpPXOXKPQd1QaS62,20200502,vowel-e.wav
185.98872887369623,9.862152921400394,0.0045783735144571,0.0314764580290926,27.087105643017534,1446,1960,73.77551020408163,ok,,6fqe8i160qM5rtC4uHrlu3MZXe32,20200502,vowel-e.wav
137.01842540029844,2.3009513993012347,0.0019156082707177,0.0199338416441721,24.39577989680614,1444,2694,53.60059391239792,ok,,1gKYFXop8UQtz5vrzrbVcnjX0Vi1,20200502,vowel-e.wav
126.02296630100864,5.617606168871593,0.0024477017146235,0.0361238051171103,23.342967464290705,774,1141,67.83523225241017,ok,,nXZU2OEKmtPSXhbaHZAKb3snrJt2,20200502,vowel-e.wav
135.30682378469,1.798260886929158,0.0020397938848766,0.0451314181426891,24.793812462506867,847,894,94.74272930648767,ok,,IP6mdjKfmKNgsLLT110MkgGvWK02,20200502,vowel-e.wav
115.42079793936604,7.719399443530049,0.0042730973345873,0.0315107667992502,21.482133778209544,445,638,69.74921630094043,ok,,jOUwCxF1qygGp8DqIt0zMiueXXj1,20200502,vowel-e.wav
122.86486582032566,18.331235086041705,0.0069542574788839,0.0461775343244245,22.080320312133523,781,2950,26.47457627118644,ok,,bk1oHM5vebe9ZNtgyRq54UVOIQR2,20200502,vowel-e.wav
136.78570101809098,66.13042147325214,0.0115335761815612,0.0999572509512871,15.805221327890996,1740,2003,86.86969545681478,ok,,ykpL1HVINBYQdqFtTk9IPAtC2FG3,20200502,vowel-e.wav
139.71393975423985,19.497311919658348,0.0074970332435008,0.0703582721290235,18.975314213567145,1893,2140,88.45794392523365,ok,,aBhVajwUynU2XvqHDXl7EA9bVNm1,20200502,vowel-e.wav
125.9331800497802,3.5896199032086766,0.0023044215177793,0.0340602736349763,22.96000592551005,1109,1704,65.08215962441315,ok,,EAqrht1aIXZSoBIuuULWnWTjwQr2,20200502,vowel-e.wav
144.50289472591433,2.0719603109430715,0.0018302098300975,0.0274408004433591,25.127992015416577,360,894,40.26845637583892,ok,,kDI4V7d7CNOZp3DwAK825tYAzsw2,20200502,vowel-e.wav
180.5401771655508,3.5453679684266275,0.0097090776909996,0.1001412343331675,21.13545670250616,2173,2421,89.75629904997935,ok,,WrM6hLW3fGbGgwpWSZT9HOSU7CC3,20200502,vowel-e.wav
287.49994608703247,4.99711140643922,0.0012493321523545,0.0245539289762825,24.247083181973363,362,1312,27.591463414634145,ok,,wgHmm8HnFkZXb1MypYI0nym1zz13,20200502,vowel-e.wav
208.9260823579721,5.157687753034081,0.0025869157812776,0.043444832857125,20.09526100046052,1458,1551,94.00386847195358,ok,,K0LmigcBKlRdTAlrCyfmBJaQJwk1,20200502,vowel-e.wav
132.47060046316034,56.69118647194603,0.0192041930530027,0.1577774685818726,7.933554346892529,620,1039,59.672762271414825,ok,,IbHJbk0Rz4QkL9zRJzb28SEDxJj1,20200502,vowel-e.wav
268.0224186665143,11.951499650668204,0.0021977852955044,0.0349043826481274,27.73200347193072,1034,1474,70.14925373134328,ok,,gjF0L8phdmPxc9az1muox66bQD93,20200502,vowel-e.wav
152.22422678806396,22.345679877208728,0.0045532014203037,0.0283688005860424,24.23211901856116,872,1082,80.59149722735674,ok,,p5ZEeEq5AgbI7KMhSP9HTCXTDQ62,20200502,vowel-e.wav
177.177216982995,80.67873000732509,0.0087603787977127,0.0547922218502253,22.82977495703986,270,1372,19.67930029154519,ok,,T6a1ltY6OiOg38ChVI4URNFmGe23,20200502,vowel-e.wav
128.18501464695996,13.241830240734892,0.0057989188738511,0.0478843022260234,22.92812431835432,2799,2976,94.0524193548387,ok,,IIKtjdSBHDUkAzLMBs6n3SLbR8Y2,20200502,vowel-e.wav
191.7110978207394,14.327307840608404,0.0041968486011503,0.0454636571149975,18.091021799439325,257,484,53.099173553719005,ok,,34FItWuiLofMlaG1BmqHWVgHelh2,20200502,vowel-e.wav
103.43053692779382,29.11466963656837,0.0330099126329824,0.1010383979449808,11.96880846916059,675,1005,67.16417910447761,ok,,RN1h8pdpLkMEdRKNVZvFJZqWfGD2,20200502,vowel-e.wav
244.59471787356176,12.514722268835518,0.0033712023467591,0.0240249452389183,27.08666604824821,735,852,86.26760563380282,ok,,3VCMGx9M1tTUiEcjERCBG6iC1Ko1,20200502,vowel-e.wav
182.75987595944497,14.41447085206054,0.0025691599891278,0.0223088417984162,26.355393594473288,408,1457,28.002745367192865,ok,,lkIyl8ZSqIVKiLcfXF6cez7i4o13,20200502,vowel-e.wav
214.5798043392174,92.96242855002944,0.0533213642854829,0.1845951970939332,9.888759265609448,257,535,48.03738317757009,ok,,TmtSpBMTFzSu3z7HHtir7UqUNbl2,20200502,vowel-e.wav
142.753490968667,4.624347559318425,0.0040497360434893,0.0259631935048223,21.797495786129605,1113,1278,87.08920187793427,ok,,BMhTCbqVnHNePVbFulnWNu6ZSUg2,20200502,vowel-e.wav
142.16599177684128,3.038030491908956,0.0040353675825756,0.0313140592670601,22.234177959856343,483,1628,29.668304668304668,ok,,z7RqPeGUQ4X8rxD6ftMf9i4ZE3w2,20200502,vowel-e.wav
222.10321443094392,66.70879830664965,0.0427359439159142,0.1547259867460249,13.947434819020089,680,1542,44.09857328145266,ok,,nK2YpVS3PYX059aMmDbfR6UtBA03,20200502,vowel-e.wav
135.20112239405623,37.37190462160383,0.008207324583478,0.0724386936441713,17.046496560350427,669,1175,56.93617021276596,ok,,qqMKI7lvNFO8aQqGkWs0lvww3zJ2,20200502,vowel-e.wav
,,,,,0,0,0.0,failed,"load_failed: Audio file contains 0 samples.
Sound not read from sound file “/kaggle/working/ext_20200502/20200502/VxQekDvwa3N5B2FqB4FlQ5jBjTp2/vowel-e.wav”.",VxQekDvwa3N5B2FqB4FlQ5jBjTp2,20200502,vowel-e.wav
109.47092964411917,9.602539857938412,0.0043470553716336,0.0401671173781877,24.17836552413917,365,578,63.14878892733564,ok,,k3vGUBt8qVOWHcF2xQB5YYIhGEX2,20200502,vowel-e.wav
91.59050412355865,26.522740567092896,0.0372304766254539,0.1630454037061076,9.235782197796496,284,681,41.70337738619677,ok,,2JEOCn5AtuQh5Skzhzf5ASuIC9z1,20200502,vowel-e.wav
114.47258088679745,4.256568385256038,0.025695574510862,0.0445362328797941,14.818153898299103,1445,1594,90.65244667503136,ok,,p2aSmxkCu5fzI6FfIGwYEMYEChl2,20200502,vowel-e.wav
175.66795421804966,81.83359054502903,0.0255952675778383,0.119792983345096,10.43933489322027,300,911,32.93084522502744,ok,,gyh4z7KnY9eBGjNzBmKh5CeJyKA2,20200502,vowel-e.wav
104.5018812501674,6.247259751514175,0.0148872843886787,0.0564575781559449,14.721381189838054,1856,2268,81.8342151675485,ok,,Yk18VcaTrIZ58BIGGgfGRvrf19b2,20200502,vowel-e.wav
115.65661569393455,5.084821275322817,0.0033947060162053,0.0789367219713026,16.028792797155532,889,2012,44.184890656063615,ok,,EVWPvD070lhgBsNRXIJ0TsQj3iz2,20200504,vowel-e.wav
266.5994878218378,21.474253741456447,0.0050081787915255,0.0551775551152628,16.237919041958403,1013,1530,66.20915032679738,ok,,NZ7eJVaMFDMMhpOKZ1ztgkr3fVO2,20200504,vowel-e.wav
187.0956239358008,21.110861778601425,0.0410705313870983,0.1845447644285552,7.94763041440995,67,612,10.947712418300654,ok,,pUOk49eAwAcbHBwdL3OldmF1iHd2,20200504,vowel-e.wav
247.9378371012093,15.900133635689224,0.0052823621979079,0.0533643393558684,23.80079046686099,245,1594,15.370138017565871,ok,,HLrE1Z2wnQSraudLRqiWgR154rA3,20200504,vowel-e.wav
120.40818530262342,17.31157066773381,0.0042368782747387,0.0402829130590697,19.239674859004506,436,1167,37.36075407026564,ok,,Qxsv89ELtlUniEBfEvmDldEdZBy2,20200504,vowel-e.wav
137.14043688464074,10.423998446912572,0.0040638016145419,0.037008760325291,21.56988801186697,327,1534,21.31681877444589,ok,,vtgAUePTOhhqlyo7DiNxlnghA6h1,20200504,vowel-e.wav
137.83794928879146,18.34255827821664,0.0066236552412247,0.052077646717991,14.633719139499815,1515,1790,84.63687150837988,ok,,imJHn5lm2kNb8LxmSeTGBtm5vAn2,20200504,vowel-e.wav
160.76199411487903,32.619201021120226,0.0187151828284955,0.0931667139287286,19.71978525499285,441,843,52.31316725978648,ok,,8jj80VIjJDhstlysp9ak8kFJwex1,20200504,vowel-e.wav
252.47501398163573,3.1520536609860024,0.0019917828356744,0.013434685371293,25.63829552057117,717,766,93.60313315926894,ok,,EBJVTXGpKucYUqz7evI887oS1162,20200504,vowel-e.wav
136.71239055434089,5.885717403804313,0.0113236321463827,0.0465666298262841,19.18927532462028,954,1057,90.2554399243141,ok,,IVQDOUP0a8cwMvCkp1TnZ1FI88Z2,20200504,vowel-e.wav
122.06321998420272,24.78509442795308,0.0071062608343994,0.037997839795209,21.986810880389,1160,1448,80.11049723756906,ok,,OK2CZltrvfZbpTWB75LWMFqxfpM2,20200504,vowel-e.wav
271.91900884746985,11.176286629136149,0.0623745363105346,0.2114541991609894,6.86629177373579,30,262,11.450381679389311,ok,,lRTZkLVfotSCNqqchfmOZo4Zc1o2,20200504,vowel-e.wav
126.92100486871954,2.933893579254211,0.001816758157991,0.0234230753873125,26.82054152418052,1620,1756,92.25512528473804,ok,,8PtpwfiaGpMFqciQAnNjDnnbvjw2,20200504,vowel-e.wav
266.6098309358332,53.36511560200528,0.0129659788353663,0.0929808495591148,11.740735976741098,429,1623,26.432532347504623,ok,,GjdjAvKrnbRRRX1KbioknjMVLNx2,20200504,vowel-e.wav
135.15265266312065,31.55839730029977,0.0095180566752609,0.0873390356883455,17.007973123304218,73,800,9.125,ok,,t2pbxfq394a4oOVoHrwbiUFV85G2,20200504,vowel-e.wav
156.71752627152824,41.93643270693016,0.0099732175510101,0.1043589792228187,14.356007960889102,682,826,82.56658595641646,ok,,VWfBoslFF1fFUnApuT6svVPDbi52,20200504,vowel-e.wav
130.0728186413933,2.013476045425921,0.0034667191392833,0.0272931865537521,16.681032082435458,830,1670,49.70059880239521,ok,,itvtyBYukyL63vESDviOtQzwGit1,20200504,vowel-e.wav
109.2019522721153,18.0123020959684,0.0057474795727851,0.0824085537816023,18.163549559902645,668,1005,66.46766169154229,ok,,gGuUN1zRpINudd2X5CgQvDfJY0E2,20200504,vowel-e.wav
231.77952617269983,93.82812942743676,0.0375568884836356,0.1135187724854349,10.43648476597635,86,553,15.551537070524413,ok,,hte8VptUoGVFEqvHpbh5brgfcNP2,20200504,vowel-e.wav
132.82323405647762,3.031946255305368,0.0085400553959988,0.0531062545091948,19.56069992225801,878,1355,64.79704797047971,ok,,Ml6JGK0BGDYiU7CulDVQnD065BI3,20200504,vowel-e.wav
110.7003729021526,14.849314310428142,0.0219443976348057,0.1536360935364466,10.400105394528415,609,936,65.06410256410257,ok,,2csA9O1LIDQd55vbgSb3Nbva2UE3,20200504,vowel-e.wav
239.0841538159152,8.973124927251785,0.0031571098503391,0.0268852798733282,24.14974911846894,1038,1466,70.80491132332878,ok,,8UDw6kiGKhgchuwIhHR3o2npPk92,20200504,vowel-e.wav
160.65688900978182,63.43412314313241,0.0101160063347865,0.0475421208205182,15.381134425496109,346,800,43.25,ok,,exj2e14KykUjLNwbOGgOgFieo8a2,20200504,vowel-e.wav
229.61644179496795,43.65563651793302,0.0045697365165973,0.0618810669821055,13.221157380706686,1466,1764,83.10657596371883,ok,,Fsy78EiP9pOaFmMc6VjdI30SMvV2,20200504,vowel-e.wav
137.10044539984463,2.99942522185522,0.0043629339716597,0.0509210525735203,17.30248340798435,977,1400,69.78571428571429,ok,,SQb3JATyGKUZvdfaoVEBhhB2d752,20200504,vowel-e.wav
194.7841932927219,6.652173842619033,0.002861785865241,0.0172795158270534,27.49957846721253,296,860,34.41860465116279,ok,,Akn9RWpa1hMNtsrYVHGlBsmHkAB2,20200504,vowel-e.wav
155.7356520849048,29.9714645450652,0.0050663250014163,0.1089359980557332,17.48098197646193,607,1090,55.68807339449541,ok,,dwCHWFYULRfluqFV2B10a2aUavI3,20200504,vowel-e.wav
94.28421052566372,50.99500815201903,0.0182193225173251,0.1131056075246551,11.770503286017275,509,1303,39.06369915579432,ok,,TQx9HF2p3pXksgf5YNrpQSh81qu1,20200504,vowel-e.wav
135.67290622461894,29.03646607782972,0.0043843717926009,0.0514934539625855,18.437102266764327,600,791,75.85335018963337,ok,,DINJ1hI4xpQ0fcf7TsZN4pjXrol2,20200504,vowel-e.wav
164.18908593985265,9.636838450069485,0.0069812570660442,0.037729039166697,20.71102637616417,1128,1363,82.75862068965517,ok,,7Z834FePKIhCrPJPjkOE69XeNcm1,20200504,vowel-e.wav
123.96904069798124,2.992883554239305,0.0082432666382109,0.0855355372833068,15.181964770255918,390,1466,26.60300136425648,ok,,F349Of1rExaZ82Od6sp2jEzInKj1,20200504,vowel-e.wav
118.37629415324712,17.8917765790095,0.0094270081685716,0.0777372063048265,20.210875977440192,807,936,86.21794871794872,ok,,1fMS9159tNOgEbgTXBoUpBXQUIr1,20200504,vowel-e.wav
118.15917545101044,25.932080035412348,0.0105236189050596,0.0404304374994872,15.281603167086471,142,296,47.972972972972975,ok,,eW3UMx8SACOoZft0ZOLZUIVaTFb2,20200504,vowel-e.wav
142.25550825396763,3.659778395889565,0.0185472738571674,0.0534291632768336,14.260163130440516,809,1141,70.90271691498685,ok,,oT3KtPYs2CSp3MKgmhGPbuK9QIp2,20200504,vowel-e.wav
134.01277890955726,18.38686619117072,0.0252086377449676,0.1137958630800986,17.043146740489355,403,1039,38.78729547641964,ok,,ohWVIlRU80fBUC72G7JxfjOJeND2,20200504,vowel-e.wav
130.456589772539,6.649717808530943,0.0194814962291495,0.131861009337469,8.99099284782164,599,800,74.875,ok,,uSboUuoU77ZRC3vwywgE8XqvzQu1,20200504,vowel-e.wav
203.5246237943455,39.539022463331634,0.0021100857026931,0.0182193207356112,24.774773986413305,1562,1662,93.98315282791818,ok,,gdMY0DOvz8QrFltj0X4Ez0PpsHS2,20200504,vowel-e.wav
143.768911258463,46.9124686005792,0.0071152259742338,0.0438643099139115,26.75565448336632,109,954,11.425576519916143,ok,,sEXwP0TZ79eEEbNZR1KRl3nLvN22,20200504,vowel-e.wav
136.11087313210555,5.797316924720417,0.004154491638806,0.0349185763365243,21.87645795938096,802,1073,74.74370922646784,ok,,K8QeHIukfghK4kOQx8LnffbLWP12,20200504,vowel-e.wav
272.2817136219666,3.137300017096657,0.0034969692673502,0.024484568979264,-0.9776865595321445,134,1619,8.276714021000618,ok,,LBNOC0NrwANadd7m4SVO9cT0dyH2,20200504,vowel-e.wav
174.10086583376722,12.923823611269556,0.0056589942707744,0.0381522943362598,25.036286098840822,658,971,67.76519052523172,ok,,6OVT42wvVggUA7rkEuziRRtNNuo2,20200504,vowel-e.wav
141.1646859360789,8.927948327816088,0.0081856969874431,0.1063527547396153,13.5443702074033,724,945,76.6137566137566,ok,,ARnHOwUIKyfpC9ryG6AqrTcksmq1,20200504,vowel-e.wav
224.62195479947195,21.60715063144028,0.0105669907404594,0.145863833563477,14.307787073388718,1120,1312,85.36585365853658,ok,,gdt5iG6NWAWoK1edYqNFXUuZXQS2,20200504,vowel-e.wav
112.81296814949,8.610373400524368,0.0049855409885397,0.0355445017327994,21.098577302935496,249,2276,10.9402460456942,ok,,PzAQz6zDDcPbdSePDK02jGd4Rm42,20200504,vowel-e.wav
122.40035509755155,5.69244717578837,0.0147721160612587,0.1054661541175849,7.474764588413846,95,373,25.469168900804288,ok,,0EAAFsDWfTcrhktHy78LS6nf19G3,20200504,vowel-e.wav
212.1816672175824,2.630732845545818,0.0028450598033396,0.0255288929412838,25.66187857126212,380,1167,32.56212510711225,ok,,uzZEBGlFZ5c1dY39rmcphVB0s1q2,20200504,vowel-e.wav
205.622238419308,51.08307333635481,0.0094851177831691,0.121505296657275,17.060286149519726,928,1090,85.13761467889908,ok,,ki8Scyp1FRUOGvhgpjYjYFgx0gp1,20200504,vowel-e.wav
147.42739190205177,4.5088600634700775,0.0015831008262011,0.0332706799324483,19.719690407948534,582,1653,35.208711433756804,ok,,LShW1854ahW9IMubCKJH9L3Kdxh2,20200504,vowel-e.wav
112.24003377557366,5.211814286955877,0.0042379513431359,0.0341690794986669,19.062474638282787,270,578,46.71280276816609,ok,,DQbyjZoEh1chrWRqOkPrUsxvqpv2,20200504,vowel-e.wav
185.0522626303196,9.1374460129652,0.0053007721363445,0.0583501993673893,21.0384028344472,385,1039,37.0548604427334,ok,,jLxswjEWjZQh3Wg6Dzu5VCoPhG92,20200504,vowel-e.wav
238.5337278039568,23.14830990632828,0.0065799660719223,0.0182007139011686,30.16061945410378,641,996,64.35742971887551,ok,,tmguPZG0j4X5PktnGJyOYxVGtqW2,20200504,vowel-e.wav
134.90588496893608,9.118384025829224,0.0035087293202467,0.0415211222829632,17.94895999287762,791,860,91.97674418604652,ok,,sjRWRFsE64R2o0ZFdGJe8PlWwlM2,20200504,vowel-e.wav
271.1042320623894,4.492338012104595,0.0053768074548172,0.020056057110115,31.98085280026092,738,1389,53.1317494600432,ok,,qf3n0FsFJkfsUbOFngrrxDd5x7m1,20200504,vowel-e.wav
103.8548085123652,5.21110830674818,0.0097188860434616,0.0252811968780518,22.49352503108132,1063,1269,83.76674546887313,ok,,UJqJesZ2UHZm7YnsQZkzNzXdoFC2,20200504,vowel-e.wav
132.12213988415016,42.1714317976291,0.0083374452787388,0.0586248129995825,15.829454504151393,198,1440,13.75,ok,,EiXN9D41sOZRBpHVHCLq3QUpKrq1,20200504,vowel-e.wav
117.27832392476788,16.485329848288536,0.0335293024254378,0.1706592728017776,10.59056486388366,52,203,25.61576354679803,ok,,vwqgm68Z4gZ9T5Ry9T4u8tYsJxn2,20200504,vowel-e.wav
174.61036007925267,19.09382757566425,0.0057581818045319,0.0440831921781198,19.053921168793178,1039,1321,78.65253595760787,ok,,HSgMHc61GdN0PC5BSzR6X96yzZw2,20200504,vowel-e.wav
291.4362122866592,4.465195725177834,0.0021774220075901,0.017617250320888,30.15074357994905,385,774,49.74160206718346,ok,,9CjIhgGiWqP4wrhOximVkQgE8tq2,20200504,vowel-e.wav
206.12964830518152,15.235301444555263,0.0177212542883722,0.0837429074749736,18.926966609716715,173,399,43.35839598997494,ok,,5FC78ahXNGa1Mc8A3X0Bfj5sHIJ2,20200504,vowel-e.wav
173.3679207606854,88.2666643964182,0.0076484769516183,0.0754880822908625,15.884063738991983,733,1576,46.51015228426396,ok,,4kBWmFxHZVReUAO5oltW8mWLvSB2,20200504,vowel-e.wav
140.02097826995336,10.12049199883433,0.0034843054884627,0.1113831947933414,11.65567194165578,167,1184,14.10472972972973,ok,,TPrDC0bAYpdmhKxfDzCivJnfpKP2,20200504,vowel-e.wav
203.21465853850103,118.43794857515692,0.0210789706526292,0.1682039670761532,9.57881272905172,762,1502,50.7323568575233,ok,,DTvGOScaAzWfSBXf8B8uF916AKP2,20200504,vowel-e.wav
117.94182484378834,7.422653940183568,0.0149570498838477,0.1187907965075902,11.430924748558192,1347,1585,84.98422712933754,ok,,NxnNleTNUYaE2lndP2HIlGUbimy1,20200504,vowel-e.wav
121.06988645097252,1.8539109819791528,0.0036475656897763,0.0363377174948078,20.81245239230275,1179,1312,89.86280487804878,ok,,LC266EVhXoa7KP4o3naQ6oZczml1,20200504,vowel-e.wav
124.2292218402186,2.413371876624536,0.0034010163492176,0.0407064868675614,17.89752448693845,398,1423,27.969079409697823,ok,,qpCGgfO05mWt67NzsFBKWJ5ZF1U2,20200504,vowel-e.wav
111.0497711466546,3.619104507716955,0.0038955591547339,0.136969445694982,9.702232078298172,245,1867,13.122656668452064,ok,,sh8x9M4ZeXXllQvCiFENINxFf9h1,20200504,vowel-e.wav
307.69027418769,35.22143968548417,0.0100137785940457,0.044254250016468,26.555147587617284,1381,1986,69.53675730110776,ok,,Ou2g3o2wWgXZuyjlZr8ZABItDYx1,20200504,vowel-e.wav
166.873263118867,62.45790736204984,0.0101831863541815,0.1228692183249704,14.093376548806422,1304,1833,71.14020731042008,ok,,PR1ZyxKH1MVEQjjCaRsghm8DrEf1,20200504,vowel-e.wav
134.2870965933083,4.04673334604853,0.0034765537390565,0.0209188651620572,24.445160796022435,1085,1372,79.08163265306122,ok,,gWIawRTh97MMSACF9Mq9braP8s12,20200504,vowel-e.wav
163.5197747022704,25.875050109598245,0.0346187332778218,0.141741352765172,5.819798992248195,43,296,14.527027027027026,ok,,an56VxZWQ5RKFCHxW3Y0NquAEcA3,20200504,vowel-e.wav
207.25690193829885,3.2858181161147173,0.0021162376261255,0.0286248931354851,19.679558701853686,442,791,55.878634639696585,ok,,zhSebSRltXd69mGoGRVeYZ5eQ3l1,20200504,vowel-e.wav
126.62168827994326,2.2122337440387025,0.0036479441485828,0.0408901718286131,23.117781824233298,486,885,54.91525423728814,ok,,7Xzlu6oIWGc0odCvFMQkr612jVr1,20200504,vowel-e.wav
120.14732075735331,3.96268916022449,0.0229758719422187,0.148961695390603,9.307039142941113,6,570,1.0526315789473684,ok,,kus7obTENSPvUNbwD2yi6vUi0x23,20200504,vowel-e.wav
139.6582258483226,1.468064130967612,0.005501590447107,0.1066506241148138,17.63836368824048,635,741,85.69500674763833,ok,,W1c56dgBsoe34ilAX8vAZs8tNcX2,20200504,vowel-e.wav
137.65576452255712,3.780464335780839,0.0020975260092708,0.0569676243743776,19.86470349265168,1870,2199,85.03865393360618,ok,,vfh8Qe0ILbWxIEeQGC0GWyLe3yt2,20200504,vowel-e.wav
211.9861623487736,11.5254265898208,0.0062088897249452,0.0364107156769481,25.43672388469727,425,681,62.40822320117474,ok,,EVEnOepr9yaACgz1aJgRRoNpqaw1,20200504,vowel-e.wav
192.7175650198424,24.66233968563452,0.0071192528422114,0.0985924813513598,19.16152139479936,77,279,27.59856630824373,ok,,NkibhMc8cVQQq1cj4RSU3NkkMW33,20200504,vowel-e.wav
,,,,,0,1013,0.0,partial,no_voiced_frames,qkdJKHOBuAYsKvnxbLvnoJ5Dc8y2,20200504,vowel-e.wav
166.76875712708684,15.045051380195074,0.0048993036317417,0.0440012664256044,20.04974314798553,922,1124,82.02846975088968,ok,,zLM432Aox7ZcmTXoglELTXNAVnf2,20200504,vowel-e.wav
198.9141354854857,73.84662729434905,0.0186606852385247,0.0592153565712605,12.563131199031266,313,1242,25.201288244766506,ok,,ywGZDcK06JdLH3XuSOVMKASD8ex2,20200504,vowel-e.wav
278.0055685330945,58.82369108108984,0.0198635950486553,0.1259942109525161,12.027940612025011,497,1192,41.69463087248322,ok,,8t3IFTtBOVOtvpX9aX2vryuhSaG2,20200504,vowel-e.wav
137.81430193684207,2.008790346484828,0.0035550913046226,0.0259696795397614,27.920896426804106,1700,1833,92.7441352973268,ok,,HmLWj3LIICf3jJshJCvZPdw7S1I2,20200505,vowel-e.wav
158.4760563768439,2.735334344572664,0.0045832712457041,0.0334321893078931,21.022803190936887,767,988,77.63157894736842,ok,,XOfL6t78sMQHHG9VppmLHnaawvg2,20200505,vowel-e.wav
142.03694070820552,2.6526969042738364,0.0022893506038904,0.0178497888551179,27.836611226250305,1319,1525,86.49180327868852,ok,,sxkvX8kn2eQnE8pbiKR58Ruea3n2,20200505,vowel-e.wav
176.30809853947633,3.802734918611825,0.0029347207005415,0.0341063327302507,20.602825582838108,832,1289,64.54615981380915,ok,,0HIgO2EhOOW1msCbEw1kC8Qsx6D3,20200505,vowel-e.wav
188.14199392518643,3.121088312206589,0.0043156502272524,0.0426043792595717,26.30158806275132,996,1184,84.12162162162163,ok,,XKn4doW0qvfsdM1VskIcJSPEhyz2,20200505,vowel-e.wav
242.5573228669409,8.936448395605426,0.0086088087917456,0.0404209122939436,27.5508280147458,631,1030,61.262135922330096,ok,,U5bTmSt9PRfWHiGleINUHMl8cg13,20200505,vowel-e.wav
151.57520969980226,50.69857548159436,0.0018597023555693,0.0462184967539936,20.091191078558936,1019,2507,40.64619066613482,ok,,0Ha52POVIxTKEPqI1eGpIoMHUd52,20200505,vowel-e.wav
158.69661817419794,30.83818414244905,0.0112031574763428,0.0346454329263849,16.894271708956172,239,467,51.17773019271949,ok,,yT9Pq9LwzFalmb7PBeWKoIoUcng1,20200505,vowel-e.wav
170.12254438939772,40.96731135723218,0.0158550053662059,0.1019987939223374,16.260041155255095,267,537,49.720670391061454,ok,,WSNcPIb74jUzQoVPA7RGZKWtMrM2,20200505,vowel-e.wav
,,,,,0,211,0.0,partial,no_voiced_frames,GBZ88OAxQfg6NBTxjDRI0Pf59mq1,20200505,vowel-e.wav
,,,,,0,962,0.0,partial,no_voiced_frames,0M4YhLM7FwWO5IjCqhi7MlBhvJv2,20200505,vowel-e.wav
142.17167443170155,19.223154152207496,0.0147976315752718,0.1511571485139407,7.100504903523657,40,258,15.503875968992247,ok,,6T43bddKoKfG7MwnJWvrPZSsyrc2,20200505,vowel-e.wav
88.72735188716956,27.060516741448147,0.0132496928451614,0.0686161011634423,16.87145942028887,1883,2259,83.35546702080566,ok,,5xZE8Rq5oihwEixr96NmUmiy7zk1,20200505,vowel-e.wav
135.64866399246046,3.8760956315103954,0.0031917316083538,0.0243211082950529,21.556525378063405,1327,1517,87.47528015820698,ok,,jNkULA6oqOO3RwpvkA1OZ61hhi02,20200505,vowel-e.wav
215.76355334368552,49.82352325767109,0.0179027997381945,0.0989259121082581,17.865993217602746,484,527,91.8406072106262,ok,,asYD2xAnKuTdSZPIYo242wrgKVD3,20200525,vowel-e.wav
91.9364964252854,20.402637082574422,0.0051091821112633,0.0690494593873045,14.536567556968768,232,902,25.72062084257206,ok,,ajjbkAkwKDMcEEsiPxXiug5F8v03,20200525,vowel-e.wav
195.166935466528,124.71164419439016,0.0117734719584524,0.0787785793680601,19.47598353728538,114,339,33.6283185840708,ok,,OLMx2P1UahSgkhGyN5zLHZsXMo02,20200525,vowel-e.wav
115.06657524195202,3.395077515228444,0.0029814615239231,0.0674350037358016,13.548660826266184,966,1244,77.65273311897106,ok,,fja76ZsTgfPWoDCUcwnRLI5XrLZ2,20200525,vowel-e.wav
200.20050799219388,23.505858231819147,0.0102353760740388,0.0566742254091109,19.31069022602897,468,1269,36.87943262411348,ok,,3CMQ3nCRdaU5K8pfUiqOpzUgQRz2,20200525,vowel-e.wav
215.18667790795348,42.816446592143535,0.007938685197233,0.0428195071154891,20.641109830771864,716,1447,49.48168624740843,ok,,KVKLfU8zZ1MEywuVYflH2KYOHr52,20200525,vowel-e.wav
165.62501828626543,8.923568178667598,0.0016809373261044,0.0315334366144193,24.26029773233252,1017,1521,66.86390532544378,ok,,bixijc4LCCRqES9K306RjUCIHsJ2,20200525,vowel-e.wav
142.69477232006793,3.872431828883777,0.0028583934382802,0.0367251976570251,26.65974897923752,632,757,83.48745046235139,ok,,zOmz0TaNdmQfF2jUFkqUKuNa80m1,20200525,vowel-e.wav
117.45117773725414,1.9455339272649863,0.0029005342913413,0.0180178363765725,19.817359708885835,934,1131,82.58178603006189,ok,,QKnsqWkOf6Tv9O1kze0qEHpvI2T2,20200525,vowel-e.wav
132.65285349924736,42.3390858715021,0.0174226538992515,0.1156851044840314,9.841563065238129,944,1099,85.89626933575978,ok,,f3NCnb7N1qS2qraT8fdnW7BVVCm1,20200525,vowel-e.wav
137.61487530104603,11.04352784308386,0.0038720839586009,0.0342584951505975,22.932024098308005,984,2379,41.36191677175284,ok,,yQoN4YK60acISpPHhXR5YQKM9mm2,20200525,vowel-e.wav
158.6540319727825,45.27629178412302,0.0073283552808225,0.0429683957906475,22.1381882138628,201,1534,13.102998696219036,ok,,AwzhLro3l6Wa5kPJyzyB6BNgVqN2,20200525,vowel-e.wav
136.46809205576326,11.92083889606314,0.0051898899290455,0.0366348035078796,18.41623233144935,478,871,54.87944890929965,ok,,tZ4S3CC8pvNc72VYadUYndOUlCE3,20200525,vowel-e.wav
124.93952979002223,1.4903651055145428,0.0024148883476499,0.0465142561896404,17.571346726039366,1823,1875,97.22666666666667,ok,,OpvwYQFOschINBVkxBVeKgC0FeJ3,20200525,vowel-e.wav
137.36442355212492,15.736829612909403,0.0065542437726956,0.0596005792327852,26.15065487042561,283,467,60.599571734475376,ok,,eTJRhMtqLcO1Q8rLtaIsALyTOyC3,20200525,vowel-e.wav
134.94041738836586,11.94933307320378,0.0055366913344192,0.0210656321412011,25.429319084191885,1059,1261,83.98096748612213,ok,,6wlO9IzJRZZ3tp02z0La8JCAU8Z2,20200525,vowel-e.wav
107.10127900754834,7.177581668603311,0.0043637285557052,0.0461348726270784,14.263764004866864,1282,1645,77.93313069908815,ok,,elSiVyo2V3USxFXNuExlbh9hrNm1,20200525,vowel-e.wav
143.23671611335925,13.98617653553498,0.0036450465755783,0.0260973573313561,21.88184762395348,254,1116,22.759856630824373,ok,,m9MMgToUSXV8Z3BhCJF2PGOZCMS2,20200525,vowel-e.wav
,,,,,0,0,0.0,failed,"load_failed: Audio file contains 0 samples.
Sound not read from sound file “/kaggle/working/ext_20200525/20200525/8Suz7Jl7GtXpdB7UeIPtLuZb1Lp2/vowel-e.wav”.",8Suz7Jl7GtXpdB7UeIPtLuZb1Lp2,20200525,vowel-e.wav
144.32041201219272,13.567412340940344,0.0144370782657256,0.1985507905907416,10.481638263565518,493,663,74.35897435897436,ok,,7GWUfrhqMCWAotCUbROzgawkCh82,20200525,vowel-e.wav
136.16311009064154,8.958569171569227,0.0078274864814088,0.075758575859541,17.79694341416175,590,1586,37.20050441361917,ok,,EJSbChF4LfPisqLxlUqiwYU7zy83,20200525,vowel-e.wav
125.08702103979276,3.4213924472594064,0.0025265937963151,0.0227256794781845,24.286959736141355,656,769,85.30559167750324,ok,,CDJLmx0CWdNRiAvgFwn2aHonth43,20200525,vowel-e.wav
140.44308985891303,2.960820366365029,0.0059427851897506,0.0411155566822364,19.02288789209266,119,288,41.31944444444444,ok,,zzh7tK9CrZacOddJTG9YQwCZz4f2,20200525,vowel-e.wav
244.3231725905972,83.71223482338154,0.0089976547981749,0.0704670948511268,18.1166428695031,290,1576,18.401015228426395,ok,,6WQPyHp9AZThZUTD1Z2rOXv3d5R2,20200525,vowel-e.wav
258.5156261856868,5.773084769450859,0.0041468807602774,0.0193045958485523,21.96983517722273,595,826,72.03389830508475,ok,,1kXfAOTvLBbCCcTBJOrHUFzARSo1,20200525,vowel-e.wav
173.194920330027,46.75771578273395,0.0151459778211383,0.1218891550130532,18.725619535507256,758,954,79.45492662473795,ok,,t0UxwxXhJxX6jA1bJNTQYjOWeQj1,20200525,vowel-e.wav
98.4745288431885,2.1648055214631348,0.0040003926600158,0.0203640658843692,25.95994616870373,866,945,91.64021164021165,ok,,oWBd1blxbTefqPydUAes1xlr5VJ2,20200525,vowel-e.wav
201.09544508119984,8.208139058794446,0.0082767804615197,0.0430311683976893,23.37487320254645,161,1039,15.495668912415784,ok,,FYqsLjb8gjOLhrB64aWUc53KVVf2,20200525,vowel-e.wav
98.12286385981004,1.3408193855152852,0.0057937326548768,0.0517458931848467,13.006491966895116,2099,2162,97.08603145235892,ok,,1G9prDQSP1fpNL0yc7C6Rqy7jmK2,20200525,vowel-e.wav
123.96205988576004,62.50060746710337,0.0112733560046094,0.0738567048640519,21.806102463277096,1471,2601,56.55517108804306,ok,,7MWN4jSmv3QD2sRi12K1BNjmct83,20200525,vowel-e.wav
107.81508351407328,3.793333426046335,0.0098968277368016,0.0417727702321866,20.45227771002105,1599,1764,90.64625850340136,ok,,1swHxN9xPFUu90g29z2RMCxG3oJ2,20200525,vowel-e.wav
209.35210489376897,3.524768511935096,0.0050540034111015,0.0648835609870736,18.232368371671733,798,945,84.44444444444444,ok,,BAMibuHkXaNr3JNc0Cvbu3kdSIp1,20200525,vowel-e.wav
217.23541977072205,17.95650618899492,0.0148761952286298,0.0650262994486474,19.84898500554249,417,1085,38.43317972350231,ok,,rb0viHBCj1fiEgWX34QcL3Zv8B02,20200525,vowel-e.wav
202.53192441796287,37.34232372999416,0.0132555921137229,0.1057411820526296,16.20501976702457,531,646,82.19814241486068,ok,,LG9JXKoSkeN9IHceg9xruqw1yt23,20200525,vowel-e.wav
121.6784061752176,5.726981809193783,0.0039294154854344,0.0516393311600918,19.930519467780712,774,1184,65.37162162162163,ok,,MjbZoe5Xl6gQAFFZAjORLjIZoC93,20200525,vowel-e.wav
123.16571442495764,4.4430318349307525,0.0041032656894872,0.0513742453694278,23.3648953217162,724,871,83.12284730195178,ok,,j4xItLU4BzcKshmihayCM0pTooH3,20200525,vowel-e.wav
253.3907396217857,5.272275331649,0.0013215929658923,0.0343152555659875,25.960600271232533,1180,1252,94.24920127795528,ok,,m1s2RQ1f2LaqD6o9RArZkiDGoFr1,20200525,vowel-e.wav
162.32771001976542,8.502839542910827,0.0037959079066108,0.0421695783255975,23.067293663933064,1117,1525,73.24590163934427,ok,,KNoT33BrSIfmsHryE9UR2TgfDew1,20200525,vowel-e.wav
141.61151360930182,5.175038195585096,0.0080273565842233,0.0372780176075557,17.938764392934733,1552,1645,94.34650455927051,ok,,MKb4BFUuYAZfOtzGlAz1UwNzo6R2,20200525,vowel-e.wav
165.20684973698363,18.453851650865428,0.0203944615903505,0.0988888909899173,17.18025719239233,592,877,67.50285062713797,ok,,ZThKb36K24N2UGu9fRqjlpp27da2,20200525,vowel-e.wav
126.13847322514096,5.145090723214077,0.0049703481774016,0.0631422193636932,20.18531679614713,1054,1252,84.185303514377,ok,,ETcnGsA5gNUC1t3cXJY6KXLvF7W2,20200525,vowel-e.wav
94.26610828206684,15.126832598855602,0.0196966953139619,0.0413232630010345,16.230584839359842,754,992,76.00806451612904,ok,,gH4tLBmPiFWp96S6j3z0wjKYhab2,20200525,vowel-e.wav
110.74544598806088,5.096256920959144,0.0087343991064159,0.0463101680761278,20.521310429595346,1290,1475,87.45762711864407,ok,,IQJWFucM7GbQ00iw3lt2UvBFzaW2,20200525,vowel-e.wav
204.31680644237048,7.731607851542696,0.0033740911124728,0.0185449227159296,28.498750015672748,1326,1440,92.08333333333331,ok,,Fohk6SJxcJVo4rtuGD6PMwJ9qTQ2,20200525,vowel-e.wav
271.90660578833285,11.390803201874723,0.0063308300695338,0.0268633016697322,24.4259211291718,379,1756,21.583143507972665,ok,,9zO8MvWYvBMLy2y2rRFKRHb9A1r1,20200525,vowel-e.wav
229.00818351954865,9.495736170571275,0.0099717955616276,0.059452522693,18.130398270505616,702,1517,46.27554383651945,ok,,yeo7HwJ5Dcbqc4ozwv6az8iRVTJ3,20200525,vowel-e.wav
137.86556253868025,43.80341381052772,0.0073195863748761,0.0675385853624564,14.801662182290949,235,1116,21.05734767025089,ok,,48PWPg1zZZS9UbuHspwNMsiOfep1,20200525,vowel-e.wav
149.52497006533127,58.78630151603465,0.0223587803651061,0.0877317836402315,16.320582346900135,748,1312,57.01219512195122,ok,,9CUhQAT3U5YhxXmqkw01co7jVOU2,20200525,vowel-e.wav
100.07261514534324,17.346081549210755,0.0041149196754885,0.0462497047105485,20.505792458662416,166,1303,12.73983115886416,ok,,A1tmg4RT7Mekg8LKxGC2agpfmdi1,20200525,vowel-e.wav
209.8997815699624,9.59272309954158,0.0028776400984777,0.028737214547159,27.34449905833384,243,826,29.418886198547217,ok,,z2ormj7bF7Zkgibaf97vOCUqrm62,20200525,vowel-e.wav
186.40075435507967,3.087994639225678,0.0053938309181496,0.0229180985043749,27.037857721641995,705,919,76.71381936887921,ok,,F2sQBi45ZdZMn8gQdcQB5wklMct2,20200525,vowel-e.wav
133.08588477095293,11.434639627769393,0.0107792242474176,0.0707643992371931,19.863368178157387,547,971,56.333676622039135,ok,,FNYflY4qOecrSQOzynZ1WDQZfCJ3,20200525,vowel-e.wav
,,,,,0,156,0.0,partial,no_voiced_frames,YLjbjcoMy1bCh25iChGjXXTc8RK2,20200525,vowel-e.wav
115.43899360117292,3.637057118446125,0.0059591107631839,0.0429979351851995,17.14610164355041,1334,1662,80.2647412755716,ok,,ReILZl8aPPQXHUYQzD2AUzuEF2w2,20200525,vowel-e.wav
124.48873634959403,43.71997470779067,0.0116099145682759,0.1806240981789405,10.79558154462318,483,1901,25.40768016833246,ok,,8e6tYVdZj2btq3rYpi9zsy5VujF3,20200604,vowel-e.wav
159.5897228083795,8.225097817257051,0.0253571922241635,0.1425358289311469,10.015667512223915,202,348,58.04597701149425,ok,,LGiTXwr1u8YlLpxd1nvTlhGCZJn2,20200604,vowel-e.wav
88.6143422515327,0.6391732344063373,0.0102724221336645,0.1743324826470421,0.98219655816645,63,126,50.0,ok,,h3Bw7lc9NfapT3IJkwjIuRI9yfa2,20200604,vowel-e.wav
148.99962150559247,17.95087702203739,0.0026697648382133,0.0327098412134636,23.688561990648008,593,1372,43.22157434402333,ok,,aLeBZp6qmVVooQsTvP1ptnQk9IS2,20200604,vowel-e.wav
127.33218676824038,22.36099182472149,0.0138353747338665,0.155103070323449,8.272797493766072,412,2046,20.13685239491691,ok,,NqXT0llYhqhv9usc7uEPUKfonRD2,20200604,vowel-e.wav
137.56887859974066,7.347560180632539,0.0037242996368535,0.0222186342263715,25.79378550982669,1056,1218,86.69950738916256,ok,,KmMFugVd4Pa4fZW9FqWFcHBVovf2,20200604,vowel-e.wav
200.664487214572,73.72656427437603,0.0194839329653065,0.0649913298396167,21.302548314635832,366,1150,31.82608695652174,ok,,LyCZNUHMdqQtXwEox0mUHngB1Gx1,20200604,vowel-e.wav
170.07152781292723,39.0272381109148,0.0036744315724244,0.0699280402281285,21.16521095396276,1413,1594,88.64491844416563,ok,,RFqBDNt9sLR9PxvBliE1JhFVzK42,20200604,vowel-e.wav
132.7302268756619,4.643278882891207,0.0129377851149244,0.1027592537302625,15.854702039978008,1336,1466,91.13233287858117,ok,,RP28VzHbG0crJB2RnboqUaM9SRm1,20200604,vowel-e.wav
146.90381073952517,16.217157294875438,0.0211027735484076,0.0931431024423319,6.936329964925676,1238,1389,89.12886969042476,ok,,cSBabP68WbPG0xQs8NnlgtVw5R42,20200604,vowel-e.wav
157.08493259103935,7.614375121457022,0.0053766225817296,0.0742947078634285,19.73684929320624,201,1082,18.576709796672827,ok,,IkwAlxsvmhXfpi9seBDU6rksY7C2,20200604,vowel-e.wav
281.44561889124145,4.253085484969702,0.0039666778393084,0.0314986861137297,20.973549086534963,452,570,79.29824561403508,ok,,awro2Lz4F9SgVweiUzROf1IE8GK2,20200604,vowel-e.wav
110.68768683141894,9.814858676298291,0.0028584457260962,0.0290604089572798,17.553126426024058,782,1073,72.87977632805219,ok,,3kUDnCX53IYe2LGsEDHwuXE8bWP2,20200604,vowel-e.wav
187.9110937133429,48.9223081019426,0.0060811424914821,0.0370935833020572,31.510018424330465,747,1286,58.08709175738725,ok,,C7Q6zEVYAZR7yC0DeDQVIYqfWCi2,20200604,vowel-e.wav
192.99875699178324,28.233523813214536,0.0027308793845766,0.0565477814232672,18.181396051609173,1024,1159,88.35202761000863,ok,,4FJNm8IlWySNOgF0Jyyvw6beLxF2,20200604,vowel-e.wav
140.8363106434439,3.5251375871125807,0.0025219169310578,0.0347142030064131,24.18727144403013,641,740,86.62162162162163,ok,,Gs2gwBq34aMMglNC9jqGHS3ZzIs1,20200604,vowel-e.wav
166.20208111161472,24.37064418341305,0.0167937895876227,0.1101964454295081,19.933491356158864,794,2387,33.26351068286552,ok,,Ruz6RW2jXUVDXkYX7GsYC3hzagn1,20200604,vowel-e.wav
146.64432522682606,39.20477412128629,0.0050483949193606,0.0484415421450241,26.349459524293103,1297,2276,56.98594024604569,ok,,uHPhyLsj5eYghJQOYj7iXa0fyOE3,20200604,vowel-e.wav
132.36550135454883,15.148178011284593,0.0108599340033199,0.0878052048974807,20.5413100805722,1289,2285,56.41137855579869,ok,,qZEBUZAYCHhWEWXUeOGrLFhaZCW2,20200604,vowel-e.wav
120.98687370946958,22.632852871679983,0.0050467775182442,0.0916808755260945,14.31797138540039,347,1158,29.96545768566494,ok,,pBB2aZFbLCMky5VPRAoWIClKN2Y2,20200604,vowel-e.wav
126.60872179628306,2.748569262308955,0.0019841629220848,0.0700614316705031,23.45906449850141,1615,2054,78.62706913339825,ok,,9JhZlp6ebpZYjnKlK2NTZTihDme2,20200707,vowel-e.wav
122.84502702770604,11.346552816697509,0.0285318973746799,0.093549469820882,12.919155877113624,89,323,27.554179566563462,ok,,HaeKJrHeBqgwClDs0LHG7oT6fHs1,20200707,vowel-e.wav
109.86732659268556,35.10999605467302,0.0523383298585619,0.2494681066757132,1.5012245373207038,16,54,29.62962962962963,ok,,kJgNi53JN1OeAn5d9BwbUrvUjf43,20200707,vowel-e.wav
212.68062886282425,7.151834400579057,0.0100933842086872,0.0559804309290465,23.1313451539293,526,1653,31.82093163944344,ok,,VB3X18XtrRdSVJ8zDzdyKohlX2F2,20200707,vowel-e.wav
133.13719628243717,54.70648735370038,0.0096372709077128,0.0570756883203006,22.10874726582415,421,501,84.03193612774452,ok,,yS7pj7vgWyMU5nqgYXglXiTcW9A2,20200707,vowel-e.wav
147.12936695184186,0.3631674883786431,0.0503252256468635,0.1451197751151928,0.7420111554492269,5,40,12.5,ok,,3CwioNQVDBQ6CttLyFVRJpMpVHk2,20200707,vowel-e.wav
171.75764112369052,35.87844972727143,0.0024955451214686,0.0637550530656439,20.08445027647105,1164,1295,89.88416988416988,ok,,5BUKA0nZq1SKXR5iRMDNQ4xKxvi1,20200707,vowel-e.wav
169.20390323726173,13.74472511282818,0.0052789954510909,0.0567778345476181,22.862986598326057,98,1901,5.155181483429774,ok,,llSmz39DbNfSYZ1M4c8zytC4W0r1,20200707,vowel-e.wav
123.66568196384448,9.609398776409028,0.0045923545602964,0.0649675967205305,20.83884640981776,945,1363,69.33235509904623,ok,,stnT0xsBXhb159fZrbzN9kwAKvF2,20200707,vowel-e.wav
130.06136001696547,10.102641085640911,0.0040540454022439,0.0397108157672743,25.71764853237472,592,1013,58.440276406712734,ok,,Fuj8ConlkeNoRot2tyMMyzYCKfo2,20200707,vowel-e.wav
226.4804786586738,31.50371295155254,0.0082857561081172,0.0499628052040187,17.523839723809306,582,826,70.46004842615012,ok,,UTqsNsZQCThhJduOChbctH76Avj2,20200707,vowel-e.wav
144.41261475329244,18.64125116302203,0.0228753406294565,0.0877338450750942,13.359511999475338,134,1252,10.702875399361025,ok,,xMOI1306iZMtFQ5FCNcYraYUSDA3,20200707,vowel-e.wav
135.85652700282273,8.915562346103199,0.0043606010033073,0.0401876860386969,24.74528885851742,1154,1363,84.66617754952311,ok,,5ohNPSLiNWRs1vvHxKBj9odGFXl1,20200707,vowel-e.wav
179.73764032222644,61.02578896052249,0.0059733956865834,0.105118777725998,14.556612068016973,1056,1227,86.0635696821516,ok,,f4wYeTyCImQ0BQiwBOlScS9C2H03,20200707,vowel-e.wav
143.87747814800505,15.74896371284367,0.0067384395315441,0.059940244191752,12.28247643345333,507,715,70.9090909090909,ok,,tpCCClZhHxXqu31XbOhexT55KdP2,20200707,vowel-e.wav
140.05326175153212,7.60063316668141,0.0045024351559087,0.0364334083632534,20.050930549747644,245,954,25.68134171907757,ok,,odZaQSfT6QRKhAhPRikjU7y7L9Q2,20200707,vowel-e.wav
90.90541783634131,31.59752821750808,0.0157139821526857,0.1328912796507654,11.75552048181564,860,2063,41.68686379059622,ok,,iu13CF47sRTOnPlhkzTszNkqAZ83,20200707,vowel-e.wav
182.3314714446272,6.32655487227852,0.0162518682624684,0.0380165386739799,25.928657454771024,1005,1141,88.0806310254163,ok,,YR33hHou5PgrLYv2L1mLzHE4na12,20200707,vowel-e.wav
,,,,,0,1022,0.0,partial,no_voiced_frames,fYjYHeLgCOUf5m1f8EAgGDol5G73,20200707,vowel-e.wav
127.05996423981826,22.93852678561383,0.0044911319534944,0.0352254150904791,20.47647709092078,499,1133,44.042365401588704,ok,,NatLK4N2EkhPwEQoxz59taEL3B32,20200707,vowel-e.wav
213.24996865094127,15.94269155038811,0.0055483181044294,0.0329646107490561,28.694218185046,941,1218,77.25779967159278,ok,,7DfMFXPDu3W2Fxjs8w0OsLIY8em1,20200707,vowel-e.wav
147.38480035372086,15.761382791370698,0.0025212115954998,0.0441509162548266,18.51495920967346,1087,1201,90.50791007493756,ok,,RNnxsLNUWPeqrfpPcDb4b903fpj2,20200707,vowel-e.wav
142.02773963466942,27.770825630691466,0.0041560173608188,0.0713968374585152,18.864541203678023,901,1082,83.27171903881701,ok,,sW80fLKGSiXcPBKFwnwRaaRdPKX2,20200707,vowel-e.wav
221.1426212355494,14.200308051401354,0.0033769663080338,0.032203240674755,21.81957482428254,670,1457,45.98490048043926,ok,,Z5Y8ewskqQWeyIFkqRKuwGz9fCv1,20200707,vowel-e.wav
170.24119033741047,3.682689133521449,0.012565387716497,0.214517040451854,8.155686940985373,6,75,8.0,ok,,x8PvE190nSZUtv8raWxfg76ek6p2,20200707,vowel-e.wav
136.41036293172735,12.510889717892727,0.0093322946160775,0.1112673292041484,8.414589603153704,481,800,60.125,ok,,Ms3fiiaGeta2PNzjXEE3iMBmh1h1,20200707,vowel-e.wav
197.4202643420485,8.592784622592692,0.0029620356851725,0.0401713921890051,21.113772824762503,302,425,71.05882352941177,ok,,0c00ybTdnIRUTXeg20bZjJOzhKv1,20200707,vowel-e.wav
264.39105596252364,7.378673415391141,0.0049412840395199,0.049600589014498,16.71380647177371,358,544,65.80882352941177,ok,,QjBZv868nydJzk0ZzwgKDHSG6Q82,20200707,vowel-e.wav
167.0568304811972,93.84347095979128,0.0099814151517959,0.0961264632120145,19.635581748230937,350,1184,29.56081081081081,ok,,YPqxeCMKNuMVhEg9xQPA4hD8dQC2,20200707,vowel-e.wav
278.7686161489488,2.3084028556288314,0.0033700778448774,0.0234119220656184,26.819393214144807,844,1177,71.70773152081563,ok,,fAJb4UlkROgJdxoF8hKZao5rrmt1,20200707,vowel-e.wav
143.08576880220215,6.709485043059356,0.0067387482336172,0.0838174492615733,10.048525901663826,477,672,70.98214285714286,ok,,w1JLuqfRlwcQjnvBRZgdSo89zoz2,20200707,vowel-e.wav
140.50281044647042,5.09862459231249,0.0034917815575528,0.0249986598732498,24.20883815371796,1277,1440,88.68055555555556,ok,,Z7ZMrrVuJKSK1JEfLQjxGXI1VTq1,20200707,vowel-e.wav
141.02121700627035,24.086363230295365,0.0266233302513613,0.0948781040539254,15.595200697309345,584,1201,48.62614487926728,ok,,nlKBKSlza3VwbasF1voiECoUs6d2,20200707,vowel-e.wav
199.67850166615528,80.62721588585343,0.0064740851319398,0.0497190147637162,23.562800971084755,926,1184,78.20945945945945,ok,,HqILRgOnPoYTBOwV923xNysDhA82,20200707,vowel-e.wav
136.23915133846415,11.837249517869148,0.0038037392116824,0.0360300500021002,24.54251382143517,1200,1508,79.57559681697613,ok,,dtV4ZlnWakRFGKpIfiUqdu3q6iq1,20200707,vowel-e.wav
137.38707722237342,3.1672237341835388,0.0097502633610126,0.0481246649693466,20.70901956925256,1494,1653,90.38112522686023,ok,,6WVdsp5LDLRRfYrfiR4BU2G6wve2,20200707,vowel-e.wav
145.45464623785784,22.545309960719432,0.0114681725760354,0.1125540150262078,9.318438890482993,736,885,83.1638418079096,ok,,v8s9qaC0OZbY4OXHQBR5Nb0juq52,20200707,vowel-e.wav
128.45700384804226,3.4718813956808363,0.0060915115755405,0.0537222863659581,16.570277565761295,712,945,75.34391534391534,ok,,GuL97vIwJgQudwa7mdoEh33JZnr1,20200707,vowel-e.wav
176.70161606239003,39.62137063389434,0.0101809989402422,0.058738509927518,24.38084288328952,402,834,48.20143884892087,ok,,mLARvz7XxoODpubk3Q53K562JVf2,20200707,vowel-e.wav
263.7350806412357,15.417882934034347,0.0051861661342778,0.0636318096597576,17.36912884473211,396,1039,38.113570741097206,ok,,jaRfWYxsWjV2L833wIIyuivEWFG3,20200707,vowel-e.wav
141.64666365616162,24.481138083785083,0.0052141602398782,0.0306166596575078,22.946151319536103,545,1595,34.1692789968652,ok,,RfrT8p9208NHn3170qOYmxel8Kw2,20200707,vowel-e.wav
132.57600889458362,7.407335987705126,0.001475738111143,0.0533413406691705,22.91553528967016,904,988,91.49797570850204,ok,,ZiwS2q40gsX5X7pMp0y30PUFpE93,20200707,vowel-e.wav
173.37567732477234,14.016335513245137,0.0049302794658096,0.0284112220448158,20.462265656402288,413,851,48.531139835487664,ok,,Id2BHKfccpS2K8eOtrXRKjBAsds1,20200720,vowel-e.wav
131.80752950951958,14.888380119754746,0.0047110731731615,0.0423452448475747,18.91607777211324,1038,1177,88.19031435853866,ok,,RV4V6j3c5cbSb2B4pY9vlF6kbeE2,20200720,vowel-e.wav
202.0298245952488,30.383820505603907,0.0077007822372439,0.0556389532411626,17.65838293940981,1155,1491,77.46478873239437,ok,,OnYf35hpRnNpCxV6vTU9n2ETMiD2,20200720,vowel-e.wav
147.89680565616976,3.446681053490207,0.0032261294489822,0.0303693652619553,22.10989932459156,347,732,47.404371584699454,ok,,rlklHwPKGycGalH7q9XMRnUqXxd2,20200720,vowel-e.wav
190.39356729390903,12.4459075170677,0.004031051626445,0.0891411034037162,16.17037578778131,889,1491,59.624413145539904,ok,,6pXKrZlDycStXTNMBjGXtxxYfvc2,20200720,vowel-e.wav
122.82285694082836,2.6810747013235483,0.0042780438264128,0.0753520488166708,16.97232858117703,1953,2182,89.50504124656278,ok,,bTiu7RJ0JkPVSja5Sr5YSHBulQ43,20200720,vowel-e.wav
202.43123410396643,57.5277669709344,0.0081136745786464,0.1171804994199012,10.92355719139901,937,1099,85.25932666060055,ok,,N49IPlluNddotKfNlRNVJJ2Ad6E3,20200720,vowel-e.wav
110.29960261439211,3.554324851365651,0.0214488424298171,0.0275588493323594,17.01809133778533,582,1099,52.95723384895359,ok,,Afi7SdxjNOetySybYTZ7RPxwFiW2,20200720,vowel-e.wav
112.79523349778118,73.34991755675574,0.0115965545784204,0.0678679944562601,19.16562045196822,649,1764,36.791383219954646,ok,,wfC9G2gEocPkwkqAtaGxZDbK4oF2,20200720,vowel-e.wav
250.6607540905286,9.858955466083875,0.0147342837271419,0.097165731387534,22.237840670821395,84,2327,3.609798023205845,ok,,0zAgZhOXaGhmL1SnhkzJOIoowKg2,20200720,vowel-e.wav
208.4061932215228,13.915987053260627,0.0034270603275668,0.0140072714957862,32.58357431763337,190,911,20.85620197585072,ok,,LW6U5C8CENR1PsmldatYGdCBcYg1,20200720,vowel-e.wav
171.9069100121469,3.332927843060727,0.0049233389447997,0.0238212708689416,30.049634442138643,516,595,86.72268907563026,ok,,3Vqysidm4ihlWFBQPErMAClnMbu2,20200720,vowel-e.wav
188.533223889895,4.335581156986708,0.0077143173860417,0.0578088929656322,18.894902356312443,487,757,64.332892998679,ok,,qSDQMZj4iqhaRUz1SvwiUqyUzKH3,20200720,vowel-e.wav
104.03016952449975,3.533546268817474,0.0036364677205941,0.0424881209857924,17.010836884732438,1775,2336,75.98458904109589,ok,,BHFxu6LIoWfHOaN9fXmkO5xBXyz2,20200720,vowel-e.wav
454.1353756661424,37.50778994330618,0.0779771484130908,0.229437337868469,3.679625060959861,57,262,21.75572519083969,ok,,Sy1VK1UgX0ZMcMJitgPal1sp8jj2,20200720,vowel-e.wav
128.6173480585056,34.76404430452854,0.0136667011824285,0.1292853061050034,13.686203784581544,790,1133,69.72639011473963,ok,,5w8ZIMTjkXOMI78Q3sccWcvMKiI2,20200720,vowel-e.wav
117.08027749623548,14.233774551363794,0.0205604860645441,0.0901929635775602,16.74235113824894,43,341,12.609970674486805,ok,,4drDZUlQcteX5StlFT2CXEL0N0L2,20200720,vowel-e.wav
173.10200127215427,20.663116424785223,0.0037351568565447,0.0154329489912266,27.87112761193141,1372,1491,92.018779342723,ok,,2Kc88N5ZQKXucjghAP4Jzq0Dnej2,20200720,vowel-e.wav
167.2531915562554,11.085261937304928,0.0043557721443479,0.0388756036658713,17.20710513423048,929,1022,90.90019569471625,ok,,vX3NZt9tyQUhXgS4dlz55VGEMdU2,20200720,vowel-e.wav
128.049666391265,13.628732588157604,0.0066692305366177,0.056064043553846,23.103118781576523,194,1611,12.042209807572936,ok,,JQyIFoDDO1fwOuEH0GaOFskQ90q1,20200720,vowel-e.wav
239.93215950380585,37.969755023327856,0.0043144379243783,0.0301740886200371,20.542054509527723,1301,1502,86.61784287616511,ok,,XwiK6FSjg5b5RuQQFYmz67zSpYC3,20200720,vowel-e.wav
166.25435185508107,14.769660734195249,0.0327477836514678,0.1438388349872706,15.929307306474971,278,373,74.53083109919571,ok,,J5QGEKLK87d2dASH0umWBDzJ12P2,20200803,vowel-e.wav
186.77955156362748,43.161226946946506,0.0044215008309503,0.0314016969288263,29.43209699114667,865,1218,71.01806239737274,ok,,5Gn8GDorBDaV9s4JhzMpppc3I3j1,20200803,vowel-e.wav
97.6423480642306,7.0541739936421575,0.0047594236714809,0.0501130833735283,20.56366938688572,625,1704,36.678403755868544,ok,,HN3yAvicf4RTVGb6l0PjM41iBAn2,20200803,vowel-e.wav
,,,,,0,0,0.0,failed,"load_failed: Audio file contains 0 samples.
Sound not read from sound file “/kaggle/working/ext_20200803/20200803/zFDUIa5rb2OG7IXXSI5vXVsoLa32/vowel-e.wav”.",zFDUIa5rb2OG7IXXSI5vXVsoLa32,20200803,vowel-e.wav
137.63877600889484,11.332488258238296,0.0088694547669974,0.0605871059062425,20.208729284282803,420,996,42.16867469879518,ok,,B4zHaFYEkYfCKyKRsjNjme1hwjk2,20200803,vowel-e.wav
130.1415997081505,10.35190236779526,0.0046500594294767,0.0529420565964733,20.29594956724788,407,672,60.56547619047619,ok,,X2CDAl47UaUtiS9UGq7Yn0NTOLu2,20200803,vowel-e.wav
,,,,,0,0,0.0,failed,"load_failed: Audio file contains 0 samples.
Sound not read from sound file “/kaggle/working/ext_20200803/20200803/8Iug9hOgiBZTCKZuDxazXlamW0g1/vowel-e.wav”.",8Iug9hOgiBZTCKZuDxazXlamW0g1,20200803,vowel-e.wav
130.19641790262153,7.705171222326099,0.0027896017781806,0.0316597005559001,24.65233379050022,116,1969,5.891315388522092,ok,,H3sxaOqiOSgbKWig7NdWEPgrm6f2,20200803,vowel-e.wav
134.76570855335342,12.345034054244891,0.0057826156370049,0.0957308340295679,19.70440535863699,1600,2387,67.02974444909928,ok,,IA47R6m1qMbEqlv31Gf5sjN91cA2,20200803,vowel-e.wav
115.35745397087908,11.96965241496452,0.0526180008211491,0.1669643325264615,7.852664480126969,32,262,12.213740458015268,ok,,aJDwaJhhehbgKgHpYaP0sng5rcn2,20200803,vowel-e.wav
130.1757079019265,7.349521405371426,0.0068975634812278,0.0588239080322022,19.70566456418971,110,740,14.864864864864863,ok,,gFfiG6fg9dgWt96aPPuIdtFAYc53,20200803,vowel-e.wav
122.78858961107372,1.5296667292689294,0.0044294346023605,0.0406069152511566,21.20113720633479,414,791,52.33881163084703,ok,,7PIIt8R3JWVfSFURfFyRR5ufM243,20200803,vowel-e.wav
125.43967753341263,56.17667740032344,0.0122763413604083,0.1110738929502616,18.72020401920315,222,1833,12.111292962356792,ok,,AbtlW73g2HUScOPZZQYMD7jRlkX2,20200803,vowel-e.wav
174.06466273255452,8.69511873556257,0.0054115340177839,0.0223300748965231,23.98786173886149,186,365,50.95890410958904,ok,,AHHrquikw8db8IuCsKUXqunYJz73,20200803,vowel-e.wav
107.26665060790349,5.22216196640396,0.0045318266501554,0.0313582967307975,20.555214330916,1282,1534,83.57235984354628,ok,,s3gFlexwXGaT6sBmU6g82B6Zczh2,20200803,vowel-e.wav
214.81114544467584,5.553314493582882,0.0054776996088713,0.0319122668368343,26.45113852862648,733,979,74.87231869254342,ok,,lzB1CcCk33VjfRiW9vbXkplPO0r1,20200803,vowel-e.wav
140.67535899788024,52.82376113414165,0.0172582818630915,0.1363178192677009,17.351012087727746,71,288,24.65277777777778,ok,,nFYEOudV6AXO7kSQU7mjyezJXUw2,20200803,vowel-e.wav
120.64464838220384,8.47505428901785,0.0041445633117293,0.0331335924226543,28.520541047798293,642,1099,58.41674249317561,ok,,yBJ20a3np3a8FHUUVUnXslUoX4f1,20200803,vowel-e.wav
151.75104484075266,62.60584563654324,0.0220109508179139,0.0942139120898391,16.25010432391767,831,1824,45.55921052631579,ok,,2zDWjtjSxeUuy2or5XThZNSzvwO2,20200803,vowel-e.wav
178.69178742101914,26.775358949608098,0.0090484207786413,0.0201657139939399,21.281248850922115,122,356,34.26966292134831,ok,,dKlVA3KkdDMiaYmW6KGRlFflMh23,20200803,vowel-e.wav
138.7167456155501,9.987278776550353,0.0065158600455505,0.0644232479722394,27.67871477040889,1291,1884,68.5244161358811,ok,,Y5eS0NFkNCPdRy7EFiTvm5QJ4qO2,20200803,vowel-e.wav
135.53706975599812,2.739085679402668,0.0048139039985806,0.0358217598592432,22.01716170878031,1303,1474,88.3989145183175,ok,,P5mI5OKQZ3WbFo8FkU7VuvAwUwz2,20200803,vowel-e.wav
136.0836223409524,11.71799424199508,0.0052632018212677,0.0433500020748829,24.73737954859924,851,1192,71.39261744966443,ok,,JxSb6sEnk0RC9NPyET9sCpJ3OqN2,20200803,vowel-e.wav
136.6931331953066,3.078239858702821,0.0023115215414628,0.0294685765374642,19.806577712512432,618,1611,38.36126629422719,ok,,8nVQh7sxmWTMdHOSFZRgCSbwFCl2,20200803,vowel-e.wav
194.2628735094168,3.436642685191723,0.0026759626349114,0.015393582768637,32.01206240263308,336,442,76.01809954751131,ok,,iECdjKjowNVh89DwO6HqoRnaDtY2,20200803,vowel-e.wav
130.30614843457656,4.383725286555421,0.0060336290169677,0.0530116776202895,17.624426781787776,390,877,44.46978335233752,ok,,k73r7MJLJyav5AF6DJS6LFQnvn82,20200803,vowel-e.wav
137.48785323751508,5.054215867046625,0.0042828672460454,0.0362480489322143,22.34121659711389,583,783,74.45721583652617,ok,,MeUiOR3KHJOGkU0rpWsA5oiBt672,20200803,vowel-e.wav
111.18089661296828,4.6444764351954255,0.0039926320186751,0.0531388362988677,21.11742416880308,161,1525,10.557377049180328,ok,,c8fyZREWSdfus5ISad0LwnMAUcQ2,20200803,vowel-e.wav
124.78885862877824,2.115857118565184,0.0086390557112238,0.0628593526918758,18.60744708847816,213,1687,12.625963248369889,ok,,YgKJK1UxM6NMjfugUnV4mi50d732,20200803,vowel-e.wav
144.61382840907137,30.15662876515358,0.0211769972044992,0.1384928906873372,12.239288013615282,273,510,53.52941176470589,ok,,76N4aFIJXScxI1iHeSsihGmRKnv1,20200814,vowel-e.wav
126.40020382600248,4.531688944525952,0.009706781209963,0.0533185201666727,16.91355656803517,1793,1969,91.06145251396649,ok,,M3mk9u8tIBUCavOhsxcGej5s9Vg2,20200814,vowel-e.wav
137.77386385663405,7.146105290016457,0.003803046361631,0.0436907628202813,24.019379306679824,1041,1150,90.52173913043478,ok,,yTBcpP8fONc1QpKYqlaQDyo5DYy2,20200814,vowel-e.wav
121.89908676981256,3.8091433318188512,0.0049175548442891,0.0674303893368742,14.070437051679368,1915,2746,69.73780043699927,ok,,AaGldp1blyVKOPpV1KVhsPhrmAg1,20200814,vowel-e.wav
261.0291972609052,16.43632733500382,0.0033327718157372,0.0306220116475525,20.993529034918268,1924,2003,96.05591612581128,ok,,gXkNMIy5J4VwXV2ZxAAObvb7S3Q2,20200814,vowel-e.wav
101.64356111603526,5.714585790283945,0.0062173113844384,0.0692964618704393,21.448796782452185,784,868,90.3225806451613,ok,,5P3EfdsLvKSOquCjSeutXLqqJKL2,20200814,vowel-e.wav
122.80054831836836,4.2558721785934175,0.0021746103076631,0.0427881515190047,21.903013937766257,1251,1653,75.68058076225046,ok,,I11YsKcNytZ27XLyt5yKhxMyLZV2,20200814,vowel-e.wav
131.17657209647675,3.310794942519207,0.0028315425247482,0.0229520598843687,22.621298281086435,478,638,74.92163009404389,ok,,P1FePApIBQedglthtDiBvs3G84M2,20200814,vowel-e.wav
139.88864816467404,47.00733030133609,0.0119236538839699,0.0354336779503231,15.672182179934984,111,331,33.53474320241692,ok,,mWomPz26WCRVi8sp1QneGAvTBL72,20200814,vowel-e.wav
145.1790560740475,7.9192214620438355,0.0058275712713414,0.0232807467507388,25.926977720192127,551,1918,28.72784150156413,ok,,dZ2k6FfuAlQfa5ldpdDqMV6q7FT2,20200814,vowel-e.wav
171.83584392301574,3.9721559912039295,0.0040437868214584,0.0679146364727448,14.96425282463602,428,1534,27.90091264667536,ok,,n8WR98Nf2WMncTf0mEVL8lPCnp12,20200814,vowel-e.wav
200.0201474885159,98.70539554368924,0.0459341972876832,0.1927798967302801,6.6849009070595455,1139,1901,59.91583377169911,ok,,c0qg1BdEVyNXI9Uq7fxJtBjy8dq2,20200814,vowel-e.wav
141.10096395964362,8.560097853842242,0.0038891633345297,0.0267254603011662,24.65754760190777,1665,2327,71.5513536742587,ok,,zw0pYfsZxDShQGV2HTuont8wU8V2,20200814,vowel-e.wav
283.96707073512187,94.22882494338188,0.008256795641322,0.0490633047684213,16.282591769282835,282,1542,18.28793774319066,ok,,AQTaxycYpIWSoPUFSEUiFlqgenu2,20200814,vowel-e.wav
159.6672635851175,60.99462169994312,0.0243420617747638,0.1568111988508735,12.23714227144376,1178,1713,68.76824284880327,ok,,foENi3P7alPC0yTEcDMIJEPFm4E2,20200814,vowel-e.wav
209.72422699326407,5.361568409821076,0.0018722668241723,0.0165169074705687,31.39242299707997,958,1184,80.91216216216216,ok,,38kz9bimrcUUgifY8S27MVR89eN2,20200814,vowel-e.wav
141.61464840424117,2.705520475685804,0.004325331950085,0.052836351956505,17.416196392309256,569,783,72.66922094508301,ok,,3FD9salx6KQf114qJSSvW74Ffi63,20200814,vowel-e.wav
106.23211644316603,2.535787285030857,0.00377832278608,0.0374360347540621,27.995699607672464,1106,1372,80.61224489795919,ok,,466aPruIIbOEG3V1IaKzu5O8kun2,20200814,vowel-e.wav
203.1566393036692,14.230465780958616,0.0060585001218034,0.0818718601907596,19.849236962859973,294,1244,23.63344051446945,ok,,Lz3Pu5AOFbQLTA8cIqRAmjPy8qw1,20200814,vowel-e.wav
184.37860058475195,12.095393513664703,0.0028934897107976,0.0207565509395443,21.476530492272,2019,2182,92.52978918423464,ok,,symIMnhx0SXZB11UPJXEWP4pTbO2,20200814,vowel-e.wav
127.80005284074863,4.440713993299708,0.0025268310871157,0.0344887316177377,20.336479300578503,374,1047,35.72110792741165,ok,,5GwKvWfqLdU0p5udswzjmoFLEhr2,20200814,vowel-e.wav
127.60279600183308,7.305029572657157,0.0106025880679632,0.0819176615313448,17.791306801011107,752,1047,71.82425978987584,ok,,ePaI9geAOLYTcCjN0bI0vvbHAyR2,20200814,vowel-e.wav
179.950309296781,6.976950826436879,0.0019472173938477,0.0267974686396643,19.17968422266965,676,800,84.5,ok,,r5SHRp49MiOtkuPzoLHbDiVphkB3,20200814,vowel-e.wav
193.812913420092,10.21934194727686,0.0024483132160598,0.0429634236056415,20.46583397829136,856,1576,54.31472081218274,ok,,IDotbUiFVpel1SpaktjKZftIVYx2,20200814,vowel-e.wav
133.78367854313782,5.195166969692412,0.003719287006921,0.0494123583673952,19.794022233582293,273,1653,16.515426497277677,ok,,AAFe8wVTf8Op4UTlq1QJmCyBdK33,20200814,vowel-e.wav
111.97458249486216,8.9682270533151,0.0326925525038425,0.0613602129076663,12.673150322840764,376,518,72.58687258687259,ok,,8FuQrkCbCLRO2og45NDF5RprBPC2,20200814,vowel-e.wav
105.31884608641572,35.93023221878542,0.004580620799403,0.0495120208033582,18.703902433148706,962,1218,78.98193760262726,ok,,zDGjm6ARbgVsIDCGpaHyHrArImr2,20200814,vowel-e.wav
150.41991914465052,45.597781360902665,0.019963103448415,0.0998488348399489,8.13803098855113,197,305,64.59016393442623,ok,,rg1FkHLDwXfx10ktwWfAoMdcZ9v1,20200814,vowel-e.wav
162.09300387826858,18.31274012290114,0.0038494688366636,0.0548983975065183,14.224310631036518,211,509,41.45383104125737,ok,,esVDCnpv7ChUwuJMmzxAItbB3km1,20200814,vowel-e.wav
137.24753214611707,14.107383602894462,0.0067599819110857,0.1017925768176669,13.607757321572084,1403,1595,87.96238244514106,ok,,uHyBfROrEHMS9M9ukCOB7sCNH9I2,20200814,vowel-e.wav
109.1174294988426,2.7498678950068065,0.0023848183887126,0.024948488099694,20.439052758422484,1538,1790,85.92178770949721,ok,,ddjJ6wgPMRXzqByVDrLeTEVPzF32,20200814,vowel-e.wav
,,,,,0,128,0.0,partial,no_voiced_frames,pvLLeiltxePL7csr2rkLJ8fD0gc2,20200814,vowel-e.wav
140.45335264647133,94.02868058034798,0.0169952541213303,0.0606929260606458,18.313822925543423,192,1150,16.695652173913043,ok,,iKztabb0gWfeagEyYuU3US36u9b2,20200814,vowel-e.wav
266.830470368368,20.81537663212596,0.0088392891648343,0.0284572148369636,23.918150770997823,236,1551,15.21598968407479,ok,,05bieNLXPuaIWEVaX81EkbbjVrh1,20200814,vowel-e.wav
119.91335815280654,4.68703937897008,0.0093938071843713,0.0564396914327881,15.044273229531653,379,459,82.57080610021787,ok,,4ck5XZzCx0XBkREVkHGzpAi1aSk1,20200814,vowel-e.wav
192.82133976296635,33.89276357972788,0.008255149115399,0.0992821736414806,12.393663671620498,356,1406,25.320056899004268,ok,,cenBFTi9bYhzTeEIyN8YuQzFb3R2,20200814,vowel-e.wav
141.3349748725237,4.669468568987777,0.013448414923515,0.0570250368505625,19.404277028278266,448,535,83.73831775700934,ok,,EucWZQ2KbbQ74NhWqnrUEuS7pU53,20200814,vowel-e.wav
140.79052683830497,26.778420305521163,0.0039737183862528,0.045846052484349,25.27785020376636,1062,1167,91.0025706940874,ok,,9qFHoE68V7RDn79M2QtChoCpiGo2,20200814,vowel-e.wav
,,,,,0,0,0.0,failed,"load_failed: Audio file contains 0 samples.
Sound not read from sound file “/kaggle/working/ext_20200814/20200814/DycfRd7vyobY2PgwT3rQOemSbP53/vowel-e.wav”.",DycfRd7vyobY2PgwT3rQOemSbP53,20200814,vowel-e.wav
138.73570626882062,3.421265459739449,0.0081076118522674,0.0576771470986909,22.18704599324555,2052,2171,94.51865499769691,ok,,PNSX8UstjlY1mxA69mrklK5N2i32,20200814,vowel-e.wav
110.98352927589347,3.148987270816168,0.0033330724952961,0.0712468833263307,12.84606153974023,331,2089,15.844901866921973,ok,,jQFi8kfYopW0gwFKCV1UnV2d7Oj1,20200814,vowel-e.wav
153.48883851016222,1.8845591905970625,0.0031239163257526,0.0300270622807941,29.32950588792929,454,476,95.3781512605042,ok,,r3sBhLDneedRBXKLvZU0PL2Q4R82,20200814,vowel-e.wav
146.134602308648,12.406340863390076,0.0024994914498677,0.0373682900207511,20.71208736149043,2182,2496,87.4198717948718,ok,,6tVIf27diWR1deIqd3HGXxR6tlC3,20200814,vowel-e.wav
204.0404419504951,2.8750345222526046,0.0020398697107811,0.0385102811795238,30.297021438850724,871,936,93.05555555555556,ok,,Zb2Inq1UVhcMnWA41GpKyRdF4z62,20200814,vowel-e.wav
137.84427939329825,10.509756966387386,0.0020573892795463,0.0115117015834692,29.541221251567755,869,962,90.33264033264034,ok,,5AL2X1GP3aVAAMeMPnvxOCNAQlA2,20200814,vowel-e.wav
144.4512165679167,5.059718911942775,0.0044110927722731,0.0335715731840675,29.705493423089813,1170,1269,92.19858156028369,ok,,O4l1a5TWsdgLlW9cECz5PnWX6UP2,20200814,vowel-e.wav
249.42014687378304,2.957621798832444,0.0019802252714538,0.0382493006207102,23.77896251220549,1874,2020,92.77227722772275,ok,,j31umQI0FpRQTOBIkTlKlGlPhF03,20200814,vowel-e.wav
191.1701653476822,20.969001426686297,0.0040939903629311,0.0390368658258116,18.20422792376741,487,1133,42.983230361871136,ok,,ZfgCPP4WpOP78cBnZ39az9sb0F82,20200814,vowel-e.wav
,,,,,0,0,0.0,failed,"load_failed: Audio file contains 0 samples.
Sound not read from sound file “/kaggle/working/ext_20200814/20200814/JUVJnOVJKKcdzppK3hkci4TO4ij1/vowel-e.wav”.",JUVJnOVJKKcdzppK3hkci4TO4ij1,20200814,vowel-e.wav
125.437250816463,2.509182501049372,0.0057253973331878,0.0392574902315721,21.070223825493464,1682,1781,94.4413250982594,ok,,fNZ3MnqiGRQlpOptmB2S09fDdYi1,20200814,vowel-e.wav
120.85202279967224,14.356170279543536,0.0062691691264064,0.0755774450125005,14.098208623280463,983,2327,42.24323162870649,ok,,Z6qimRi4c2NDdPHsocMRk9IlgdH2,20200814,vowel-e.wav
180.49515616873327,11.269543218399503,0.0058218604663264,0.0454544942899507,27.760830851924,1409,2131,66.11919286719849,ok,,Zs7tQ487P7hws3ur1TG53aiF0eC2,20200814,vowel-e.wav
166.5012435609759,81.69788671752389,0.0423632813752398,0.2035405957321946,5.692735832388691,782,1244,62.86173633440514,ok,,mvUyFeIK2CSh8vtYDviTKeSQuZ62,20200814,vowel-e.wav
101.27339289448432,17.849484301608662,0.0073480645428173,0.1208021669381516,12.53747673810822,232,749,30.97463284379172,ok,,ecy0t93dh8TS3yPI4YJZDSuDFAi2,20200814,vowel-e.wav
117.4387518418876,100.97359626428842,0.0268679162370664,0.1741377464703135,1.478430788887137,358,1150,31.13043478260869,ok,,BNbiq1U3xWVT44hg7Bl0f8SWjbt2,20200814,vowel-e.wav
258.3841780851226,44.4807502481437,0.0596055515501946,0.0952889177196097,15.402923722372094,114,555,20.54054054054054,ok,,JJAEXqn68kVaaOsFjX7n5Qehaws1,20200814,vowel-e.wav
140.9745635378264,5.706316673240916,0.0063599186284333,0.0775846907569012,16.982037229013084,1385,1619,85.54663372452131,ok,,ZaeW7vuikQgf7984JVqXYOtUQMs2,20200814,vowel-e.wav
210.618434979626,26.064113909143224,0.0042310114644539,0.0639158785191569,13.97393395685264,767,1943,39.47503860010293,ok,,ResMUOUcy2MrsL3bksITWifqla52,20200814,vowel-e.wav
98.88931141155864,3.026147986390295,0.0035530575375031,0.0479383167864288,22.981457830973856,881,1389,63.42692584593232,ok,,yWWeEGFFbQV2s7QqXUQjSrdp6573,20200814,vowel-e.wav
113.43500467621442,4.423016112755478,0.0107100977373043,0.1090614613324217,9.39648904900046,1445,1594,90.65244667503136,ok,,QLfHliTV2YMbuC5y06vcclyWdEF2,20200814,vowel-e.wav
202.18183056207016,21.068329069212304,0.0062507236676523,0.0558710425541147,19.04466303689368,287,390,73.58974358974359,ok,,cUmQfhZCLYML6b9ETc7qJAKXv1G3,20200814,vowel-e.wav
135.40255286509108,3.247075244535324,0.0024150498585333,0.0227832667751324,22.725399490353325,634,902,70.28824833702882,ok,,1xhe0J87pIMJlB7TdQDwUTpHMKr1,20200814,vowel-e.wav
145.399285733975,68.23958041508251,0.0490565056420887,0.2052832376212381,3.108828822127084,306,698,43.83954154727794,ok,,eqtebymPdFfBCm8B85n5oSR7Gja2,20200814,vowel-e.wav
256.97607158240595,2.914646636446738,0.0034676871752966,0.1192629760510137,16.352210957652943,1037,1112,93.25539568345324,ok,,9rRdrR81MVgC0ITeAwOYyqj8ju43,20200814,vowel-e.wav
118.93046981727072,2.4857848989867306,0.0030796375043118,0.0560297195180052,13.625546074924088,1194,1465,81.50170648464164,ok,,YvhPqG9MqhbjHErOmOctaNdVdJZ2,20200814,vowel-e.wav
137.85173980473675,2.4676420977531768,0.0025606353545954,0.0270772013058545,20.254241485226338,340,629,54.054054054054056,ok,,zVkoMlwOqwXzjsgyGs99OoU10J92,20200814,vowel-e.wav
,,,,,0,0,0.0,failed,"load_failed: Audio file contains 0 samples.
Sound not read from sound file “/kaggle/working/ext_20200814/20200814/kgjTguvo3vZJTO7F1qO9GxEicbA3/vowel-e.wav”.",kgjTguvo3vZJTO7F1qO9GxEicbA3,20200814,vowel-e.wav
245.6898056655223,3.016148581964446,0.0072314425659602,0.0491030701151054,25.52598869084568,596,800,74.5,ok,,byVsWVHvkgc9Pkf4lUPOGSdZ0Vl2,20200814,vowel-e.wav
149.01965965004177,10.030811462377292,0.0032785806970628,0.0207383666715943,23.142761023400176,559,815,68.58895705521472,ok,,yvMM52GM1jSK5kA1CRX6hSFt5ON2,20200814,vowel-e.wav
216.50018346304503,59.69145202449852,0.005945351487967,0.0596194999516279,24.09246676474767,568,1039,54.66794995187681,ok,,VtRlegQfrDTPW4WxmoW3iJPzedQ2,20200814,vowel-e.wav
,,,,,0,0,0.0,failed,"load_failed: Audio file contains 0 samples.
Sound not read from sound file “/kaggle/working/ext_20200814/20200814/Ts5Rbl9h9pWKqCQPJwoTduGvjMm2/vowel-e.wav”.",Ts5Rbl9h9pWKqCQPJwoTduGvjMm2,20200814,vowel-e.wav
176.8947793967451,8.337411109614711,0.0070225346299989,0.0230314086719825,29.09465886105041,629,1261,49.88104678826328,ok,,4U5fWjzYiROaFxurdK2BCMt2IIg2,20200814,vowel-e.wav
181.4951954384814,36.1152970285054,0.006421602241893,0.0761126030132384,18.205425362583345,1181,1841,64.1499185225421,ok,,ekXeaNBZYgZvh7mpGGwDQR4Jlwv2,20200814,vowel-e.wav
135.82378249920296,1.7702775862448998,0.0044942070857428,0.048152867457529,21.48949413155752,1510,1611,93.73060211049038,ok,,dk845iIpzubUAv2YuoWHaWTLRAv2,20200814,vowel-e.wav
171.10471023075905,27.103830062115843,0.0054133381433293,0.0501087391993482,15.715862345736182,743,843,88.13760379596678,ok,,IwdtdPMreWTA8nzpEkgfkGWZTTm1,20200814,vowel-e.wav
132.9031978504439,5.319801347807292,0.0049558867441105,0.029144284211408,22.50929847567725,1003,1073,93.4762348555452,ok,,Ww58ucOI9ofTXq34sGGDQmx7Qwk1,20200814,vowel-e.wav
127.2720901615367,2.244348805179735,0.0069848648079032,0.0875771909390173,14.69801258269855,1820,1995,91.2280701754386,ok,,6Or8DONUwObeo4MH2Sbtx7JTVNU2,20200814,vowel-e.wav
146.2761939448348,15.900285690714137,0.0068390726576644,0.0829187563052022,20.854832244147367,1227,1457,84.21413864104323,ok,,a86P7j0ZQccywZYCvzsunFdDRaV2,20200814,vowel-e.wav
256.0086082403116,7.502120865341077,0.0075565990549758,0.0539881170128233,25.39375434042448,1104,1312,84.14634146341463,ok,,LtqbA3mrmKN4wsTG0sEoPl6fAfB2,20200814,vowel-e.wav
126.07599169635012,52.27127504865459,0.0172306194073082,0.1498091837008492,10.545779641521678,205,1082,18.9463955637708,ok,,D31ydMgq8wMpO9OOGwxpMfOp9qg1,20200814,vowel-e.wav
124.23032005702277,2.269137112839472,0.0031105620411922,0.0537823807637259,15.066915854593908,660,1022,64.57925636007828,ok,,KySjVqQmk0evZBDzxtR59YHuV222,20200814,vowel-e.wav
128.47247536940023,11.973071177208595,0.003508549686469,0.0588374493412179,14.792800931798828,957,1064,89.94360902255639,ok,,0kQAWAGJHffg9kZhji65QkUaEvx1,20200814,vowel-e.wav
172.22451621892492,37.868668382852846,0.0047583031712509,0.0453778732310591,22.22240900937118,1172,2242,52.27475468331846,ok,,CEn02KlCBsUgUqUmf5BfUgaITG33,20200814,vowel-e.wav
181.60247445713128,63.569304289253,0.0083378402810894,0.0374693566124628,13.984494478113984,975,1295,75.2895752895753,ok,,NRG3cVOEhsTaVQeeNG60tBv247Z2,20200820,vowel-e.wav
261.6893657995373,97.30667370913817,0.0089340937486295,0.0723909742473209,11.841126518015573,246,1704,14.43661971830986,ok,,59dIvwH1JDU9pHbH1rc3FoVlJWl1,20200820,vowel-e.wav
,,,,,0,962,0.0,partial,no_voiced_frames,yZuoG6z3pRfycT6JKqwqKDMj4tM2,20200820,vowel-e.wav
223.30710990419792,9.231531926983468,0.011267484395952,0.0874238426527555,17.16739271096248,416,663,62.74509803921568,ok,,20fmUqvUKmhKFgj9U6zVLyjNeAu2,20200820,vowel-e.wav
,,,,,0,0,0.0,failed,"load_failed: Audio file contains 0 samples.
Sound not read from sound file “/kaggle/working/ext_20200820/20200820/Tfvspm3rapd3ZLyAoMG36VxNQnr2/vowel-e.wav”.",Tfvspm3rapd3ZLyAoMG36VxNQnr2,20200820,vowel-e.wav
117.3042596578465,6.187954221834754,0.0238646736659844,0.06187998396976,14.360461693417102,901,1066,84.52157598499062,ok,,WNCUJW2QH9fEcsSUztikS1Zvoyn1,20200820,vowel-e.wav
154.96692973079797,30.76796977184925,0.0062837315153,0.0518721382037373,18.73428731791696,238,356,66.85393258426966,ok,,1e8i6Q47ewbzrTiKqIeOLEvPv2Z2,20200820,vowel-e.wav
122.26825091621564,4.237439671446591,0.0053290131992747,0.0655830266007534,18.979599273624544,1100,1346,81.72362555720653,ok,,BNraT7TUj1ZHWnxzh3eVOM2CwIm1,20200820,vowel-e.wav
201.7437989737648,4.988094668192193,0.0153834436995343,0.1073278635007958,17.954713549289416,365,834,43.76498800959233,ok,,TaoyZAahOzRoDQRxb0DtDZh8Opa2,20200820,vowel-e.wav
234.244615229106,5.397061309505802,0.0068966657455196,0.02349411459109,27.83777340759192,1050,1141,92.0245398773006,ok,,01OCEf1yB4czsq8ygRoT51s96Ba2,20200820,vowel-e.wav
151.1322601350577,2.2270383168807992,0.0041623042143712,0.0381394630850444,24.951546719702367,328,894,36.68903803131991,ok,,05acPS4aRGfvuOfku11Za8zve8i2,20200820,vowel-e.wav
227.8817664368709,8.027977462874714,0.0030336043703527,0.0496489353107231,24.853653592650254,577,911,63.33699231613611,ok,,dWeafY7aXUadwWiTVJinx7sftGl2,20200820,vowel-e.wav
112.63614343717032,49.803417050924615,0.0338329940803312,0.2357829751780972,1.0912021188453591,23,44,52.27272727272727,ok,,aNOpaVGqF7PiG5n1ln5B1VJnmCO2,20200820,vowel-e.wav
197.58816495505795,4.44679093729253,0.005612277773052,0.0253296580271497,27.61125616348638,229,237,96.62447257383968,ok,,Fi2lLmV3LHR5brvXs0z1JSKDvnI2,20200820,vowel-e.wav
269.78010607812746,7.0676724111073375,0.001367042779981,0.0245544060130401,23.00855805576949,445,518,85.9073359073359,ok,,Za0aCHrh7pcZrQI3Qg5JiSOl3o42,20200820,vowel-e.wav
146.63221384963884,9.426185713187015,0.0186142872584832,0.1359654834591172,1.3630129808884963,1137,1210,93.96694214876032,ok,,jppvqUD1X3VH39cGDRRlmhj4wu12,20200820,vowel-e.wav
134.96289520834742,8.005904146027778,0.0038342462800978,0.0362100894782652,20.707434581499843,747,843,88.61209964412811,ok,,FIgw7gymskPu3RGgk3Q6GeSH7yB3,20200820,vowel-e.wav
274.45963704514946,2.734814360149252,0.0044638514875541,0.0199138670603545,30.0049833872345,425,1500,28.33333333333333,ok,,40NRJEGpU9Vg2IFXcuqCQLiKLVz1,20200820,vowel-e.wav
210.4057970563541,2.756410710015335,0.0024787443187389,0.0286264449302543,29.238089020467857,1227,1295,94.74903474903476,ok,,kBFDtvAVY9QYbi7YHYgd7tNpsWx1,20200820,vowel-e.wav
228.86461868966703,58.0915549258767,0.0220199053241791,0.1064080352495181,20.38766688350798,256,578,44.29065743944636,ok,,g2CeKxcydaSeP7WB3qIWjB8ZW8o1,20200820,vowel-e.wav
145.45678996652347,18.938336674814995,0.0144582957926477,0.0764060996587787,16.124703450321356,1895,2276,83.26010544815466,ok,,Axei3vO2YcQM56PrwqmMF40A6aG3,20200820,vowel-e.wav
213.45470640196856,18.21989008258831,0.0019914308707992,0.0142474532329149,33.85481091645353,1313,1423,92.26985242445538,ok,,aU8pLZV1OUQJV0GKeeIlgWhYWeA2,20200820,vowel-e.wav
250.9648758640765,15.1407307357373,0.0043301743051962,0.0518294409471998,26.154239140658422,540,1483,36.412677006068776,ok,,k0uQAYNhiUZvHePzPoWE9wUfBNk2,20200820,vowel-e.wav
119.23722515568798,10.854870682406316,0.0042364882966823,0.0499404189141548,24.90875740224752,711,1457,48.79890185312286,ok,,5DKkP9ZkD0MvFcWNlDlAF5cBuFh1,20200820,vowel-e.wav
127.82762444080868,2.902709689677309,0.0109423560670484,0.0698422471526621,21.183704655457948,1537,1713,89.72562755399883,ok,,IG629UPMI0SQe0tpOKcTKCnQYr82,20200820,vowel-e.wav
155.00735152812237,14.405193582622037,0.0143310329257349,0.0794298849690025,13.292266072499784,1672,1884,88.74734607218684,ok,,2suYua5dbdh2cSreNFm8flktMEc2,20200820,vowel-e.wav
161.4658394879403,4.877058797221557,0.0044789378579636,0.0519564922051734,22.08546171119449,230,390,58.97435897435897,ok,,YHHZYBxPHsUWYITjtMRAixs3DX42,20200820,vowel-e.wav
178.07691844278557,9.371267972000162,0.0767310564314443,0.1370818529062065,2.9941748169859697,9,81,11.11111111111111,ok,,iYM9uJMyO1UoXTo1tc7rXvsI4bm1,20200820,vowel-e.wav
,,,,,0,109,0.0,partial,no_voiced_frames,fuCq7eA5CPYcnRpJqc0hFSr8klr2,20200820,vowel-e.wav
137.82377801761282,2.5235464016438125,0.0031732418849283,0.0195155193196576,22.51560708533183,1394,2771,50.30674846625767,ok,,bH6WQVvClVRDer6iOFvaGiz0luf1,20200820,vowel-e.wav
215.77450983509468,9.835461883254183,0.0052136221878459,0.0364193776740772,23.681727726659737,1014,1073,94.50139794967382,ok,,9Wkd6QJdpBNEosMpzYhFwZjBJX92,20200820,vowel-e.wav
154.38501502200478,38.5687963759198,0.0096743091705927,0.0636301649940613,20.805000525266585,795,860,92.44186046511628,ok,,ZzKpUtFGzsVEK7E1wsVGRftKdx93,20200820,vowel-e.wav
112.4034058354832,21.27218279407366,0.0123820584494852,0.0640818149076631,16.468848124722577,674,1525,44.19672131147541,ok,,9LCBZHRlg3Nk6NMZHu7AZJ9Rju53,20200820,vowel-e.wav
,,,,,0,851,0.0,partial,no_voiced_frames,G5kUP2QOpVSyjK6Q9rzblmTU9vW2,20200820,vowel-e.wav
149.1734121125184,70.70163619325078,0.0528132822271654,0.2801666633958226,3.173603396222909,33,211,15.639810426540285,ok,,HwUhcAKwJIeckUi86cbzb3sTr5m2,20200820,vowel-e.wav
129.02408914617445,17.93400230723661,0.0267833846587042,0.167974083450548,8.594490752715288,84,230,36.52173913043478,ok,,65JopCV7ExeP1scqYfg8nP5KjKy2,20200820,vowel-e.wav
140.5003684747574,2.0853362667701387,0.0060627892716836,0.0851441977395433,16.06060562730767,869,1781,48.79281302638967,ok,,LziLApJbcWWu3MzbIL8k6mLdyFK2,20200820,vowel-e.wav
138.22751528174086,1.9153923764389449,0.0044348388212621,0.1279060508881086,7.124499041457593,176,954,18.448637316561843,ok,,XzIjEtRHHPci6Zq0zb9Lx0d6zEr2,20200820,vowel-e.wav
134.51856710762476,35.11467548761932,0.0068874682835283,0.0795026351978709,12.91057068882147,1565,2496,62.70032051282051,ok,,5q8gLM0yCrgGCT8F9fWlH4ycl1D3,20200820,vowel-e.wav
193.91490051038528,5.609589072947151,0.0032206799665191,0.031297577250218,22.39361536412448,1212,1440,84.16666666666667,ok,,Y635Ri3QFMcOKC0ckXgW2r0xJ422,20200820,vowel-e.wav
119.66455200293932,6.855266778958559,0.0046944969301144,0.0329780741266285,19.63599089231996,442,774,57.10594315245478,ok,,0zUxdfS5aoS6SiEoF1x6JXOk25B3,20200820,vowel-e.wav
252.478066942356,4.596949898171055,0.0047836201936298,0.0316961559315741,26.46107319628977,641,1022,62.720156555773,ok,,m6UxfLHv0nWKNqMZP2uNiGzXgKh2,20200820,vowel-e.wav
202.5057293034793,13.566872325068667,0.0031154584243498,0.0276700454583331,27.77343471238741,1135,1576,72.01776649746193,ok,,wXChdMlWemXwRdX642WnX6JbYfA2,20200820,vowel-e.wav
111.3968916871058,4.70012276309113,0.0038922523373043,0.0922760321488605,14.25238502014772,1275,1594,79.98745294855709,ok,,DmKc9V8ZeqQBMqOaGMDZ3mvRIY13,20200820,vowel-e.wav
201.99641359955163,11.344064921485684,0.0048167283635881,0.0186229675971879,27.743147493661493,674,945,71.32275132275132,ok,,YRiIODBG3RXPbDttwztMhsXg1rv2,20200820,vowel-e.wav
252.5712615757507,6.71814654634881,0.0044771207014915,0.0428616061474406,24.13050057329839,1458,1628,89.55773955773955,ok,,Fx2gbIoPlJXrK5OD8FMeepOGlLa2,20200820,vowel-e.wav
196.6876467946743,19.614764741456607,0.0614317355456256,0.245401154001519,-0.3721467293933098,17,54,31.48148148148148,ok,,VLrOagtGVFYxWiEnMVFn1BnSWHM2,20200820,vowel-e.wav
172.51128447447752,3.649182111401869,0.0024765701645493,0.049778562524761,19.952701219949603,351,501,70.05988023952096,ok,,xuXF9GD5zhWX6SqjzWsrUWvevhh2,20200820,vowel-e.wav
131.9934139967674,7.402175431405064,0.0043844873253799,0.038486853161138,26.720809901320216,1051,1431,73.44514325646401,ok,,RUZ93kkyD0hJ1v7awXutr6RgF943,20200824,vowel-e.wav
236.92529638480687,133.49720551831058,0.0643190215056758,0.20328907829352,3.957628737273148,41,63,65.07936507936508,ok,,KTaxfghl8TeziY3aZmaNxNFmUqj1,20200824,vowel-e.wav
129.26074566546893,1.87504235831082,0.0024869926480334,0.0176904101867032,21.418853039478712,2336,2438,95.81624282198524,ok,,ptuwF1pj4ibIoVuZmt4nKb5naiZ2,20200824,vowel-e.wav
107.17667170739078,10.382772423728946,0.0027687794544491,0.0249407259628805,28.40656857015651,1289,1423,90.58327477160928,ok,,vSVws79jhxXr1iQrtbvhchHaHCE3,20200824,vowel-e.wav
157.9864571133637,75.16438373008661,0.0182998377938604,0.0867150128091703,13.347079411869206,681,1423,47.85664089950808,ok,,V4vtnfRZS8bjKjuR7KVyYnJQXw32,20200824,vowel-e.wav
127.58853389548491,1.8085233770062592,0.0038722211268418,0.0552874820698735,27.046622346382243,141,262,53.81679389312977,ok,,xh2LPx4DZNXX3hdsmHa7Lk41fPJ3,20200824,vowel-e.wav
355.5046748910077,7.979232979153969,0.0059625174910816,0.0216617264513361,32.41551331938628,556,655,84.8854961832061,ok,,xYCukI9rgMeslwjIYWheFtyZ6zk1,20200824,vowel-e.wav
120.1331698910024,75.00532756578643,0.0405711492237928,0.1193469069524593,6.265577146121306,398,1158,34.369602763385146,ok,,Cd7fkliPM2ZUM1skytvoU2vD8jK2,20200824,vowel-e.wav
,,,,,0,0,0.0,failed,"load_failed: Audio file contains 0 samples.
Sound not read from sound file “/kaggle/working/ext_20200824/20200824/pBBuvcoBj7hjmNVYFICT4hQYRGw1/vowel-e.wav”.",pBBuvcoBj7hjmNVYFICT4hQYRGw1,20200824,vowel-e.wav
135.33568006055094,4.991370641498883,0.0089077764307183,0.0535558073581496,25.777691777778667,63,211,29.85781990521327,ok,,JcXAvo6g3GYZOJe6VnzkeqH0OmS2,20200824,vowel-e.wav
112.45949733991095,14.551282161711216,0.0066866070744029,0.0457319128077672,20.38113142974841,252,442,57.01357466063349,ok,,yZtohTVxlSauCUNuIIEUcdIA2TJ3,20200824,vowel-e.wav
117.89454362480384,3.5144246056928203,0.0024184064421438,0.0551261996238209,18.419005653747348,2805,2998,93.56237491661108,ok,,SCsTjixqXmWvyjniXtg7Pv54Amw2,20200824,vowel-e.wav
136.78076805725442,13.01552214600729,0.0120349167602493,0.0797965018504787,22.103241037456165,48,186,25.806451612903224,ok,,y0TkG5sfyhadW3VSct50RTl3HN02,20200824,vowel-e.wav
117.90658051844753,34.381550036580315,0.0052412858751763,0.043911193378644,23.901427982761053,105,169,62.1301775147929,ok,,oeOuvTlUMEfWPcNOA4EnTk5Bh4K2,20200824,vowel-e.wav
150.88016643823067,69.6212980257241,0.0137361180511929,0.0901668538945799,16.389221077764258,51,296,17.22972972972973,ok,,OL4W8fQRM8POiI9lasCM9tgHUvG2,20200824,vowel-e.wav
159.16776961994117,39.15738943870176,0.00958010459754,0.0527879913421735,21.994264389447668,761,826,92.13075060532688,ok,,KcO2p01LdYga7563y95BkKII9Dh1,20200824,vowel-e.wav
100.03163905205112,10.988088475537996,0.0032488040665702,0.0566278656351595,17.47889140608658,761,860,88.48837209302326,ok,,31euepHD0deCxTd2nJ1wzXCk5EF3,20200824,vowel-e.wav
119.37269806520302,2.45937983073905,0.0040285195733966,0.0303648729837382,27.29944927752295,1332,1611,82.68156424581005,ok,,Tvdak0zflIVWdvWsNj7l9Ur0k3m1,20200824,vowel-e.wav
113.17852790150712,4.968177993027767,0.0057935545675509,0.010869035492083,27.807769087953773,245,382,64.13612565445027,ok,,nCejocB61DU95Gz2gEcPeH0N2pm1,20200824,vowel-e.wav
119.6860536485494,33.55276215105054,0.004194183519077,0.0465141101942671,19.18075993703151,644,723,89.07330567081604,ok,,6BT19A6gAlNjbtbe3EdgKQc4kkH3,20200901,vowel-e.wav
110.13910590832084,16.195786650216974,0.0031996275824393,0.0423810021064334,16.651862356792073,283,373,75.87131367292226,ok,,xrVSOYVRn2RTVm7arbPJztWNCoI3,20200901,vowel-e.wav
175.16941113391383,58.33581882283041,0.0240032803326644,0.1439973486006119,11.282213278707436,299,604,49.50331125827815,ok,,S0ZhYGoCVfXWMHzPGZ41PvHYiw12,20200901,vowel-e.wav
107.6470964462022,12.575956514383732,0.0051226409514567,0.0644135685538244,19.02885155404176,676,894,75.6152125279642,ok,,tFXAov3QpbTvPL6gzCSwAsTSFT93,20200901,vowel-e.wav
130.6077111152592,29.88298255300812,0.0113939674463749,0.0763186622751508,15.1118670860639,219,1158,18.9119170984456,ok,,lVHnQ9UNkAYmjNm7wL885LzpsOk2,20200901,vowel-e.wav
177.43064142610044,26.54426179762952,0.0178143872441377,0.1039433849855146,16.94300016317373,303,450,67.33333333333333,ok,,T190nKNqKoPk02FHlHYJTBDUnPA2,20200901,vowel-e.wav
163.85395126140193,22.567437165449995,0.0024930303088686,0.0572933663971604,16.30733408192689,620,732,84.69945355191257,ok,,xRTpzeZwMiQaC5YCnlXZeDwgcvL2,20200901,vowel-e.wav
188.4727381074931,110.20115805894476,0.0348524180499698,0.1537947958815618,7.207643925612675,88,732,12.021857923497269,ok,,8fdUOI5UtkZBCVFXNT1a4hl3rX33,20200901,vowel-e.wav
158.8368671326084,4.226677922954436,0.0021729694437941,0.0212106248351291,24.60597281498272,709,826,85.83535108958837,ok,,cf4RgKotFbYPn2HsLdxHyiChY3I2,20200901,vowel-e.wav
164.99069557689575,3.198464701095221,0.0023816754106246,0.0455284204991408,22.91602004209598,1007,1372,73.39650145772595,ok,,8J17ZUDTdXfN5NYwjjp1ANcRqbJ2,20200901,vowel-e.wav
134.16062634714245,48.66432622160577,0.0100981812817857,0.1200930709115817,15.27749124328666,397,535,74.20560747663552,ok,,xsGViRLscNeryc3TyMt1eqmOt0C2,20200901,vowel-e.wav
114.50665397665207,9.11092068809685,0.0077617028626612,0.0340049371617925,16.32097260123494,172,365,47.12328767123287,ok,,oNVwfrIb63g5zB4jsaduCjuufPo1,20200901,vowel-e.wav
146.0589053806667,68.18538061100212,0.010106574917559,0.0418830553027743,20.77154239237037,254,365,69.58904109589041,ok,,WscnqzOzFwUvHbl7MKfRcioUI9t1,20200901,vowel-e.wav
131.4559386037799,3.381523996049141,0.0049206497515268,0.0505902904359511,18.148960579856123,522,2148,24.30167597765363,ok,,85iNcV2z6MNT3FrygbEC4fuGrIu1,20200901,vowel-e.wav
135.72717299482696,2.4958119432609505,0.0020705381541512,0.0537201352383424,21.801350167140267,1522,1713,88.84997081144192,ok,,REREbF9ZKUd33adQOFDQXSYK3SI3,20200901,vowel-e.wav
228.0819914297197,12.22031291710679,0.0094317387477785,0.078281026695408,18.845060634598315,245,305,80.32786885245902,ok,,UhYCvhOCn2erbzJc5faN4ek3D1I2,20200901,vowel-e.wav
279.4550910652161,30.12198688160382,0.0071553177089934,0.02458704433687,21.601221342308666,47,305,15.40983606557377,ok,,6mCAHbyEebbEDkxHxOqihoJRkX83,20200901,vowel-e.wav
198.44558997224297,20.820245271317564,0.0072210785199497,0.035542464380394,23.852116038162908,310,407,76.16707616707616,ok,,CGGk5Y7thvXSCYhDX0e4yPN7g5R2,20200901,vowel-e.wav
254.13766682745143,98.36131911956709,0.0440586017807222,0.1974545278656843,8.821780410360745,202,459,44.00871459694989,ok,,BoCrMaxD7DVdo0nXNl14zk8ycR52,20200901,vowel-e.wav
136.49726831108637,3.293679291190597,0.0065908791046428,0.1066727155573382,11.424459882477509,1270,1448,87.70718232044199,ok,,t6twqoKKSMOJdmehEj2gbVo6Lao2,20200901,vowel-e.wav
146.12258826753592,44.66198144785899,0.0349811203068596,0.193983327284187,10.307711074822866,352,860,40.93023255813954,ok,,gpcoorcyfuXQZxcUFTxthUKOua03,20200901,vowel-e.wav
254.2994614699479,117.95211808061065,0.0364303790327211,0.092905827592003,14.319544366304097,493,1670,29.520958083832337,ok,,9TA7dm7qVygA0rTNGmNJOlofvtP2,20200901,vowel-e.wav
112.59799623243406,7.966928192172514,0.0039909525312302,0.04217650684392,15.154584210205716,1511,2771,54.52905088415734,ok,,k9c8ik6XlhbYFnHoXHqyDIQ5axe2,20200901,vowel-e.wav
129.31610628541716,2.9113642031103097,0.0044374290989143,0.0420465864305331,17.6924637974468,723,894,80.87248322147651,ok,,IQSMEGOrc3XegUpIARWm07D2K2a2,20200901,vowel-e.wav
147.0027245512141,5.865494005883843,0.003541441430632,0.0412802514364711,15.451743717200088,227,988,22.975708502024293,ok,,CdU4pgCdFcZxtDHTpLUn1mO9J3o2,20200911,vowel-e.wav
227.02397379208185,52.88543589402372,0.0162885652107037,0.0764877085221695,16.82757607358871,1156,1448,79.8342541436464,ok,,0RHdUsu2qFMmG4dhpJd1NqM5ZTC2,20200911,vowel-e.wav
165.02887670393787,7.389645076393084,0.004038314353483,0.0649540881812305,22.3115833832598,134,262,51.14503816793893,ok,,sCqJBGNT5AhdqxZD0AuJPbbhJ4k2,20200911,vowel-e.wav
184.94707582140984,3.526965158198407,0.0034424670871498,0.0412045215796227,20.62487421006448,173,245,70.61224489795919,ok,,G8f3XmmcaXb2ZZ2ov4Z5r2vOLaK2,20200911,vowel-e.wav
,,,,,0,75,0.0,partial,no_voiced_frames,4qLi2eWkYGasKhmmPPiyFAGUqBr2,20200911,vowel-e.wav
282.7180963872559,2.655282300581636,0.0030461109918125,0.0187158334204263,28.383564817281847,1053,1218,86.45320197044335,ok,,XFlqN1sDBKNXyuORhVagkJnr5V33,20200911,vowel-e.wav
170.2787498079407,50.99744004249112,0.0281133107428259,0.060026077648376,9.242563314055614,33,160,20.625,ok,,BDygu23lyUbBq2NlqfzRxGoMm9B2,20200911,vowel-e.wav
160.2047613085311,22.70765347576453,0.0021201475902084,0.0812546118705728,16.114256127481152,571,621,91.94847020933976,ok,,uKNcZUbxcoVEtx2loiRvJEAhPEj1,20200911,vowel-e.wav
164.63940914930976,1.2485129924506777,0.0023386618367853,0.0467532816066847,19.531506946932662,275,279,98.5663082437276,ok,,yI90OQafcNSI5Hcgsil9iEifx1R2,20200911,vowel-e.wav
125.84458575756588,3.2688374775110263,0.0038692406613919,0.0192827913066168,32.073582286708394,134,254,52.75590551181102,ok,,RY495l51qRPkLQxPMtN65Fkzcbw1,20200911,vowel-e.wav
153.36098099658216,2.836844179295932,0.0034494326459038,0.0354114544057673,22.50859647236968,278,314,88.53503184713375,ok,,ql3kCRgabMZdkQabRLQNwJGLpwe2,20200911,vowel-e.wav
232.74435918765872,52.39196317420622,0.0482267959457345,0.1873262681221803,4.092963397286817,30,58,51.72413793103448,ok,,vQA8WvDgUxM5wRLMuY92tqJCZgT2,20200911,vowel-e.wav
152.8823276102066,39.07120563937568,0.0063743458365094,0.062971006417569,17.37941505011025,48,151,31.788079470198674,ok,,2vH4QMrMaMMm5oZYScY0b36Z8MC3,20200911,vowel-e.wav
248.3563892936621,37.65784240364135,0.0417360986460136,0.2321456384748051,2.0966684099074446,7,58,12.06896551724138,ok,,BZHvK60v1LY9cBfLvYkBkJxdfNz2,20200911,vowel-e.wav
161.30795461560112,1.1013953123668354,0.0042755223537658,0.0737064379129037,15.306453992922595,522,527,99.05123339658444,ok,,VXCvsGinvzPFVkLNlvJFw7z9G8j1,20200911,vowel-e.wav
161.6876602054423,7.281057761893915,0.0069876515479828,0.0390735712627457,20.967599633217176,188,356,52.80898876404494,ok,,TULtUREj7OY9m91BqV1hqSeuwYf2,20200911,vowel-e.wav
122.85887762401758,2.72013113269502,0.0107953896630105,0.1313070939800457,12.463695878922156,645,774,83.33333333333333,ok,,kB7J1mRmiPbjIVTAgovzFwP5nQm1,20200919,vowel-e.wav
196.11738515740123,3.4001803538950672,0.008970785430911,0.099421107874494,16.495048115552382,393,399,98.49624060150376,ok,,padi9FFWGYfPABEtWBwLQqf952s1,20200919,vowel-e.wav
148.748455356405,10.308341688909715,0.0032521126799943,0.0514151454429868,25.44564591303841,859,1047,82.04393505253104,ok,,oPLTYiEHMFTuruwTXpbRPnlz2mr1,20200919,vowel-e.wav
206.02337597082035,79.44061800286859,0.0569228703236383,0.18910469477115,9.863865842194782,74,169,43.78698224852071,ok,,0KSi2atlmsXNcGMfpDNzIjJSvC23,20200919,vowel-e.wav
129.60589320072296,10.18648826305986,0.0087977983313186,0.0997084326722684,17.875709966210717,668,783,85.31289910600256,ok,,ffyNrzu5ZGXrZ0I7MbxBwqbtIln1,20200919,vowel-e.wav
134.30422900619405,4.2151411856561625,0.0109714917435824,0.1241981487336806,12.971364419643937,287,911,31.50384193194292,ok,,KFQ0ksPwkDcLUUjbVBYWGWr9ei62,20200919,vowel-e.wav
168.9666554784006,5.585207520307532,0.0026087485671996,0.0276625925613245,25.783335957829685,851,928,91.70258620689656,ok,,BTq6ZzkM2pdcUmgtOHVP4GG5wvZ2,20200919,vowel-e.wav
177.80190932285868,11.16710428702268,0.0022327590210786,0.0358566029132321,25.57754211239897,1071,1150,93.1304347826087,ok,,7IeLM4Wp0tOmjNfel0c9yK9gYVV2,20200919,vowel-e.wav
133.33514679830077,3.3217663732789475,0.003412465483246,0.0258487368968235,19.22061676368624,1239,1338,92.60089686098657,ok,,zUAc2drprdaJAE0h1XpQyk01iE22,20200919,vowel-e.wav
154.3044538219379,3.556035407738995,0.0119742917210845,0.1091711032147968,21.18466173337926,29,245,11.83673469387755,ok,,OSva8KJZQuZDquBrWQRFdEOtKFc2,20200919,vowel-e.wav
105.94147477846568,11.023657136084664,0.0074190089855963,0.108091593509074,15.400033596471022,464,706,65.72237960339943,ok,,8PvWScAB6UbnfrkQrpbqLpu7O0z1,20200919,vowel-e.wav
166.71342041406658,12.38462446919122,0.0150334941906953,0.1324853117053922,17.026006168077124,43,186,23.118279569892472,ok,,hVZQcrz6cfaOMfL3jpRqJBUiumF2,20200919,vowel-e.wav
207.3110721861457,20.46436900432246,0.0108968802738117,0.1099513438699859,15.015651132423008,40,348,11.494252873563218,ok,,pVh5tOiOZHgxAWt7lBUe6pAtfEg2,20200919,vowel-e.wav
198.6349274153605,40.01425455860938,0.0181005327464805,0.0966911276340502,18.729725869588467,717,962,74.53222453222453,ok,,IkdWn0v3dAU9eWzsf3rY8Dwgf0V2,20200919,vowel-e.wav
142.1271778752153,4.281934441200094,0.009294569066258,0.0517835144575059,20.1227883789996,154,578,26.64359861591696,ok,,DGWrVMD5yZc5jcjMzblC4kaBLmK2,20200919,vowel-e.wav
151.3074372832578,67.97995221355752,0.017939403684102,0.1108632253100288,1.632431528493386,40,484,8.264462809917354,ok,,VDhr3WpGrNSi0eWqpTtfZdvUC3N2,20200919,vowel-e.wav
217.5261196890963,16.049594526202803,0.006159265462904,0.0412688331992118,22.00559418060456,861,1099,78.34394904458598,ok,,myAv7VQZySPhI599FSTraHN0vtH3,20200919,vowel-e.wav
214.1517547152825,19.12209151642072,0.011301856750686,0.085164701717707,16.635106390076107,52,160,32.5,ok,,b7mMUQm5bObj1jwGFaNyaR07pt83,20200919,vowel-e.wav
121.917056744205,3.389830641011443,0.0038571054191494,0.0433882826809389,28.329215836882423,176,1218,14.44991789819376,ok,,CkDhDGNX3iWEqDFJZXn9FrxPxYF3,20200919,vowel-e.wav
,,,,,0,128,0.0,partial,no_voiced_frames,uwgjET5xm8NHkfQt7LsUpV0xC1W2,20200919,vowel-e.wav
172.94317261659577,5.40067910408776,0.0031326418121637,0.0332528646849777,25.35703487138997,1240,1346,92.12481426448736,ok,,owZvvdKAOXPqHD3yXUpkORYsV0H3,20200919,vowel-e.wav
133.90555410287428,40.619046069464666,0.0084453177822395,0.0680273550899136,22.551363442055266,165,382,43.19371727748691,ok,,gcBPC2UzklTmymsRwuBcQlCsb7k2,20200919,vowel-e.wav
141.48730750105383,36.92375530711414,0.0038923959074067,0.0310896483560789,24.99041339312125,781,996,78.4136546184739,ok,,Q82KnSDEDTc0w7CDj1fSBntRTyg1,20200919,vowel-e.wav
154.788319767363,55.78256168101656,0.0061545950984471,0.1048651468541035,16.10259971598069,96,399,24.06015037593985,ok,,Kbvj1H92OLaeQy0YWHkPGvaH0hw2,20200919,vowel-e.wav
298.5941736895593,6.8334498259273975,0.0029790253817139,0.0234486189708412,26.22805818419808,215,587,36.62691652470188,ok,,bjLKJTRQudYoV82mLEiCmc2lyXz1,20200919,vowel-e.wav
180.8058600959686,21.22049466995028,0.0218876422349495,0.1269128490545578,18.559665866035928,403,851,47.35605170387779,ok,,nC130uADRFZF5vae8qZt2qmpbpi1,20200919,vowel-e.wav
128.33174879860644,39.72508859292663,0.0166668708403294,0.1237049979889536,11.46260404556977,279,1474,18.9280868385346,ok,,RXlGfpbvnpWcbFJjFzkTBbz2G492,20200919,vowel-e.wav
232.8765308865601,98.34361877112588,0.0398801625149409,0.1508989480600933,3.512084073856614,65,1568,4.145408163265306,ok,,B0biFhyqjzNmtEjWHSH9lQYBB2c2,20200919,vowel-e.wav
120.98657542786404,31.56146457229316,0.0092498541119245,0.1663898226967403,9.144736837628264,1277,1380,92.53623188405795,ok,,vqIREUmn5CMqyrMHxlLVmcuN5qW2,20200919,vowel-e.wav
269.91258575372365,3.9882769737072543,0.0016553554293221,0.0156947347389308,29.71417235124973,817,894,91.38702460850112,ok,,6C9hfSrutjdxeM13Vdjb7Om3zez2,20200919,vowel-e.wav
164.19056979792666,45.97982372241369,0.010640932791219,0.0889004534459723,10.284268325673771,405,783,51.72413793103448,ok,,W673kSjviTeaeIVpuLAtv9up4s72,20200919,vowel-e.wav
,,,,,0,202,0.0,partial,no_voiced_frames,DCTTU4q664ROLrpqFatjOKllp9i1,20200919,vowel-e.wav
123.44122619286344,3.7681862360942473,0.0045298744245401,0.0716977837575241,19.201991566655224,1413,1508,93.7002652519894,ok,,pQIRKYbiQ3ZHhnVt8CV73OvmBUU2,20200930,vowel-e.wav
148.78337764064474,2.0795439969478067,0.0033447101067767,0.0460379949924611,21.171377611957645,917,1116,82.168458781362,ok,,nQzxtyMOM3bSn98zqwBe9C7r7MI2,20200930,vowel-e.wav
120.76816839883104,18.593603138173258,0.0041635060735452,0.0100222989867914,32.76941995843872,171,348,49.13793103448276,ok,,aHJPsm6esHeW5apkd8KAFdia9zj2,20200930,vowel-e.wav
247.86975832175145,24.079802479185314,0.0081550109176213,0.0663442471246618,22.592009618930188,150,322,46.58385093167702,ok,,OUFazbHbbtRTQcRP5BWBKzeZpvw1,20200930,vowel-e.wav
190.00698699141105,5.274845969404165,0.0020506750890432,0.0421619896356222,25.57222836408055,219,339,64.60176991150442,ok,,YqPKZEEwQ6N51vs5ztJn2a1nVBN2,20200930,vowel-e.wav
106.9175933465234,34.117784290358564,,,2.236142783065321,10,75,13.333333333333334,partial,,AVuwckF8igNbIhGwa7Ly8nxvIAi2,20200930,vowel-e.wav
141.1705768931918,33.44060941299988,0.0193979641371233,0.116525028004337,14.029271244148152,456,2993,15.23554961577013,ok,,UlWhFB6lKfNxNLL74wLNe7bjM4H3,20200930,vowel-e.wav
131.56501514563865,3.25186415420224,0.0028019233365176,0.0303282299717331,24.99969808739104,1983,2251,88.09418036428254,ok,,vn3xkK3lIdViBCa9kMj8LDOy9yV2,20200930,vowel-e.wav
227.3816318553454,12.785486775905191,0.0043414024309709,0.0521200384215452,21.578452032318744,70,203,34.48275862068966,ok,,hLVaY0Dox1bLCTAqoq0wKKOqBjc2,20200930,vowel-e.wav
141.86902186445073,5.411977985009713,0.0050914917722035,0.0294195594932857,26.889367611156217,539,655,82.29007633587786,ok,,zBiORuLmvGhOciaUXFeAKRhMyhj2,20200930,vowel-e.wav
229.3109717890256,125.09150290035006,0.0470533645403465,0.2055756048764691,13.248684561662314,75,339,22.12389380530973,ok,,pvX8fr2fMcebtfWq2wXqyIp56PL2,20200930,vowel-e.wav
214.19375962980803,23.62941819587336,0.0173645051808129,0.0577397352568636,13.957280871902146,67,276,24.27536231884058,ok,,JuzR5zpE9HU3NsFabIcz4Kkp0Ag1,20200930,vowel-e.wav
145.08802328871573,32.61084869683996,0.0080392906427319,0.0378984723313255,23.612819449276284,2148,2285,94.00437636761488,ok,,j9H4jHAjVPbnLqoO83jZVAtZ5ep2,20200930,vowel-e.wav
183.48877251943,59.65313884760095,0.0030402488737787,0.0791895969007351,18.743903571077507,927,1073,86.3932898415657,ok,,euld60aqc2OtnNoKYx9P4WDzVM92,20200930,vowel-e.wav
148.67866141838627,40.364619446375286,0.0072261574220576,0.057092481319936,22.627209802586936,71,143,49.65034965034965,ok,,IFMid2LmeCTSQAFaL8wTSUg20No2,20200930,vowel-e.wav
137.98177054121263,6.21499972178387,0.0055792869454912,0.0860355845361304,22.65174495038437,145,399,36.34085213032581,ok,,HYGtUoMDukOlfkkQ7rgRPhuKorA3,20200930,vowel-e.wav
286.9483454426071,143.8863262368374,0.0458991318531124,0.1708112349788671,7.267982604393556,51,203,25.123152709359605,ok,,s1x2Ze9iVZNf6oFZDAZ4S9x3Cky2,20200930,vowel-e.wav
256.29208761551274,71.72639646728575,0.0438451597316702,0.2737613818419701,3.516598058103722,31,117,26.49572649572649,ok,,46bIeJk9J8XrD4ND2IPRMQzjJBt2,20200930,vowel-e.wav
136.41885523644967,19.953538498354902,0.007220110382378,0.04472923142161,21.04938620799924,726,1466,49.5225102319236,ok,,tLK9Z6BpfWVDFV7DQKMnEy0Woo22,20200930,vowel-e.wav
158.33468361721333,4.293857320109233,0.0038627655257802,0.0411570395996784,17.436282264339074,1270,1406,90.3271692745377,ok,,56HPUhHPM9UEksAVgCDbQZcxsuZ2,20200930,vowel-e.wav
116.9241239018784,8.366782355054404,0.005176853918387,0.011407880875617,30.04341234857694,199,322,61.80124223602485,ok,,az5zELVN7ObicxGrBLMoX8ki1LF2,20200930,vowel-e.wav
402.3217001575596,53.02672825962833,0.0069208704774643,0.0365668700122076,26.926156523503355,206,288,71.52777777777777,ok,,op1WefhMk4PWXOP5mzMctzOWM3x1,20200930,vowel-e.wav
153.5972647719955,14.460624563122652,0.0098256024423428,0.0551309755705932,23.387540005414937,87,143,60.83916083916084,ok,,MF5f99sONpcYl5fYsVzh32XwSmm2,20200930,vowel-e.wav
228.8586309229836,26.21199798709944,0.007833853829012,0.0826187701029971,18.38713957361083,90,203,44.33497536945813,ok,,nsKPMVQ77PdvSk4XO3Ri21f1YeH2,20200930,vowel-e.wav
100.7143422479794,2.3809683127218952,0.0186290178827742,,2.120748505602095,3,83,3.614457831325301,partial,,A31HJzr8ryMTgwJihXSI9PCot4j1,20200930,vowel-e.wav
107.64460180114008,24.093441713413227,0.0055242169744155,0.0776945142184818,24.89114385431172,135,228,59.21052631578947,ok,,C1h80BY2J5eZgP3UMb4PTJXyKWy2,20200930,vowel-e.wav
117.2665236986862,43.029725091128206,0.0199862915707584,0.1622066616851597,10.843705964015651,207,2413,8.578532946539577,ok,,mmg71cttF0ez7wdeTZeCVFw7GV32,20201012,vowel-e.wav
131.63192598232422,4.268539669581234,0.0026254753970289,0.0607090088365034,23.42337975719799,347,476,72.89915966386555,ok,,w7pdOIUnHPRfYLXVVRtIRsOjGnr2,20201012,vowel-e.wav
112.52876457359916,3.1596882901141314,0.0097120353329626,0.1194630479759998,12.12386435600108,98,1013,9.674234945705823,ok,,joORHxc0iCTwgP7Uh5SM5N7rnnf2,20201012,vowel-e.wav
160.8838752647152,3.473283033484299,0.0026855405345174,0.0274245734838662,24.341713250275628,385,672,57.29166666666666,ok,,zPFIJ3JDo7P5qIIdKvELq76kYi02,20201012,vowel-e.wav
130.38905000693592,3.0052329907522632,0.0024620824518762,0.0281760500457433,25.302160054707183,612,1303,46.96853415195702,ok,,cpkq5jRCUDOvtB7vROcz6LuOAzr2,20201012,vowel-e.wav
185.5256732153485,34.29151011435682,0.0427915712071417,0.2013427464048784,0.2362011822070323,11,72,15.27777777777778,ok,,NRG2CtRi4KdGF8XvpvD5X0DJo2h1,20201012,vowel-e.wav
202.8476560118989,21.950256273149915,0.0221969126335154,0.0506707987780984,16.839356679504466,84,271,30.99630996309963,ok,,HNQHvssRu1QD9oJKikpEcT8ENjX2,20201012,vowel-e.wav
167.65514992780174,59.22255646104581,0.0240806091080591,0.1135967244813126,16.219697008312277,49,186,26.344086021505376,ok,,L9QbDvX4UtMhFOsYuh2aamY3VK23,20201012,vowel-e.wav
214.772324689402,36.564903667521016,0.0023334114367254,0.0198518858732006,29.360805879579107,1204,1406,85.6330014224751,ok,,M43FaHpw1ScIi97eG6LBx2fBaJ92,20201012,vowel-e.wav
192.91975642800384,5.87181510319664,0.0106698479125873,0.0789134603232721,20.61656741365059,1034,2959,34.94423791821561,ok,,dvRr97gwv7Y34YqaccErnWcYRY53,20201012,vowel-e.wav
370.0036713667186,85.82057909006855,0.0152246439958386,0.0829022989395364,15.25359040383731,306,578,52.94117647058823,ok,,WyCgdIfGzxXRPeimIoqiPVysAHB2,20201012,vowel-e.wav
216.59996964764863,65.52184812862441,0.0136535973241629,0.0767681474577919,18.78914427607737,194,493,39.35091277890466,ok,,7J57fRRIEENoMhm7xRL7HNxh7Xy2,20201012,vowel-e.wav
139.5713622124274,6.614805126323728,0.0052391735438083,0.0342748872464698,28.0305084426579,627,877,71.49372862029647,ok,,7arBtLdzGeW8oCN0DXhI6dqqUdP2,20201012,vowel-e.wav
128.76018567088582,4.840950670220975,0.0021944419299976,0.0571122990279611,23.01810162638218,215,356,60.39325842696629,ok,,R9EJURFbJjRNEl9lmQZw1gfs08J3,20201012,vowel-e.wav
190.6630567265318,5.064301406958563,0.0023547136901731,0.0227728392116034,26.54700389615989,1025,1773,57.81161872532431,ok,,VFeVSfoV7pM9kzFjHMA0R4rs3XB2,20201012,vowel-e.wav
181.2548694066081,33.650627457709064,0.0021730689183192,0.0430017147214266,19.05890498300877,1690,1909,88.52802514405448,ok,,Qt3Wy5zDjYfrcZtylWX0sh5niMa2,20201012,vowel-e.wav
216.046614913443,125.01788861684916,0.0219970111846867,0.1335904521684091,14.582169694178075,380,2046,18.57282502443793,ok,,xVC8kMuWNme6VSFOvNVT0j21Qw12,20201012,vowel-e.wav
126.13427820315404,17.04035721217701,0.0156335898997683,0.0632044906571242,19.91350013241855,101,1099,9.1901728844404,ok,,dmZsPx4whFbTWD54PHQifpUZ60i2,20201012,vowel-e.wav
198.2094867373145,51.48437422601023,0.005014117587303,0.0139255684701554,32.40962137607028,816,1289,63.30488750969744,ok,,yiqapKfcyIPAOKlqOxyU8DDANe63,20201031,vowel-e.wav
121.1454778893134,9.49223391174389,0.0057607418042056,0.0571523120575945,14.98341306202369,156,305,51.14754098360656,ok,,vflTaeqGRDgNyjCbTvMt2dajbRX2,20201031,vowel-e.wav
211.6468548932205,32.89983926410562,0.024152019951961,0.0754459916917088,13.885850581221815,45,288,15.625,ok,,L4CfZQwjukPm0evQv5dI2JDH4ov1,20201031,vowel-e.wav
116.3078956143046,7.596296166383517,0.0058837520602512,0.045260417690986,24.0150390125735,884,1039,85.0818094321463,ok,,7R6vvnCDQcVBjNyh6TGtlx48eAZ2,20201031,vowel-e.wav
106.27763766787596,3.426331064170711,0.027805257693784,0.1277106505887191,13.501146574233497,951,1696,56.073113207547166,ok,,TBMmcughcjOlmcYhSgn2Rdej1D32,20201031,vowel-e.wav
135.39800426924958,73.33808334363714,0.0114434920039818,0.0664373963185882,13.798780740360629,1151,2468,46.63695299837926,ok,,E8foKQD2BqYfZjFhdhknvaDp3Ot2,20201031,vowel-e.wav
136.48024214191176,4.953703869155136,0.0026037167448167,0.0373042284771541,20.77435133820936,213,351,60.68376068376068,ok,,kKTK0LeKJlZ7gm7i6CSXcLgR9A82,20201031,vowel-e.wav
136.32417955569352,3.0546817268345827,0.0070340751878928,0.0354073291289231,20.303587418511256,921,996,92.46987951807228,ok,,Tjh68I4MImebZJrLG5sJMGZuxT32,20201031,vowel-e.wav
243.28677115554007,35.45957132479421,0.0043893806496013,0.0327277889079664,24.2731450232872,1009,2171,46.47627821280516,ok,,2jy59FeBfYd59GJ6zn6PvLGloD83,20201031,vowel-e.wav
120.28207837579674,38.91157252073151,0.0140314894188083,0.1376639705349194,19.497351476572664,2318,2566,90.33515198752924,ok,,ZuysSjckdLWhDEc9mARQwWpXfIj2,20201031,vowel-e.wav
203.6131216360304,13.400156285534967,0.008886883730058,0.0434630399789666,19.522496751296263,151,237,63.71308016877637,ok,,FRMCCawVGmh3acxTrxgPFn7M7zB2,20201031,vowel-e.wav
124.67605973792396,9.631574094912931,0.007167506980624,0.0433419632309625,21.24108769134568,1084,1252,86.5814696485623,ok,,CkBv7ZLYRIcugw93mPtPkbWxC412,20201031,vowel-e.wav
201.43533474421844,74.93568214243425,0.0529391397784886,0.1982376464332619,12.014442143018764,285,365,78.08219178082192,ok,,WifTQoZzOTcQ53HiZNJUQOXehde2,20201031,vowel-e.wav
134.7162087186865,1.2217217840579044,0.0036884785840107,0.1419604611520369,2.4268632030398005,73,1696,4.304245283018868,ok,,HhIoOCxCe1Z02gC8qa7RsZZ8Vz23,20201031,vowel-e.wav
181.4771218960981,37.77956118677805,0.0171548632319252,0.0806547756183801,7.733518924665644,46,230,20.0,ok,,6nUulJemkddThm7rsaNw4z31Ntu2,20201031,vowel-e.wav
131.54973544558007,11.326474150022475,0.0032225396983547,0.042759393952056,29.62586251896345,612,1781,34.362717574396406,ok,,owp10hao8XZzW0ooJYkACRmuGDu1,20201031,vowel-e.wav
156.1426387311671,4.098096395649627,0.0050765426951062,0.0254434054654887,28.86310899649807,318,382,83.24607329842932,ok,,JxtCdZIjW1VjLM92IYEhw3xz3pS2,20201031,vowel-e.wav
126.91926935013484,2.213702526206996,0.0037683511217191,0.0324226467294143,23.88866843801087,630,2617,24.07336645013374,ok,,4AF7pgiASsYQQOw11X2wOFdFJjm1,20201031,vowel-e.wav
168.68628699572923,94.30563720131792,0.0252751052994273,0.1073802659664963,10.425084918434164,389,461,84.3817787418655,ok,,2wrPt2jccQdBHxWGghBMypnXxHE3,20201031,vowel-e.wav
108.79741486359092,14.287020566950472,0.0076775726253059,0.0505075776775412,12.76396082177867,224,305,73.44262295081967,ok,,tGWiXqKaZ0VQMD0X00ESt25ZpjN2,20201031,vowel-e.wav
118.885726380362,11.771129489305425,0.0056126790280515,0.0389557779975425,16.170695524032993,1209,1312,92.14939024390245,ok,,4aI0r8RKKtcp2MopsUZjtA6ldKx2,20201031,vowel-e.wav
209.2844885743744,66.7651942502197,0.0131922879576953,0.0173890942385781,18.67485979583928,43,899,4.783092324805339,ok,,W9McKFKrXiTydseUw3gSUyTpROH2,20201031,vowel-e.wav
193.2260907215704,8.335410948952308,0.003777540138998,0.0235607586101952,30.711659796683648,769,1662,46.26955475330927,ok,,SEQ5HfLxZBdOymQjE5xiTbBPtjj2,20201031,vowel-e.wav
125.99704280207428,3.87441118843386,0.0042564660632906,0.0190858443192162,20.70554672664892,1319,1414,93.28147100424329,ok,,ankVK1DxMvbVFA9PYyKvHk6CQLP2,20201031,vowel-e.wav
95.8733702125928,1.3429541377115617,0.0034313758071954,0.0342430500893648,18.78119612662369,776,1022,75.92954990215264,ok,,d6jLMHIh9wflqh7d1f7vmlpn4q53,20201031,vowel-e.wav
171.88228141092537,18.45817742601677,0.0165707489647461,0.0488050191922085,12.758432333596058,55,390,14.102564102564102,ok,,KoN8x5OLC9fxkriFn7LVIONyMdy2,20201031,vowel-e.wav
257.3041344338905,37.60123696911989,0.0046495901536088,0.0905842148345049,14.200902330734644,930,1192,78.02013422818791,ok,,QOOsSEpxcdW688dCIFZpYkwZzP12,20201031,vowel-e.wav
255.4548135704108,12.23124454471805,0.0029464359431023,0.0332488625870231,24.094881676538467,164,1039,15.784408084696825,ok,,7eqeo9k4vpZnfRc8T2OMkelZFzC3,20201031,vowel-e.wav
268.1870152436583,20.74379769414691,0.0021905591144045,0.0149792591733738,33.25261278527201,235,757,31.043593130779392,ok,,iS29Ewab4XQHypUcZLygL7AYH6J2,20201031,vowel-e.wav
134.16224199532328,41.377634107073774,0.0137116337598633,0.157107439546812,8.096294748154458,262,416,62.98076923076923,ok,,YfM42MQoVvT5V7HG9JstuUqBRDf1,20201130,vowel-e.wav
196.2798094346227,34.00032819037837,0.0054364500146308,0.0674553237583907,14.2830371845351,1273,1517,83.91562294001318,ok,,bEfNHdklxlOA7o1kO5GF2P8ButS2,20201130,vowel-e.wav
134.3048648361583,17.086468768762305,0.0125278482082301,0.1394693028239985,8.24804525461694,1231,1338,92.00298953662184,ok,,9V5mCzwbSgcrw64VLWR2DZf4bcx1,20201130,vowel-e.wav
128.22538492188568,3.509995252232649,0.0098823762412619,0.0910630461483318,15.25410296869364,644,698,92.26361031518624,ok,,UWYfIxsL1LbICfxxW9dzfYDAgrD2,20201130,vowel-e.wav
,,,,,0,1038,0.0,partial,no_voiced_frames,IWZidWG1Y3aIbwBNfyR5P9rt0O82,20201130,vowel-e.wav
152.37773836853725,14.807148447718465,0.0019453737595661,0.0330424127212341,21.920106341708028,386,806,47.89081885856079,ok,,6GBpxEuVACapBiyIgwQOAj1zuuy1,20201130,vowel-e.wav
160.18204353987016,20.760689974403363,0.0031893930543653,0.0416093597768913,24.396332248767145,244,979,24.92339121552605,ok,,fWUMPPgD78VZinzLLLwqbyTysJa2,20201130,vowel-e.wav
132.29700964115037,6.634681974962876,0.0066279965476418,0.05661971034953,19.393988543760607,357,1295,27.56756756756757,ok,,AUwVqLrZHwO7uyyadbaMDd4XyxC3,20201130,vowel-e.wav
149.32695377364183,14.135396131331207,0.0106369588161773,0.1395937741432776,12.260373833413272,1560,1824,85.52631578947368,ok,,NakKwA95snbM0W6Lk1nV0ptOmOA2,20201130,vowel-e.wav
151.1474421071269,14.623731463592536,0.0024281020760825,0.0861474833613577,17.7461072620324,773,1082,71.44177449168207,ok,,FA82s56D4CP2QAkUpv7Zlbz95NW2,20201130,vowel-e.wav
100.7498370876618,15.934832930681694,0.0139979626311553,0.068872083573537,12.620732297000012,105,723,14.522821576763484,ok,,HATVkqrdXhV2eIiwy5iIP7V0bjo2,20201130,vowel-e.wav
192.6787768500633,31.18544986276318,0.0101823321470104,0.0632965335783518,17.99641462196462,373,1013,36.8213228035538,ok,,K3kwl6reCLNR8G0Al3zNQVztRri2,20201130,vowel-e.wav
138.04089604762186,2.7297108782827904,0.0042013711424788,0.0341450923254101,24.38320236293173,132,467,28.265524625267663,ok,,QHDZOE4ryxMbsGpXU7Dad9egAts2,20201130,vowel-e.wav
102.49122350047212,1.3346857655499729,0.0053126982989957,0.0526819414765631,25.48875251698603,1369,1602,85.45568039950062,ok,,ttOFkQd0vpf4bWBwqQsz2Ckw0p22,20201130,vowel-e.wav
133.79516714885372,19.830762516960668,0.008331434339928,0.0733587485722357,16.17059849418099,1608,2208,72.82608695652173,ok,,i0reS77d27TfHnKANrEGHVZXkLw2,20201130,vowel-e.wav
130.31882010262598,2.4617052991900064,0.0262815150011626,0.0999973568991043,21.696945191358115,643,919,69.96735582154515,ok,,N1orpaThfMaEneE3dbfn3DZ604Z2,20201130,vowel-e.wav
131.30090482226993,7.599244799713359,0.0051989551410426,0.0883691734834848,12.860976017805282,530,1131,46.86118479221928,ok,,aC09qmwnQ6MboJlAAdxf0DGr9Ay2,20201130,vowel-e.wav
127.79456341575356,7.746344506004059,0.0076147745956581,0.0538302774659066,17.429907638604746,383,535,71.58878504672897,ok,,r3TFCPT4wJP2K891tXSFsIxAMPG3,20201221,vowel-e.wav
170.15689123708157,3.1428441878891142,0.0025174201213701,0.0533683208824822,19.570700576981345,897,1167,76.86375321336762,ok,,NAL6D2MCyQbiZUGtdQixl39IH3X2,20201221,vowel-e.wav
137.05693535234866,12.448294911969423,0.0082008115483322,0.0363506677956278,23.750372768140217,523,689,75.90711175616836,ok,,ZpsUydPUXygszeJSVtTFjbsqoNQ2,20201221,vowel-e.wav
131.72647150281347,40.315586266771824,0.0112454756530524,0.0667887897151531,18.082024324300868,688,1184,58.108108108108105,ok,,VmwzvNbtzqbxJBXAwplGb6MMWTj1,20201221,vowel-e.wav
112.50213069393811,24.806847824347027,0.0100170235532739,0.0369102353580547,28.0513762799043,69,484,14.256198347107436,ok,,qwN4ODyxmhSTFKJvyukaejL3Pa53,20201221,vowel-e.wav
117.36468504152644,4.590667556488569,0.0106293339509476,0.038529025957817,19.5364555966379,1227,1423,86.22628250175686,ok,,49Ih3xxOmCT53KfYuC2BKGvSAi13,20201221,vowel-e.wav
120.93568591844192,2.164187961388356,0.0044615538071053,0.0305362492804359,21.50324029060221,696,843,82.56227758007117,ok,,xDgSKI3IBQNu2G3msYhxC7URtop1,20201221,vowel-e.wav
341.3260861102865,6.113155050589735,0.0027447327702719,0.0220551125950887,27.71983686262882,936,1175,79.65957446808511,ok,,H8O1z8p8LlQWSI98eGl4X7RtLPD2,20201221,vowel-e.wav
184.2079387873609,18.407622898882007,0.0091838073462435,0.0545945547120196,18.559493557390187,82,365,22.46575342465753,ok,,oIy4hushZORMcftMVIAxabN1QZd2,20201221,vowel-e.wav
150.05939842548108,22.120241130984592,0.0115193555309624,0.0574007583036896,16.639338692464996,184,425,43.294117647058826,ok,,Bjp6S2aILuesK2yOZQIG06WliTM2,20201221,vowel-e.wav
168.76191465279177,117.43190702259112,0.035953220187648,0.0948252821265999,13.138167418179156,171,749,22.83044058744993,ok,,HJP1QvC3s2cTtjBRHQic5Y1EBGj1,20201221,vowel-e.wav
104.49595130950458,14.847172421557811,0.0070349947664407,0.0441897730061264,19.608680999444488,95,331,28.700906344410875,ok,,quF8xZxqK8NnszkwktXovmZ9fBT2,20201221,vowel-e.wav
165.6385259022572,31.38166557493065,0.0065100107998604,0.0442250775756316,26.28129840300501,299,1022,29.256360078277886,ok,,J88lvfqwdhSF124B97PL8XHvUnp1,20201221,vowel-e.wav
148.80618664439214,16.157061995124018,0.0041851905969654,0.0135984992344629,22.786704972877608,1033,1244,83.03858520900322,ok,,AS7IWnzwSnZ6IzknBA0G7uLYEeT2,20201221,vowel-e.wav
360.9751540114373,110.69651233389752,0.0420729843347873,0.156138498497672,9.78461811482978,44,221,19.90950226244344,ok,,eKGXsbhd2VOFGSoIhMH8SKaa6n12,20201221,vowel-e.wav
300.2466198634221,2.0172672361459454,0.0006863763391912,0.0338055219406809,23.08123027637924,974,1064,91.54135338345864,ok,,I90bUGzBTMZpwCnA4eWqzKkq3362,20201221,vowel-e.wav
122.81701890549424,4.003426894153511,0.0029434620451086,0.0621495394481844,20.557521381393048,1334,1466,90.99590723055934,ok,,BdJTNoebc9X4fQNSUGhjBVVADvr2,20201221,vowel-e.wav
218.77582736803217,108.1848171536478,0.0232162477972436,0.13078430639151,11.02873341486482,348,1158,30.05181347150259,ok,,CUCqq4q5SQa3fDkpraekej7fNza2,20201221,vowel-e.wav
228.4708524334884,39.67753473526082,0.0035493060227374,0.033185324776493,21.38095473939297,1379,1653,83.42407743496673,ok,,4kto18R8RwXJ0C7c0oCORNU4GZz2,20201221,vowel-e.wav
226.6207757777177,2.270625351128672,,,-2.287819257548744,2,1833,0.1091107474086197,partial,,WBNoFWUY9MhZOfFiLvIDsfIWnSZ2,20201221,vowel-e.wav
130.54343189581385,25.10987298617689,0.0084083421714841,0.0647302490429496,21.04427865331744,552,774,71.31782945736434,ok,,xce3uTKiuNSSnnAWLJMorxTjHzI2,20201221,vowel-e.wav
110.52613682894604,3.456689772017991,0.0029446525106241,0.0271974660830666,30.502088912940096,1693,2310,73.29004329004329,ok,,9z2XQAVyIkb0saZVigWBr3MsDcr1,20201221,vowel-e.wav
280.79243622471176,6.862628989860524,0.0019547448296015,0.0335558759043594,16.517879234624754,707,902,78.38137472283813,ok,,aPGmE5oG8zRtIVECwyuUT0ussn02,20201221,vowel-e.wav
124.56563052084688,10.886169057720595,0.0118138269063806,0.0711490291919796,15.76469785344614,427,715,59.72027972027972,ok,,pIZi88QnOcUv7rOGz8iHLw1r2XI3,20201221,vowel-e.wav
129.51303977402827,3.7152163388902086,0.0046523403598616,0.0427154571112555,20.946470095221628,706,778,90.74550128534705,ok,,fhyliV6PW1aFvwfKLmquREKjECT2,20201221,vowel-e.wav
160.82332612942628,70.07599070219291,0.0201475283648959,0.1328905895955011,14.060745163830696,429,911,47.09110867178924,ok,,QhBRYhmdt7XYAQlhkRX19wWuuCH2,20201221,vowel-e.wav
252.5213022121392,2.618322466717879,0.0016960008555799,0.0252600578138421,25.08861661617555,1793,1943,92.27997941327844,ok,,p0NEd67WfNMVpZuyt7ECTS6VxDa2,20201221,vowel-e.wav
157.82753439194715,48.39212159489715,0.0089141780329756,0.06440232459147,20.19751368122879,522,663,78.73303167420815,ok,,aRki58kKxnTunoM7BcLiwusqRcV2,20210206,vowel-e.wav
170.5370209530681,27.969037128273783,0.0037488450602283,0.0276474364412843,21.484474847229087,374,1295,28.88030888030888,ok,,B4YY3S8iF0husgCd1Y0tKZyMpgD3,20210206,vowel-e.wav
119.02538886487582,5.862885517531192,0.0058422488883456,0.0320478005988035,26.87802605239194,636,1867,34.06534547402249,ok,,KYFep4QYHeTdetDl8dhMl0je3ux1,20210206,vowel-e.wav
132.27680531382342,3.291889810656093,0.0045481284154209,0.0269307276985224,27.427303353066737,375,442,84.84162895927602,ok,,k4EHFQiMeAU0VmekEfZDJ11xpnP2,20210206,vowel-e.wav
264.8216617133273,33.51568225664243,0.0057886018408401,0.0545358495816185,17.599011447179684,683,706,96.74220963172804,ok,,sPGRBmPA8SX6kBsrzS7c4zt8fsr2,20210206,vowel-e.wav
118.37571612930536,4.362971462621907,0.0155050528698196,0.0424586807827596,25.48355598311021,1398,1534,91.1342894393742,ok,,CU6Sqlt8NfMboou9neSzsyNLyKD2,20210206,vowel-e.wav
127.50794428721296,98.87982643294195,0.0137956257333449,0.0586987914154908,18.65438643382078,151,472,31.991525423728813,ok,,uy91CirxgXNJdJv6AalXx2Tt3Gg1,20210206,vowel-e.wav
154.24556649004015,3.179491161427579,0.007245204775335,0.0682499268628371,17.24749516477353,557,611,91.1620294599018,ok,,ya3VviewxzdRZqbLrEXsIrvilRR2,20210206,vowel-e.wav
140.4823188189071,2.6350962425463247,0.0025889356605634,0.0262729885578777,23.92116887476092,892,1039,85.85178055822907,ok,,klvO2ywAeFQCIy8EijybJxHNSE92,20210206,vowel-e.wav
131.74436756621557,12.779099043907776,0.0028859733989542,0.0482608578590002,17.54950379918278,395,2012,19.63220675944334,ok,,HDZ7Et3VldU238svx2iusUhQ16p2,20210206,vowel-e.wav
105.31949915432637,22.050123108085565,0.0078165802695059,0.0666862703812551,14.197408005790294,120,322,37.267080745341616,ok,,JXP97RVyVfVXVqOPULghR8pY3q32,20210206,vowel-e.wav
121.3179569972993,4.9376167031711855,0.0083537407761387,0.1017911132256462,16.94992367663325,1035,1215,85.18518518518519,ok,,D5aq6FUMeCQal79ePD7UZniIyF12,20210206,vowel-e.wav
239.04193721337688,98.0396790566345,0.0281488154150053,0.1361388496607133,7.301561724048343,88,100,88.0,ok,,eiJE5pZGVMOmSsG6dLBLxAuXNzf2,20210206,vowel-e.wav
116.07356293651262,1.7744748588901984,0.0065631492024631,0.0563375478105554,18.887117897347323,291,462,62.98701298701299,ok,,smnOOz3onPU2GxyyQuwVJuiU0No1,20210206,vowel-e.wav
128.0508145656414,1.0695403988194698,,,5.295897612666779,2,160,1.25,partial,,2bQap3Ev6AYxMG1p45w4TJ0DrBL2,20210206,vowel-e.wav
130.24845581702343,2.903077822845016,0.0051518281545898,0.0339049247041376,15.22763694936514,938,1073,87.41845293569432,ok,,yL9QW3T2VueXfL3yvsmXsM2hL4v1,20210206,vowel-e.wav
105.2684865974826,6.421424825780806,0.0030787588694116,0.0347963403551735,24.288794012892065,336,1465,22.935153583617748,ok,,Bb9OMQWb3GNbJDH4gANBkWJ4Ihs1,20210206,vowel-e.wav
213.8315311695456,62.53354976566181,0.0196673194702002,0.139327513504095,11.22488985833832,1155,1355,85.23985239852398,ok,,rkSbQvxYLNVlPpIT3mJ4kr3OhMi1,20210406,vowel-e.wav
142.58705253567302,3.947955224454589,0.0039327235531202,0.0317795245859754,21.718717467578973,398,783,50.830140485312896,ok,,SwW5rQwDVJRdGLNmwOm1DEjtslB2,20210406,vowel-e.wav
213.7066379240047,25.44831351392856,0.0102182751054341,0.0409269992202016,19.00270668525497,256,416,61.53846153846154,ok,,ZIzrdWNQK1Xhn6o6jrzSVBMdphp2,20210406,vowel-e.wav
187.45841052397228,44.16853525186244,0.0079678646646661,0.0606550348823124,22.01565368715448,928,1090,85.13761467889908,ok,,KFtd9lY6jph5cl2VrZ9Nv8Jng7p1,20210406,vowel-e.wav
,,,,,0,2181,0.0,partial,no_voiced_frames,NcPBzMBBxNbjK84kdCv2z4IJzLC3,20210406,vowel-e.wav
169.12523661324926,3.5459505261675206,0.002187023221943,0.0332413244186688,20.76860749834127,700,928,75.43103448275862,ok,,9Q440YDVTrfSgiD2l41INZ0IHYm1,20210406,vowel-e.wav
109.6883343148736,12.981437817001414,0.0029732445465884,0.0280853366632772,21.23513519310493,1045,1184,88.26013513513513,ok,,IimA0GnOm7ZR4nEr8k0kG4eaR7A3,20210406,vowel-e.wav
87.59658891683014,3.1820616122701075,0.070225499600012,0.2566244837479626,1.399283056225031,42,58,72.41379310344827,ok,,qSsnWdo1MtOiGJJmH3oOXcz90Ry1,20210406,vowel-e.wav
117.84410272097936,4.150229838339599,0.0042917862888976,0.0866917775799047,13.23869113104736,850,1502,56.59121171770972,ok,,blOvr1s2qrWsvkjA3QskHrSK9dp2,20210406,vowel-e.wav
218.71699644581344,29.117346957804298,0.0071078839609559,0.0206116279685954,25.81747914632308,1094,1227,89.16055419722902,ok,,hqj98iIGSBWhlqFYLFI3p9VIe8d2,20210406,vowel-e.wav
139.6290795624552,7.234634072677983,0.0035785437525993,0.0370558246962803,25.339074582414742,1620,1893,85.57844690966719,ok,,MEw5YvFJ1GekU8biV6qQMPV2CDo2,20210406,vowel-e.wav
194.8543545490793,44.62626228532929,0.0278346061776165,0.0726112522460162,15.585207463646723,47,237,19.831223628691983,ok,,FCo8orfgs5ZKKQV4T436XCoycht2,20210406,vowel-e.wav
136.2786168408733,36.79275706248479,,,8.930978093865631,10,151,6.622516556291391,partial,,c18b81Qa5YY2RbEzblDNxMNQE312,20210406,vowel-e.wav
126.02374959872824,2.752655021550838,0.0050837118801432,0.0481900205890715,19.73712401481625,1387,1585,87.50788643533123,ok,,RebRt0aSpjOeqnezG7i5XQn03Ql2,20210406,vowel-e.wav
116.8177867932604,8.031069627559914,0.0102042351378743,0.056353572951079,20.348476330408435,412,1233,33.41443633414436,ok,,PuTsOaPhDNS0a2gCcPbh4CTQZsI3,20210406,vowel-e.wav
222.41249219879944,28.98952204610889,0.0143722958151761,0.067234887613518,23.24701900856949,505,1466,34.4474761255116,ok,,00xKcQMmcAhX8CODgBBLOe7Dm0T2,20210406,vowel-e.wav
227.8480716590084,38.799099104039854,0.0024101291586129,0.0824642620466013,15.761829036260082,1922,2157,89.10523875753361,ok,,hLXcyDliDYXrcKna9jaDwtryhK93,20210406,vowel-e.wav
293.5371084098211,92.54653599654912,0.0731358610725658,0.1886385566578622,0.6607390135993516,21,49,42.85714285714285,ok,,pWFMPFBys1bBerYz5Si4Gb8brGn1,20210406,vowel-e.wav
143.0397554270493,9.685796899483108,0.0128041017333331,0.0749553464577634,18.603108658160888,129,706,18.271954674220964,ok,,kAnUnZf9b6d4bkjJCawv0nCGJUI2,20210406,vowel-e.wav
179.38295082029836,63.48648491249149,0.0144029282956178,0.0588575327525796,24.006940637350272,323,919,35.14689880304679,ok,,yOgmlp4SsRfgN3OIWhxsQC4QdaC3,20210406,vowel-e.wav
267.1208660033363,29.413200090241176,0.0056671362322663,0.0262028347685693,26.546525036196407,1249,1428,87.46498599439776,ok,,bKFvmp9gCwagsEuSIYBWDkiaZ2i2,20210406,vowel-e.wav
130.1468313295468,28.939742093394752,0.0141685167491038,0.0857385770769777,18.47032474454668,195,390,50.0,ok,,2owO9U3KZ8TqQDrOx6UhOiA2OW43,20210406,vowel-e.wav
107.0671431721164,15.821601708779756,0.0035691517668311,0.0688446453569631,15.448451079940352,1287,1645,78.2370820668693,ok,,qBtpGYR8y5RqHU1fsK8pj7YYjUA2,20210406,vowel-e.wav
143.89353563285374,33.24095998279873,0.0019299431456883,0.0836887081046872,16.309722558332506,2214,2353,94.09264768380793,ok,,NxqOq1i4PtUiqBxV1wFUII9SQj43,20210406,vowel-e.wav
220.187542608792,30.3443446983508,0.004717177827362,0.0351318986513287,21.617630620031843,551,621,88.72785829307568,ok,,94OSQGpJCiSuQtHifnlYyOIKL0E2,20210406,vowel-e.wav
133.85408680459264,30.76868055962607,0.0153799635916281,0.0645767519540084,13.342340956061598,196,382,51.30890052356021,ok,,57DMikLLUefbXYKeCPuxp5Wdtfr1,20210406,vowel-e.wav
219.84416972388564,13.607798591339744,0.0040997304385246,0.0372226379405953,21.103193800814736,1636,1747,93.64625071551232,ok,,hW4d85xBzrf1VE9gotLdeSgwXAo2,20210406,vowel-e.wav
110.7623344641938,7.588993630534867,0.00437800455991,0.0444366967753152,21.02152588039465,279,425,65.6470588235294,ok,,C4Ide6Om9iaGO281jPr2JkYtjWi1,20210406,vowel-e.wav
259.40243349316955,57.36227535966194,0.0118010756161422,0.0524884243047504,16.42689306237547,800,1022,78.27788649706459,ok,,zo7vWVJHp5W8ojnfNUogikQTu2K2,20210406,vowel-e.wav
159.3993898065236,2.7495699784038634,0.0031135348276401,0.04053939197877,28.84947722496841,803,911,88.14489571899011,ok,,YrJHnx1PgzPLiCgkSLaQqMhyBeA2,20210406,vowel-e.wav
227.49715739376185,4.622020709483254,0.0043816692443321,0.0485859633809573,23.58748500825374,681,774,87.98449612403101,ok,,fLbjQYqFGzeKly7IY7b3JqKvae02,20210406,vowel-e.wav
123.34125115447551,16.45553680980531,0.0128862719851612,0.1205019955492437,12.745377299399328,435,885,49.15254237288136,ok,,BfkSf0P6WcOlQW1jfLuLKEPusF82,20210406,vowel-e.wav
105.11520849083404,5.169431244194114,0.0134487709226284,0.0576062229396579,20.998879294450152,181,450,40.22222222222222,ok,,9jmKb1whQ0VGTqOaHvdOOr1oo6T2,20210406,vowel-e.wav
124.35424282077614,21.547264876793427,0.0238169869591791,0.0805513308569337,16.178811944789395,711,834,85.25179856115108,ok,,v9zvxaIjcfds4XGZvqBK0moPX8a2,20210406,vowel-e.wav
178.0028258430901,11.962979380047834,0.0082744161230166,0.058213817911962,20.677483800384696,1009,1491,67.67270288397049,ok,,0Nuh8uDalHe47HGM31i2Ew6BPcl1,20210406,vowel-e.wav
121.27752088904114,2.8215354227938896,0.0086734219318757,0.075589007390616,20.648735154048698,636,800,79.5,ok,,l6n5YnEHttTxhcwv6q69TcLSpSK2,20210406,vowel-e.wav
122.71515425281812,2.2956560898885154,0.0072926427280376,0.0550391405739885,21.24769739813356,1353,1517,89.1891891891892,ok,,0drfnqVwccT6UmgVLQEuyVglDC23,20210406,vowel-e.wav
221.78316091557,37.8904005222351,0.0172615625676165,0.0974158494284891,17.92484600782123,1287,1602,80.33707865168539,ok,,Zj552DZntDTpdVbrQhp7KNVL9sC3,20210406,vowel-e.wav
146.5559947689343,21.6366777665955,0.0078945842959032,0.045600567418906,19.877147738074665,1133,1295,87.49034749034749,ok,,EkvdE7B9zuaZEHjb80RflGGqsgz1,20210406,vowel-e.wav
229.5661923571192,5.360686178207805,0.0062457910571023,0.0416284618488769,22.06574793364918,216,322,67.0807453416149,ok,,EZzVAG1b5ef8VopTkIROvVbYGml1,20210406,vowel-e.wav
238.00485906985733,10.475121710140456,0.012617160884446,0.0440718317326362,21.20919841025501,153,279,54.83870967741935,ok,,JhH2YMg1TpWG7RqVv3jOTXFmJZt2,20210406,vowel-e.wav
109.81149016658216,4.355485158275468,0.004457221910563,0.0486087942407252,18.23353430459253,641,800,80.125,ok,,sFzDrYGKbIchB5f15VDxz4iqKow1,20210406,vowel-e.wav
228.90625787774115,8.213527059446298,0.0036847142060887,0.0480011107047464,25.30426838449544,1147,2217,51.73658096526838,ok,,qZIdh9mBr0MSVKd4TuYHazCdVm22,20210406,vowel-e.wav
187.0283153998353,50.03522164295448,0.0183731154173955,0.0295456498301853,18.476016665151004,122,390,31.28205128205128,ok,,jfB05ECC2cYU5rhce6NYWrcLfy52,20210406,vowel-e.wav
188.6447766012041,8.536902251211025,0.0056649508698993,0.0311493981739242,19.61607306025278,561,706,79.46175637393767,ok,,W42AKc6SZlNz1NOBAJrCpa3Io0E2,20210406,vowel-e.wav
190.5443533987212,24.851604287880004,0.0205746726811795,0.1699131179126981,9.72534112772842,291,1244,23.39228295819936,ok,,EXTWYCHCzyc8k6PE2L7fAqqAudA2,20210406,vowel-e.wav
127.07001162605864,26.44212518025748,0.0063128605974181,0.0801363188794495,14.241766911410076,324,638,50.78369905956113,ok,,16Bj2AtAiXhPGR3r4ZRjgcWTmGe2,20210406,vowel-e.wav
,,,,,0,639,0.0,partial,no_voiced_frames,0mkAUAbpROMIFjKpdFxlUnYTV262,20210406,vowel-e.wav
174.73036204288948,66.99513928105947,0.0054890094835312,0.0404539010133955,23.04567583549368,486,681,71.36563876651982,ok,,pP9m9dwWhCWPUCWS1cut17IAoxh1,20210406,vowel-e.wav
150.42661926064858,70.58789601837856,0.0124866927470854,0.0746124572200535,17.452457808124805,487,1773,27.46756909193457,ok,,UnJVcWCaLzSZJS8B0YJmDwF9d143,20210406,vowel-e.wav
226.2165656796686,24.855902591460893,0.006690594579634,0.0569223737698146,16.657860625673347,228,826,27.602905569007262,ok,,PXFeh2WexbZ9HXhXg6tToFfY3PM2,20210406,vowel-e.wav
177.82275002634654,22.863528937496344,0.0200533346310846,0.071802446521801,14.672534654342336,96,174,55.172413793103445,ok,,D8gFH60PUrfFJEG2wXhvPCeTRCq1,20210406,vowel-e.wav
143.5400707289345,11.392997794687588,0.0075335725065685,0.0294467441304287,21.12062148234908,143,262,54.58015267175573,ok,,r0PkYZFUK1M0lhIUFHziLkwjsL53,20210406,vowel-e.wav
281.3077024297383,21.834444242766708,0.0034774025819396,0.0496098545821113,21.709510377550124,523,663,78.88386123680242,ok,,Lf4G1rx8lufXdBBwEZnD4INFtUt2,20210406,vowel-e.wav
138.25497163246007,39.88509970956319,0.0171566621152442,0.0730677697487404,21.64356526033306,342,544,62.86764705882353,ok,,eg0RP6C379PTXguMbBE6RUKY69S2,20210406,vowel-e.wav
138.2207148103179,17.016273918051194,0.0137834807536504,0.07571757159089,20.442557250951527,528,698,75.64469914040114,ok,,Fh3hBZZRh2UXXicTNGMei8ikbSu2,20210406,vowel-e.wav
164.5950310074415,87.4463748476957,0.0302263543969348,0.1771692142974987,10.671063952701038,142,322,44.099378881987576,ok,,wACBReOSDTMMCZiIykM3cylRWUR2,20210406,vowel-e.wav
122.09883617863362,45.100129980739126,0.0309663618118726,0.0735155170674879,15.458944377514923,165,936,17.628205128205128,ok,,UEJ4NxXtJzPJ5U4DPWg188b9dff2,20210406,vowel-e.wav
226.1657703370288,48.34991592189336,0.01388196003087,0.0601028211795592,21.925922194788857,166,305,54.42622950819672,ok,,6ZovArshO1MTe2tpxFWrHmORa2R2,20210406,vowel-e.wav
150.75962061659558,4.591436920609977,0.0091316987510228,0.0387927217453846,24.23681940394406,325,493,65.92292089249493,ok,,ZgS6Ls08eFaArY1QATUpB76t7312,20210406,vowel-e.wav
243.29920406694097,7.784494063702885,0.0203681561876539,0.0649313499143828,21.603240225477983,578,1124,51.42348754448398,ok,,4sjgUTKdPXcgwHbPcqEtB6WA7XB3,20210406,vowel-e.wav
163.75400898892005,29.53112235088508,0.0047237972094428,0.0364461707138644,18.09756386941508,1814,2089,86.8358066060316,ok,,B8eucE77s9Tg8wfQCZIv9JCTDrj2,20210406,vowel-e.wav
262.91428972303754,27.03770763212924,0.0109205260736729,0.0216738776940145,27.806765970884825,1134,1406,80.65433854907539,ok,,yiVfb7qpTOXWhTQITq6P4zqGtXt2,20210406,vowel-e.wav
138.78023940606306,18.86959820898836,0.0109621066641809,0.0869323181114393,18.26504107247292,731,1133,64.51897616946161,ok,,fBhAIfEdrdSjfz2Gk3FCIMjaD7z1,20210406,vowel-e.wav
94.14499625030368,3.0226538301904777,0.0085770249013822,0.0834390098232041,17.24993389307331,474,971,48.81565396498456,ok,,f78ZFmqneaOWttg3xhtcmO4XZOu2,20210406,vowel-e.wav
128.41285931090167,43.43707522539478,0.0342819571805561,0.1170004174240884,4.8858166078625285,979,2552,38.36206896551724,ok,,KjtasLncY7ZFQf5Hx25UJ4A3NGF2,20210406,vowel-e.wav
116.63462263127872,5.485631835634501,0.0097443464635685,0.0473262219878739,22.1992191920344,115,194,59.27835051546392,ok,,3YsglsCX5US6WkSzHZAgt5F1C1y1,20210419,vowel-e.wav
251.95563431170444,4.1485075521074615,0.0032732586384395,0.0515651429974401,24.461629725301368,998,1141,87.46713409290096,ok,,naPVzGoHqwfHo3PNVfoNxMpR7qU2,20210419,vowel-e.wav
215.3948267713101,63.67548047576239,0.0253682867236854,0.098700543242058,15.18211822673529,590,1112,53.05755395683453,ok,,TOzLbxmmxIeG129OZKtUv9kGXd42,20210419,vowel-e.wav
237.4312562339732,25.928387327361207,0.007296438407233,0.0354989922951672,24.67878464574421,395,493,80.12170385395538,ok,,kDIEKjR2UaYaZ1XWRbICFlhfALs2,20210419,vowel-e.wav
175.3008938756145,55.054520828617854,0.0158592480334248,0.0909180077922145,15.314867888661238,400,553,72.33273056057867,ok,,4jqhl90ZLzc8L1R3yRwKYg0Ruez1,20210419,vowel-e.wav
171.0708842773444,9.08410812258283,0.0096441410712752,0.0648402801426489,24.35250646350435,1429,1713,83.42089900758903,ok,,Q9Dz0jLgNVQ2crXg9QNoObk2JCu2,20210419,vowel-e.wav
147.45114017045634,21.68530237078051,0.0049193075384336,0.0421738900850345,16.435083366552167,521,778,66.96658097686375,ok,,TI4EfxQ4RSMZyRmFlC5aiAqLJL02,20210419,vowel-e.wav
231.96315295332408,43.35478015612408,0.0112626227192727,0.0645443054728441,15.362729456516332,262,555,47.207207207207205,ok,,iZa9QuNqinWMeMTdwFstfYRpw4J3,20210419,vowel-e.wav
182.1724729747414,2.1604970091898723,0.0043720332016833,0.0220897510249941,22.915875640682128,1698,1918,88.52971845672576,ok,,ZDuodssisIdOfarHk3ie8RJVIGj1,20210419,vowel-e.wav
151.17228621445057,42.83821069540104,0.0228211387846045,0.0593068043221805,8.937101764045233,912,1747,52.203777904979965,ok,,CAlwzhQrNYT72NAfkAOpXNoLJrM2,20210419,vowel-e.wav
133.92510731491484,20.11011251561397,0.0044336098896876,0.0495738441889797,25.3027538501979,367,766,47.911227154047,ok,,alHP6MaZt1dneLG1iix5HHszKcz2,20210419,vowel-e.wav
108.96273693086512,2.604118878414133,0.0032446028073338,0.0193372458003135,23.92159261056452,1317,1517,86.81608437705998,ok,,wcKHRzi3zFZi7KNZqDcQD2wXkUm1,20210419,vowel-e.wav
193.2103185619128,4.071955283903547,0.0031142546211989,0.0459486536889482,30.681125140710645,2583,2865,90.15706806282722,ok,,eNBbx8z6N4Wr49xiHOe3TgYILs53,20210419,vowel-e.wav
233.374669231494,50.5305403677766,0.0167884374392865,0.0586519752269775,14.962934979567894,96,169,56.80473372781065,ok,,jNYjkOK2b1hQBv2w81zgW0TVhM03,20210419,vowel-e.wav
163.32785855894485,117.03143077805936,0.0187874710216636,0.1373730318336384,12.713060658775747,256,305,83.93442622950819,ok,,BOVL8U9dmKWYsaPdV6b0EZkHuNo1,20210419,vowel-e.wav
217.0934795020488,34.28358960157156,0.034573626194632,0.1431903230519536,16.833141147755633,453,988,45.8502024291498,ok,,eY44bQRKksTntBarwq9fRkPkA8N2,20210419,vowel-e.wav
177.48059010157232,4.808756324295548,0.0031252451534737,0.0489056242285817,20.31470170132398,513,604,84.93377483443709,ok,,uuYtRprLjWhFilZnNmWCH0wcT5v2,20210419,vowel-e.wav
135.73347165381955,32.65157163369489,0.0145937680880812,0.0653875192185758,19.351956687440698,279,373,74.79892761394102,ok,,yfPjZBFWOihN0YDhKla7wWDoVCA2,20210419,vowel-e.wav
157.8426762778378,3.930187953528294,0.0096296358607885,0.0798996844771828,18.761708422261773,728,2063,35.28841492971401,ok,,8EUkoDkeGddD0Vcnwu35XuxOhDt1,20210419,vowel-e.wav
206.9397305442173,55.707868416434856,0.0168337741815404,0.0829462722771751,16.763594617898676,207,237,87.34177215189874,ok,,yncydoirUqa12tTAUAceL5zMWaK2,20210419,vowel-e.wav
206.7395724515816,39.2169836142931,0.0187739083233173,0.1267754551374548,12.903529023328566,913,996,91.66666666666669,ok,,fZiUtg0yBfazUG7IFZidEF8qJRS2,20210419,vowel-e.wav
221.97745255642377,108.35042691353183,0.0219996667050954,0.1088430212605071,14.41376693067955,569,1235,46.07287449392712,ok,,51UrWvD8cibKqSeqLEBp8q6N29y1,20210419,vowel-e.wav
168.80658109434466,37.01317765022488,0.0075673912716125,0.1191188815462173,13.12164306353026,686,834,82.25419664268586,ok,,VtGZATvYtHRPY3asdEEN8sybTOe2,20210419,vowel-e.wav
170.63546866697789,27.30209739346729,0.0146558113296696,0.0804815082687251,20.217300949950456,82,279,29.39068100358423,ok,,tuu90okKDSaFMknkDxVhtWtRjEl2,20210419,vowel-e.wav
111.42269744127076,8.201965389170374,0.0043530410206218,0.0821443247003489,18.594651249683885,1058,1235,85.66801619433198,ok,,gpc5ZdD5pOa7ytps4CYAFQASQcC2,20210419,vowel-e.wav
105.6501395374676,4.38652910862614,0.0045291159367484,0.0301638104074242,21.24170687747097,732,877,83.46636259977195,ok,,51OnFkHZ12ay7VyGlPkA3AYsB6s2,20210419,vowel-e.wav
231.63924085770307,86.43451479152293,0.0352921605555935,0.1771348215396301,7.508841010599128,170,296,57.43243243243244,ok,,dLWRBpUZo7ddqJup4t3C2TwiVqA3,20210419,vowel-e.wav
258.6975556797821,3.987341387081152,0.0142629406999615,0.0397275405479911,24.116073211440025,1472,1679,87.67123287671232,ok,,9NFXTnUOA3h1BZqRfhnAJGlYfKy1,20210419,vowel-e.wav
313.4492638420807,115.37712766309951,0.0496554952641653,0.1529896953675556,11.83056506152734,342,689,49.63715529753266,ok,,FeB6iRqlySRwFJHpnIiaokSvWeC2,20210419,vowel-e.wav
113.36492314636476,24.469397598659675,0.0072499548997914,0.0302159622077521,19.255367639208703,226,331,68.27794561933534,ok,,gXKyKSft8sWALKf93iCMzoiYitW2,20210419,vowel-e.wav
229.7120939327753,2.4348891503812893,0.002196491157118,0.0172687425024804,24.135393616568106,1048,1227,85.4115729421353,ok,,VXBwsSJqsAdPR3wRmp76XFziA9f1,20210419,vowel-e.wav
125.64412259751072,9.653655038020403,0.0200392230249177,0.1493374741023095,11.035787057918668,309,646,47.8328173374613,ok,,C63gG5RK0mWMFKI33VweDdYCk4O2,20210419,vowel-e.wav
201.8703472473457,67.516579480763,0.0276378798322576,0.1598502096674591,7.098514905714153,502,1850,27.135135135135137,ok,,NjCErTrUnWZZoKZj7UMHrhb2pkS2,20210419,vowel-e.wav
155.71468600814592,2.789687199333881,0.0028652998602232,0.0183763608352576,24.689788682139746,906,1269,71.39479905437352,ok,,ir3jqGSKT2ManVTAAzj6Ew7orBD2,20210419,vowel-e.wav
155.315844989325,21.866213741941817,0.0079327123207501,0.0532902115730174,18.715812116258363,248,407,60.93366093366093,ok,,cEUtmEr0WzaMyEktYRaqHrryr0s1,20210419,vowel-e.wav
150.02115044657717,41.22317631638623,0.0098060521673423,0.0457896835263121,20.030225103305327,139,493,28.1947261663286,ok,,Mze07Z8CKrheFGZun75Hcgp4TH02,20210426,vowel-e.wav
137.23731590363784,1.9673490677142884,0.0059212252559419,0.0454648114482605,14.93408334275926,898,1020,88.03921568627452,ok,,kvrE8UiQfHO8R7NaadPtaHRLqtG3,20210426,vowel-e.wav
200.1786610462683,51.14835964344142,0.0172959352354227,0.1348936369776157,13.522210182688458,895,1428,62.675070028011206,ok,,hEj6K9BJ2Ddv8udX3Vw766ns9CB2,20210426,vowel-e.wav
260.6541133064011,29.08251567590368,0.0084943030286825,0.0929629129294262,18.1551075203492,219,544,40.25735294117647,ok,,atCT4u8oywSbcTkAdFYwrtiVazh2,20210426,vowel-e.wav
217.457630761874,19.6026333154712,0.0057075891639761,0.0880162799803804,15.24903207762563,1115,1338,83.33333333333333,ok,,woCTR97MfJMTanmngUpcK1IJsvm1,20210426,vowel-e.wav
177.02352827535503,33.78626292096932,0.0259646751510648,0.1299985517081955,14.29390400413977,206,570,36.14035087719298,ok,,EUjlCZyR0xMbOH31Je8knI3UdKO2,20210426,vowel-e.wav
189.6566922397885,2.84773991039324,0.0035152466811861,0.0326848844361876,20.08543545375169,966,1150,84.0,ok,,QU0kYVYQgiS0fYWCmnHC0cGrW0o1,20210426,vowel-e.wav
138.39071110724782,15.481721368262908,0.0067801319360384,0.1048346393844718,14.432946471597155,572,689,83.01886792452831,ok,,xXvWuF9fKkRVDhhbkAT8TbE3Rj62,20210426,vowel-e.wav
132.38631967815803,4.4018047589657545,0.0294531614990052,0.1074769077861779,11.60124579942746,28,177,15.819209039548022,ok,,Fps26Qa60WYbR5pI15KzNKSeLXG2,20210426,vowel-e.wav
123.31845483772052,2.2962250554943733,0.0067337444916845,0.072417334712959,18.86938573913752,816,2985,27.33668341708543,ok,,Xn3y4lqypTNVBsB1yYYkDDypizk2,20210426,vowel-e.wav
136.9278574667254,2.396163920722993,0.0035125005983449,0.0357032724428,22.65571862734293,706,774,91.21447028423772,ok,,hB8ntHij4nOm6YoGj86MtZJVTyr2,20210426,vowel-e.wav
164.7575755046732,37.7077370196049,0.0110585527202013,0.0709501758453443,15.060975813929666,404,919,43.96082698585419,ok,,Y7RB11Ha8VNbBDjGoYVuIxnpYKA2,20210426,vowel-e.wav
143.1641046263929,44.5455317637128,0.0167910040104887,0.1520636912466706,12.843567402930328,92,194,47.422680412371136,ok,,aHcXFlBNfjUmkpgObzFFnxEI8vO2,20210426,vowel-e.wav
229.93061389421567,58.30153047749528,0.0367089039910804,0.1401732062678333,15.447999390159843,617,894,69.01565995525728,ok,,Ap3uH6NDwMY5SymZi7OrjaUwiDQ2,20210426,vowel-e.wav
253.21615649046063,48.31796905402574,0.0066494609713369,0.0348679766175564,25.81090679008756,465,1355,34.31734317343174,ok,,CpB4mhP3leTMxJdDG3cD3xMN2AI3,20210426,vowel-e.wav
197.8773624312803,21.024947594003937,0.0057736436463447,0.0569261373793766,15.591962665294584,109,535,20.373831775700936,ok,,iaLzL5BAVHXg0Ng0Phw6WMZHEkg2,20210426,vowel-e.wav
128.1316844130481,12.924709551481357,0.0060582089031297,0.0414922257615319,17.642574226020145,710,1397,50.82319255547602,ok,,VM020DwbNvStMOAGyv81rUMoCjh2,20210426,vowel-e.wav
246.4269332242712,101.19738887025969,0.0154760265309193,0.1159820120406836,15.64736013896847,527,1619,32.550957381099444,ok,,Vw5teNFkjUTUPgIE0pgJwyvvoIG2,20210426,vowel-e.wav
161.70359513837462,83.21318235678145,0.0310599512181589,0.1642969552339611,6.829954947773406,370,860,43.02325581395349,ok,,EyzoLFEmr5dK0ifWxP8HdCypw4r1,20210426,vowel-e.wav
,,,,,0,0,0.0,failed,"load_failed: Audio file contains 0 samples.
Sound not read from sound file “/kaggle/working/ext_20210426/20210426/1R9RcXlOOLhCmAYuqdRSGP3b0OD3/vowel-e.wav”.",1R9RcXlOOLhCmAYuqdRSGP3b0OD3,20210426,vowel-e.wav
178.96926292037844,58.5657036994975,0.0059449767897076,0.0502831370813891,20.80815905201946,1371,1568,87.43622448979592,ok,,d6tJkKV7x1TFBe8WNnLhvLuoXgd2,20210426,vowel-e.wav
138.53227115242586,6.188208079717146,0.0026013622072504,0.0210978355286974,21.99792018159844,600,1397,42.94917680744452,ok,,qndmFcdekodLGpiKxKMVQlrJfcp2,20210426,vowel-e.wav
164.37665290166464,29.186464204797023,0.0073513249861117,0.0353561100103932,21.666251375500188,772,1210,63.80165289256198,ok,,ibsftXiIIaTlmiN1fVp4MjtS9Hl2,20210426,vowel-e.wav
197.72830226353747,11.499785144422855,0.0027194545747992,0.0278762565136724,23.350383977453745,544,646,84.21052631578948,ok,,A3uqqSyxT5MpzFwc0dCpiYRV4w53,20210426,vowel-e.wav
210.93184756088257,23.637469387141028,0.0063924511073505,0.0439274774985708,23.933831813417115,513,851,60.28202115158637,ok,,W2xUj9JB4DRbbn5PaUeIiYsV0XP2,20210426,vowel-e.wav
113.17678791771624,3.6726817010008537,0.0073419790152506,0.0572340094413859,13.685709803101602,164,638,25.70532915360501,ok,,LasObOSE2kQYWhWkA7WimXxhwUE2,20210426,vowel-e.wav
128.10098988204666,33.56158436464774,0.0115144241184137,0.0933267954531742,14.109591838874724,600,1329,45.146726862302486,ok,,akdaeGnDlhgMKnIjAhpslMiMJO43,20210426,vowel-e.wav
144.2770277092304,29.958997428146,0.0149482509811649,0.0702961448189213,13.62168433193444,100,971,10.298661174047371,ok,,QFxGVP17oxZUKUsuaW0O32qFdoT2,20210426,vowel-e.wav
221.2624617402365,33.18512644567576,0.0123785075579256,0.1330089317026728,14.599212980105555,871,1483,58.73229939312205,ok,,w5duFqV8D8V8c0hZLdmvSkmgcmz1,20210426,vowel-e.wav
191.1133837142585,72.71669818274617,0.0210047499404729,0.1398568518720296,0.8659443207656708,319,982,32.484725050916495,ok,,EbWP0XeMpnbrTsljro0dOGKIell1,20210426,vowel-e.wav
165.18432656808642,6.421000457829134,0.0046482751405699,0.0287389108183274,27.967434180651708,229,356,64.32584269662921,ok,,ycjX7yUM4INKaJYIyQdK8FMSoe22,20210426,vowel-e.wav
224.9827483933981,6.775482231193812,0.0086065657439867,0.1081670797869162,20.253817593337164,424,535,79.25233644859813,ok,,MqI9F85OYqVh99FcQEHSFPPLDka2,20210426,vowel-e.wav
214.1157658725583,74.13464716098774,0.0225787012858854,0.0670472724865519,19.699358177344592,642,783,81.99233716475096,ok,,VQoZTPYiP1Y9pcCcfBD1yDx5bt62,20210426,vowel-e.wav
173.5058901965131,60.98991455101042,0.0370417449761476,0.1294005298533777,17.162754785756462,826,1312,62.957317073170735,ok,,1ZqxuIHSzvMHY5qUirTwgQ2uq4f2,20210426,vowel-e.wav
152.7878390223974,41.83277995640948,0.0259805609063123,0.1134398469312098,14.17097896671704,315,1082,29.11275415896488,ok,,un5dW3qbK1XkHtuSID6elzexvr92,20210426,vowel-e.wav
110.60878931246825,14.661610606938645,0.0154381178146684,0.1116005822845506,15.852688301618189,559,713,78.40112201963534,ok,,uXC8VbwVHrY6Y9oh83B8X6DTjAO2,20210426,vowel-e.wav
126.96972538967796,10.50307339090978,0.0069244579731518,0.0920106387370668,20.435415944382715,287,612,46.89542483660131,ok,,p181Ap16EeNF5lB92QY7W4Q3vFc2,20210426,vowel-e.wav
160.61933509633596,50.5234683585449,0.0341044337835528,0.1360655118589131,8.111473306837734,978,1935,50.542635658914726,ok,,R2GSpbi6GQWiCzz17TR8yj4UB4a2,20210426,vowel-e.wav
148.32435048030615,50.10357933006459,0.0042272270955126,0.1054304065819789,14.352290626684848,1176,1423,82.64230498945889,ok,,IhtkrMM4uwVdjhaOiK1NJttf8pM2,20210426,vowel-e.wav
153.5583558622948,78.12823598558619,0.0283549615955466,0.2164736326984612,9.820705849486574,65,638,10.18808777429467,ok,,YAw9rkwSGUakz8LhvifMQk2JyNA2,20210426,vowel-e.wav
150.03472949564662,11.621308455134216,0.0035954946681663,0.0332942149517533,20.57020027316253,272,1841,14.774579033134168,ok,,l6xp4FcV20QYTrj0uF0GkKnXY1x2,20210426,vowel-e.wav
124.33443558395304,5.420934762205938,0.0077305404839978,0.0465428190790374,17.376489735264418,776,902,86.0310421286031,ok,,MBFsLtO6sIf2SGCEfNT2K91gLcy1,20210507,vowel-e.wav
217.67832282347763,4.774314285284908,0.0139891888180876,0.0857874352348538,20.445398109811304,148,288,51.388888888888886,ok,,txGfgoOqEuPeMPnrjxaRU8i7XjU2,20210507,vowel-e.wav
114.16684291806476,13.022102189512513,0.0049238587326942,0.0473107063664744,16.559186555685827,859,1013,84.79763079960513,ok,,rfZxLORiZraDBDfqVP5OX9MwprW2,20210507,vowel-e.wav
201.20911335316435,36.45158184722308,0.0083495341624034,0.0666602643158442,23.521899270553167,378,1662,22.74368231046932,ok,,3cDOR1xnHoULyVWNMbQG3wd3p3v2,20210507,vowel-e.wav
135.48335153755713,2.990661915013339,0.0026433910381511,0.0517600259482539,21.43094671337372,692,1517,45.61634805537245,ok,,ELY1myVdysXxF7aQWOXX9iZm75z2,20210507,vowel-e.wav
196.5373425142011,15.718261459000376,0.0086278380382588,0.0332985536166902,22.65653384670152,372,843,44.12811387900356,ok,,xtfp7P3edRNGnQniJlEUvTXGPoq2,20210507,vowel-e.wav
136.16470503192176,61.57260699238868,0.006113300716713,0.0464375026511399,21.39540031602136,829,954,86.89727463312369,ok,,4bnHQCj8tnSEx37AR5HiQAH2vB32,20210507,vowel-e.wav
136.6117540706503,14.140846931918132,0.0041936035728272,0.03193948192588,21.58472022705865,580,629,92.20985691573928,ok,,KRMavQOQ3OZanXv3MJSpga1x1b82,20210507,vowel-e.wav
215.90823136969345,5.224939293476106,0.0211126189508063,0.1277610130573465,17.158801140063822,290,1372,21.13702623906705,ok,,y6VWQQ5bW0drHBBQ74CmfwHniKo2,20210507,vowel-e.wav
272.92231737465124,25.019308136222275,0.0056342610091779,0.0527199365933502,23.047261589687224,662,860,76.97674418604652,ok,,d2S7zWZAlOagXj9khf3TVA52how1,20210507,vowel-e.wav
142.87154223900862,37.6479335509271,0.0132303839408226,0.0768758352515931,20.3559086420166,505,817,61.811505507955935,ok,,ceqhMFL0ricxVFj2ILcKqaW7Pyv1,20210507,vowel-e.wav
170.4064391685746,21.5686522984494,0.0087136392967152,0.0444569890316541,22.88524677075842,604,936,64.52991452991454,ok,,saaw7uHQJQesN9AmgKyXNFAaXB82,20210507,vowel-e.wav
128.7657499679237,18.451044282310374,0.007006632411645,0.1241581710234363,9.771794047880396,343,604,56.788079470198674,ok,,FBdqiwdp4Kc7PpyUkLBM9qMSo2k1,20210507,vowel-e.wav
147.52767771501908,33.23238291584474,0.0055484230598129,0.0455486989638035,21.93973760211948,933,1133,82.3477493380406,ok,,YI4ywO94vZbuRNO7LOE8yy2xNNq1,20210507,vowel-e.wav
127.18652608080176,43.62087372977451,0.0217211438157656,0.1090052037661604,14.119591049919398,518,1542,33.592736705577174,ok,,dRk3UOvfOMXyuSEddsNcpIqqN8u2,20210507,vowel-e.wav
225.4713504305637,5.563660115425666,0.0034115885037509,0.0267733476035668,33.52149198310693,611,851,71.7978848413631,ok,,NY6jgqIgJtUPBYpsbpO3qhmpdft1,20210507,vowel-e.wav
215.2804151613167,45.34929801556251,0.0162431091670002,0.1208236380726988,15.000243171926346,1044,1278,81.69014084507042,ok,,RvmNXu1ssYaqxW3U5WXnX5aNOVU2,20210507,vowel-e.wav
120.60604160417688,7.518429074194873,0.0043012493619561,0.0358673489975068,17.730339489959555,218,271,80.44280442804428,ok,,913nkZSI3KeVWwJ7NfrfNFZGcKB3,20210507,vowel-e.wav
141.0326886509915,6.336366274063172,0.0125534668406863,0.0357063730078075,21.091246312542573,935,1756,53.24601366742597,ok,,I6Mjl4neEPMnMH16WVW6oTG860L2,20210507,vowel-e.wav
172.4210453130872,38.95412628477833,0.0115216241974891,0.0659745491809298,17.251954340213487,196,450,43.55555555555556,ok,,ZIuG3ACI2aQ7spKg26hQM9nxFWi1,20210507,vowel-e.wav
236.90447999303217,107.21179280480509,0.0377104592996042,0.1799575664397474,9.489934940409338,444,1372,32.36151603498542,ok,,MYN9ST6rk6TEgAp5DXGEgZmu6JY2,20210507,vowel-e.wav
188.14645484570391,66.32703340108358,0.0126036282514358,0.0716499534731391,15.709905756539577,116,220,52.72727272727273,ok,,VJfAi0zEQHh3U8JAAdM6qwqQxmr1,20210507,vowel-e.wav
117.46361235897834,4.005905382959808,0.0055228431722872,0.0849144562707391,17.90225150949048,823,936,87.92735042735043,ok,,LF7wSEDpWafkz5bwtxnFuho9iWz1,20210507,vowel-e.wav
128.0814318474969,9.311809913337743,0.0071908365260881,0.0315946725185429,20.37546747701825,114,262,43.51145038167939,ok,,sUvE80s6vsOdjqAo5mnubdliqrW2,20210507,vowel-e.wav
90.6522608283438,10.075980554974056,0.0052910598653686,0.0560521519723937,19.184644322944525,107,314,34.07643312101911,ok,,clTCcS844yb8ZbQtq8EwQANZ6p22,20210507,vowel-e.wav
137.08242884839717,4.108653997174858,0.0038220358376182,0.0340868463180951,24.486148336083986,1223,1428,85.64425770308124,ok,,OHIo7PN5VJZoQefj2perUPRHsDn2,20210507,vowel-e.wav
134.38139327914843,29.12322301941921,0.0167801332668842,0.1203980960086516,10.734921601959895,216,740,29.18918918918919,ok,,GE5qvqLgiZRrDreK2Hv1ppWVrQp1,20210507,vowel-e.wav
139.56161683844994,3.757516505805152,0.0116441128026588,0.0722970831185536,21.78967750305772,283,535,52.89719626168224,ok,,i0EyWP227GaL7ZQRqCS0iysTxcf2,20210507,vowel-e.wav
132.54273567749587,3.664831583073345,0.0080366705899778,0.0721328673820848,21.26409441149432,219,1329,16.478555304740407,ok,,6eeE5vinOTT3eH98PW5jBcpqmom1,20210507,vowel-e.wav
134.15966625436354,2.2706787353695934,0.0062240802930187,0.0494964337557147,8.970267177954948,1219,1406,86.69985775248934,ok,,6d2och05gaZuhGjLC5rEVdGPSsS2,20210507,vowel-e.wav
248.60187261160388,80.23278340145121,0.0374028716051709,0.1038260521779866,12.026725942338192,19,177,10.734463276836156,ok,,DIzDEYclGHggfip2pfT4yW484bF2,20210507,vowel-e.wav
238.9174014109045,31.87290367157418,0.0052400388063453,0.0539225450105701,20.490219016368314,682,1329,51.31677953348383,ok,,AVbhXf3KiUf9ZmkjvWzDOxevAPH2,20210507,vowel-e.wav
129.01187834405226,8.77604823757118,0.0034894680821818,0.0353519664173525,28.592477532145363,1569,2353,66.68083297917552,ok,,UDsJYcNsh1NOD6LBl55nI5Z2dgj2,20210507,vowel-e.wav
243.60718888627488,47.46247377043041,0.0454481188142959,0.0951377291293096,10.455590765439789,470,1500,31.33333333333333,ok,,n4iInpDT2BR5xr3Y6yNqOxvvFUm2,20210507,vowel-e.wav
200.23218858116803,2.199180983922954,0.0024960545704494,0.0536698726128611,22.18621840665384,760,1133,67.07855251544572,ok,,cBHKiNVlWsg5uT8mF8vrluQX57w1,20210507,vowel-e.wav
139.43532568152116,12.245011975490543,0.0264360639953515,0.0515208540689795,18.96949434711046,809,971,83.31616889804326,ok,,mxAHwweq7wRBFCzdQuj2NiMvMin1,20210507,vowel-e.wav
259.7810558854798,10.878225665353751,0.0159117361273915,0.0764901443801011,21.163000256631392,46,151,30.4635761589404,ok,,fYwrpxbyuVeCaIFAST2XCi5HALv1,20210507,vowel-e.wav
149.00761723859037,82.82481184481755,0.0168781144227822,0.1215557603229422,12.317931985458,1076,1295,83.08880308880309,ok,,Lo9OvxpnOmSsMC0qy4rwtXVamU13,20210507,vowel-e.wav
115.430893802945,43.25858572578176,0.0226955464872743,0.1090317236717923,9.807679961473516,296,672,44.04761904761905,ok,,3BUB0leQxthtm7CndU3zJdUktrK2,20210507,vowel-e.wav
220.34800320430003,50.9221823232165,0.0206544622018992,0.0738431181919143,16.20034441363681,446,1133,39.36451897616946,ok,,nRH1xhm8zjOVzAPYuBMgGMQtes22,20210507,vowel-e.wav
120.22798152742526,26.229666669012627,0.014144000561322,0.1227915478149783,4.637646795966003,160,681,23.494860499265787,ok,,4BsVbbiOh1a5X9UgYOIPOj3Hsi62,20210507,vowel-e.wav
137.48873682456653,4.173479402464531,0.0068165481130563,0.0432786342879536,21.70588799858929,748,971,77.03398558187436,ok,,oftR0bCS4Bdgkwkudt4ecIBudlt1,20210507,vowel-e.wav
129.81929985226284,39.12250193077765,0.0044580327209779,0.054363305574174,22.891654814720845,377,817,46.14443084455324,ok,,euPFuMhg0CbTjlBZjGCoRQzW1DW2,20210507,vowel-e.wav
191.3726427678513,64.41120902856723,0.0555955841324129,0.2291594649548499,5.569494808384647,158,919,17.19260065288357,ok,,0B1rE91KabdId1lUmWJB7NLg8OP2,20210507,vowel-e.wav
137.90764570290867,7.1665709975479,0.0081668972609573,0.0684192834315218,20.59109016816088,875,1022,85.61643835616438,ok,,6kMlitGRc3XF2Nt13Wl3LOs4wMl1,20210507,vowel-e.wav
178.5761032415635,16.049685182746032,0.003466096348596,0.019433904939853,25.52820104030594,1203,1440,83.54166666666667,ok,,1PhqsVP6EhPzs1zx9XUsyj7nm823,20210507,vowel-e.wav
150.15055258263462,8.44912371860684,0.0143512403433391,0.0551295907766187,24.59424896695939,567,919,61.6974972796518,ok,,aiuXXywWvhXtTtGSMDITFMmKs1E2,20210507,vowel-e.wav
124.248482523628,15.209899698565051,0.013405444457491,0.1166189207047322,15.592156978928504,1052,1397,75.3042233357194,ok,,foSqAW8uRvWn3SsriOdFCLpNKY13,20210507,vowel-e.wav
125.03488880881838,19.72524200986244,0.0099018184914455,0.0881182254870591,11.092615404302409,713,1005,70.94527363184079,ok,,yHDFkOJHVZTgJAab31hQ0cq9rUb2,20210507,vowel-e.wav
131.00079907836042,3.460277919336052,0.0031841233052193,0.0551168107218645,24.26299133631307,2412,2925,82.46153846153847,ok,,9OS5kJE2owbo0961Ni8cqM4KJL52,20210507,vowel-e.wav
129.77235304888166,2.741389302513778,0.0045740693717299,0.0568104163809356,34.361732360431084,2140,2643,80.96859629209231,ok,,VO8vkvfYKaM5zzj1YDN07Z40MP13,20210507,vowel-e.wav
230.24130780196097,22.43541892173621,0.0131762285418157,0.0800476725723439,18.43140932433168,233,1338,17.414050822122572,ok,,LTk52ATmpEVOJSTjuNtEZHJx6943,20210507,vowel-e.wav
126.27438957598594,2.759925136262205,0.0049613825023988,0.0695513771773257,14.41397059649562,674,2199,30.650295588904047,ok,,JBHTkiv6VFfqC5oKSbfhSYwQ0Sv2,20210507,vowel-e.wav
184.32755024371264,33.65240553615943,0.0160307972729419,0.0926653516533179,13.74775662142066,135,407,33.16953316953317,ok,,kjPSx3B3tXf79RLmpSEvInCJUXx2,20210507,vowel-e.wav
116.63395269562383,8.065092480902363,0.0103566603144584,0.073435380711708,16.651417817919743,249,1269,19.62174940898345,ok,,jkcSJEAVpLdvwcixyrWQwb4IyUI2,20210523,vowel-e.wav
137.82375251734467,22.42495038947386,0.0156914246682099,0.0615065757233043,16.191404423648457,485,621,78.09983896940419,ok,,ZB1FaMjRFMaLwI0lIPzPxa5YPCR2,20210523,vowel-e.wav
253.35863031119789,36.32614998489432,0.0068557335884683,0.0309479279958019,27.39448891271226,158,1440,10.97222222222222,ok,,vHDrZKBoA4R38Ce3OxkngSUcwPY2,20210523,vowel-e.wav
129.1634609217637,9.95918086040882,0.0191638567801179,0.1144285782967067,9.581875083056936,124,390,31.7948717948718,ok,,jAP3y51Zjcd3gkB80PuRAfSXTGa2,20210523,vowel-e.wav
140.84072239923455,11.090179823719984,0.0488654889099264,0.1711004574811796,3.0771751030792687,335,535,62.61682242990654,ok,,FLNZB0Us1PgOdXLJUC4tmsvRrH43,20210523,vowel-e.wav
178.1706022456381,18.44797828411534,0.0253590975167427,0.17636640172764,7.60850521335055,1223,1431,85.46470999301188,ok,,HTD3EP8qEaXAvotjoqVsC25Sbk02,20210523,vowel-e.wav
138.81656293613025,41.94391294977226,0.0164714232029585,0.0836394353915962,10.564642213676104,818,2677,30.55659320134479,ok,,qdSq9daKJqQdWOxAGCxY4Vae3Sq2,20210523,vowel-e.wav
215.4513897610665,69.58498559747765,0.0147788705023443,0.0774765721883694,13.636845772439113,424,1064,39.849624060150376,ok,,wDqOiRYshQTO37726tjnEy1lUQ33,20210523,vowel-e.wav
98.20873789593402,3.403172089346446,0.0028103013778448,0.0544701567059063,14.575933543256705,370,501,73.85229540918164,ok,,TQCxi7zzXCTlowvfaJyctxGYNUx1,20210523,vowel-e.wav
147.86980190391992,11.295418154175106,0.0070624026253876,0.0599989615685935,16.411027903539832,602,954,63.10272536687632,ok,,JsCOI2xZdUUPfRRAQSPvvamW9wg2,20210523,vowel-e.wav
145.09091092472607,90.082655204815,0.0190436874902868,0.0898897985201572,11.936820295430715,85,407,20.884520884520885,ok,,6cJV1rxhkYemRcp3DAl4sGdgEbf1,20210523,vowel-e.wav
185.10157578560955,7.989760893889337,0.0149394350925468,0.0800891364912668,13.664363433257709,495,954,51.886792452830186,ok,,IjI3eQUHkrYdJSB4nWeXeNoryNl2,20210523,vowel-e.wav
213.5399436110272,5.218653326562878,0.004441728395056,0.0291048987106495,21.493670303828264,652,902,72.28381374722838,ok,,CGXh77ubexNuv0UUmOHVCnAgurY2,20210523,vowel-e.wav
188.23327434189747,14.596360486750411,0.0043283251925257,0.0366620483699951,18.48400298776341,855,1090,78.44036697247707,ok,,FJJZziCGb0bv5h7JlSKaOSXDdOH2,20210523,vowel-e.wav
135.1821377784008,4.8990222125638,0.0086090533024044,0.075063986447393,19.03284426915844,533,868,61.40552995391705,ok,,PkfBnCa4dFYuRjEZpsvTAerF2fS2,20210523,vowel-e.wav
231.66378453870533,37.82124791044597,0.0091967554957945,0.0356992124989995,26.476299002926407,387,1491,25.95573440643864,ok,,gc65SjkqJYTzNMZcaT1jPkxkfyn2,20210523,vowel-e.wav
234.0851935933489,4.6623729972913015,0.0094634172922237,0.0543043777528473,27.42424087634473,614,936,65.5982905982906,ok,,fX1IzMBBKwXISMTgnZUFQa6o5Rh2,20210523,vowel-e.wav
193.38059504048235,38.64355578577247,0.0175557330313667,0.0909440849409987,25.056231118510205,316,467,67.6659528907923,ok,,E2F521LDB7aZdAkwmcfDb2CLQ7l2,20210523,vowel-e.wav
98.59127661989442,2.482881052524347,0.0068644939229873,0.0644250744236985,15.291467921941324,323,928,34.80603448275862,ok,,BG1rEPoPYKUAHCYVzPrcB3I6VUn2,20210523,vowel-e.wav
128.96874345025728,29.79500822539444,0.0039601786373678,0.0633785386793424,16.744790161392025,956,1594,59.974905897114176,ok,,u4k3fup3JdfVBjA86vjrMVth3063,20210523,vowel-e.wav
175.0245438244606,40.37310625601741,0.0130782310635736,0.0738379797825314,18.81921910819191,344,826,41.64648910411622,ok,,AlM8enXWaFZ96vN2KM98agcXJvx2,20210523,vowel-e.wav
136.5514155740054,17.635979217842625,0.009844872863464,0.0557864844960742,19.06319520289797,340,698,48.710601719197705,ok,,lN052zCWrOOH1v9C4wYibgJDZA62,20210523,vowel-e.wav
224.0760515873021,19.975087465807302,0.0047282519289432,0.0548346400183372,19.687732474051664,705,979,72.01225740551584,ok,,MtXoTPXYhUaIX0skM8V3roaz2B22,20210523,vowel-e.wav
140.39240781260588,23.79865125817832,0.0078210589321387,0.0716035040109832,18.36522489147775,220,749,29.37249666221629,ok,,Cb1UXUhOX3NROXt2kJejtFBbtSF3,20210523,vowel-e.wav
170.87255244062789,22.920048375351417,0.0216972394382711,0.0615809982849136,17.218448080069688,1256,1687,74.45168938944873,ok,,XwPxN3JASwgk13QZUviNawM7k0v1,20210523,vowel-e.wav
132.58749868486194,39.7987314202164,0.0103543841491112,0.139729216167276,5.816052981631823,112,1525,7.344262295081967,ok,,B3QbrMswB6RosVMO4OtvlHi73Ec2,20210523,vowel-e.wav
103.24729506653908,39.094484920799744,0.0121975062113985,0.0820251274562276,13.536609482919744,925,1073,86.20689655172414,ok,,4qfhsE8JMrP67YOKBSgnbOIPlKK2,20210523,vowel-e.wav
116.68226106276056,13.816358738822869,0.0209856379929569,0.078999808248519,15.200296511694775,47,296,15.87837837837838,ok,,PJrlc61stNevcImR6At9SYx7RYp2,20210523,vowel-e.wav
199.85433153193088,9.1858520305207,0.0132901278508649,0.0683801051420274,19.67529118384437,99,296,33.445945945945944,ok,,eSq2kPoX1dNIeEx5qslTgh6qjno1,20210523,vowel-e.wav
144.89534208658964,47.91256118970356,0.0213895032304195,0.1273749968798375,7.852720502031992,447,973,45.94039054470709,ok,,OXtf0PsobreM3phUk9HmzPGaGZA3,20210523,vowel-e.wav
161.60392679789996,11.04370586431278,0.0110861574829712,0.0683908287570683,19.90368652063933,329,476,69.11764705882354,ok,,pNGFDTnofMXgetTUrGCD0ZurV383,20210523,vowel-e.wav
211.5713838383792,10.931693258380868,0.0141696060133705,0.0361308683350323,28.770306380606552,1221,1935,63.10077519379845,ok,,ZNTuppbDaCNybeDYGmyjJeYr93s1,20210603,vowel-e.wav
166.88704201020713,38.230793002524216,0.0121304210216463,0.0745475513088124,18.46632676771529,430,1047,41.06972301814709,ok,,dWycg6JuX6g8G7QGogegg8apD3c2,20210603,vowel-e.wav
134.3486018269523,19.81902031165972,0.0074139797322871,0.12016274675323,13.04937073811372,1046,1585,65.99369085173501,ok,,hRMSJF9xD6h9CmQJzB3phXKNnTI2,20210603,vowel-e.wav
110.05872399644886,4.329758962073783,0.0032331927905497,0.0511853516855041,19.40961903824668,1020,1235,82.5910931174089,ok,,lZ9kLbRc2LOSsFx6QbxmJsqzOru2,20210603,vowel-e.wav
132.45175351306142,3.455412743755723,0.0061999805809712,0.0670198443247155,19.13462802349106,1985,2677,74.15016809861785,ok,,yMJAWvrwJOUbMR0ev3LeqgWr0zI2,20210603,vowel-e.wav
240.1720986867605,9.611227512619145,0.0031479065628926,0.0496804219173049,13.212742198423664,132,305,43.278688524590166,ok,,J7R2UkId7jU0aOSw5amaS8zJVIm1,20210603,vowel-e.wav
118.45857192448626,6.702315202777333,0.0078154199989648,0.0502315127491932,22.81333219105937,340,783,43.42273307790549,ok,,ShqcUBfF0jdYcAcAI9XL1v6AWYt2,20210603,vowel-e.wav
137.24314360690784,46.54039978331755,0.0255295700114855,0.1432344389234927,15.269299624334138,238,587,40.54514480408859,ok,,IUMKHMLvwOWdQgn7cbonw36vNzF2,20210603,vowel-e.wav
190.1178857068068,33.763486530821844,0.0110863751735362,0.050865729122643,24.78332866422745,622,1397,44.52397995705082,ok,,wNyhOMMuX3Yo8ntJrq4zGjnpcXk2,20210603,vowel-e.wav
168.80057530401243,8.642577290526248,0.0037793187633276,0.0351968681982834,20.94401443633376,221,305,72.45901639344262,ok,,poQ11Wmw16VIjjkc6dAPeAWzf962,20210603,vowel-e.wav
219.92674707737152,25.70673191988986,0.0128024973042486,0.062657519584374,20.12569096556656,442,1372,32.21574344023323,ok,,pJV1WLRshtZDthXUILe0NR9WX6k2,20210603,vowel-e.wav
107.840108685214,11.602737485158228,0.0067392347162617,0.0439515463527159,15.64344132053516,185,1397,13.24266284896206,ok,,wV7x1QU1gFOwMAyp8ZnHNcAsntv2,20210603,vowel-e.wav
217.87948847251144,54.46491848372011,0.0134476124304361,0.0386995940344758,16.74316014050547,1470,2737,53.70843989769821,ok,,El8HRprt4FVF6QG4dHoKLFbARSc2,20210603,vowel-e.wav
97.2018775892623,3.76078292658434,0.0271806595796816,0.0781872704001091,16.538866033402254,700,824,84.95145631067962,ok,,kbznHTdWBpXO5FWTxPmJHRhgW8J3,20210603,vowel-e.wav
272.3270208714306,17.07154179859529,0.0114011324734504,0.0414004919704468,20.38424081121759,322,570,56.49122807017544,ok,,TwPNsIPNCxTzkSKcEQEy4zNqrNb2,20210603,vowel-e.wav
112.76406263757028,7.212612020296677,0.0065548063262259,0.0563216249017395,21.148243241668204,561,808,69.43069306930693,ok,,FzJhVfH5jFOJ4hf1CWLSQOo8csD3,20210603,vowel-e.wav
260.40285640276824,11.92025183401818,0.005315102070505,0.0307288441560536,23.599503754415828,74,220,33.63636363636363,ok,,ottC8aetxhRQfKD00RCJc5LWS622,20210603,vowel-e.wav
142.23809609819642,2.247493962664869,0.0239936781791629,0.0633672598505859,16.7063014321489,2725,2865,95.11343804537522,ok,,I61f49auZgdsWBUYQq4BQ5gRwaC2,20210603,vowel-e.wav
323.3595813098581,11.007882962473476,0.0029732554286494,0.0483294802516471,16.22806469107387,191,365,52.32876712328767,ok,,JHMWpOobBsPMkI2Z9bN8BOgec902,20210603,vowel-e.wav
107.36772080008606,16.48669847239657,0.0076401251226661,0.0418773807078323,17.52037458821068,1182,1346,87.81575037147103,ok,,eZ4l7swtQiULINUFP16aFXE60Ca2,20210603,vowel-e.wav
247.13573949362285,3.7538213010460586,0.0021290201212347,0.0283095045119833,23.90227576018681,1103,1269,86.91883372734436,ok,,8MdsvTBMWAUInavE1pdmFQAZPF13,20210603,vowel-e.wav
106.29039585052902,8.804599605744661,0.0102481031174946,0.0557070347064478,14.773319781666451,863,1534,56.25814863102999,ok,,aH6o5lYN6vh40RCFhfyBYjkQVH13,20210603,vowel-e.wav
112.83020824386278,8.427663454078578,0.0173690466957467,0.0437121074279452,14.220303959927618,397,1073,36.99906803355079,ok,,Ny1eG1jTBwWIudUg5hGhCchHKXC2,20210603,vowel-e.wav
274.1155562212639,81.40550341127044,0.0083813942304163,0.0621725158982799,21.91117980235514,787,996,79.0160642570281,ok,,2Ds5biivalU9r81vg7bxl90UWtx1,20210603,vowel-e.wav
96.06919653269522,10.713819442986438,0.0134965896631009,0.0716093227543297,12.306744940844876,311,774,40.18087855297158,ok,,5SHNxnq02ygR1L7LRTR3gASXpHb2,20210603,vowel-e.wav
151.4402292671089,39.340287759069824,0.0055847431914121,0.040960637013138,21.41531545081325,818,1005,81.39303482587064,ok,,DOzTO5ZjEsMTQLN81GZHEzxTbnj2,20210603,vowel-e.wav
156.64387142688824,11.18833915500286,0.0168815313101751,0.0588341776883979,15.210612421786404,429,996,43.0722891566265,ok,,CTnnDvwNIYTb6tn1b3kX2rLYaiJ3,20210603,vowel-e.wav
142.17327526321728,36.04176062898719,0.0248764065606903,0.1244719913092689,9.40548676367146,620,1124,55.16014234875445,ok,,N5TW03mmoXTTHqfhENFFJgSA8ni1,20210603,vowel-e.wav
122.85764541376106,19.97942014099635,0.0098675557106817,0.101520482167542,12.6270328773361,626,928,67.45689655172414,ok,,S4RMw5HOdnaBnLOaIIuybMtreHg1,20210603,vowel-e.wav
212.24480958587128,9.263995353307903,0.024234235526187,0.0862470986295063,14.717258322853066,161,595,27.058823529411764,ok,,HK3FfcI5SyXc7CtQMaQiMQ2ia1n2,20210603,vowel-e.wav
197.36741283436425,2.065258665670461,0.0044471496239494,0.035244837549539,22.58409240609341,910,1140,79.82456140350877,ok,,70rp2jgNpWU7FK3UabUcNvIp5us2,20210603,vowel-e.wav
171.15688990098192,31.699332143897863,0.010544136892782,0.0674607234354737,21.4887228848049,192,604,31.788079470198674,ok,,ELTqUBJoR4MPBzMZH3yL6yLMc283,20210603,vowel-e.wav
134.95243587818644,14.46733231321562,0.0087372589138523,0.0525539683590153,20.19779890902994,2333,2993,77.94854660875376,ok,,t0IcY0l4PcU8VicMlC1xC3taL2E2,20210603,vowel-e.wav
136.15655128782203,5.65527865313214,0.0060897041115308,0.0332566145991235,24.01149619038232,441,555,79.45945945945945,ok,,DggrWUKwrkOXgR2B6v13vKEB1hi1,20210603,vowel-e.wav
324.59860986196173,14.6354631117088,0.0078756412359659,0.0489217942687419,22.15503659874226,71,288,24.65277777777778,ok,,WS1gK6DGYegLMEWx3ZNb191hsal1,20210603,vowel-e.wav
135.07947108600985,27.56655828265063,0.0067494560079947,0.0394189973703298,25.498880934319928,553,1858,29.76318622174381,ok,,faYwcUwnSCP703PhpqOgDOPV7Zj2,20210603,vowel-e.wav
159.8802693144598,7.10657935330705,0.0058692302576308,0.0353181563267377,21.931805721887013,482,1483,32.50168577208361,ok,,E3nlERKGBPcSO2PjEDJ6GrRKiy73,20210603,vowel-e.wav
168.8490803271646,5.0014562621558944,0.0050759364288017,0.0240467496143388,24.825121539924822,1154,1286,89.73561430793157,ok,,AsJ4wWkmVpZNBCVhxvxL0BoZgGd2,20210603,vowel-e.wav
250.9470106637418,106.00070979203538,0.0212718714773838,0.075929075933249,20.08858399688867,313,1619,19.332921556516368,ok,,C0PAlMWS2ISkQSKPHBsLIxWWWSI2,20210603,vowel-e.wav
111.21233596137168,43.463153279542574,0.0104152590879624,0.0511135667690365,12.870800362038995,853,1099,77.61601455868971,ok,,KjPE6JknuWfX4UQtWrWP0h21Bmo2,20210603,vowel-e.wav
131.97409982663024,5.6804931990477545,0.0050760166465784,0.0400297089109784,16.989236281394202,1008,1355,74.39114391143912,ok,,dDvHec65MWh2REqq5mABZJvmlXI3,20210603,vowel-e.wav
140.56987197470846,5.95638987903276,0.0130465700588759,0.1311728077945965,12.564366041750228,687,927,74.11003236245955,ok,,OPSRSPdvG3SJ42PhF7aFmCZcVpk1,20210603,vowel-e.wav
113.21307883923808,6.783019735847225,0.0064988237647033,0.0232469967990903,25.545755334955896,281,322,87.26708074534162,ok,,OPgL5r9gSiOhpOtFGVK8e0kN4o73,20210618,vowel-e.wav
278.93769105498944,16.42962010429104,0.0034015529796228,0.0278454094562412,26.09885018575496,644,808,79.70297029702971,ok,,DtJl7zpcS5NjbdMwBA0mVinAANt1,20210618,vowel-e.wav
161.39776878456874,41.60727200329413,0.0081564323733951,0.0473158727732153,18.32846113598334,1093,1218,89.73727422003284,ok,,8rOnZOCPtDZeJwWSQ9ZTH4pnD9l1,20210618,vowel-e.wav
134.0770139046784,9.729105291468096,0.0110170816940977,0.0764846115855278,17.903170824392973,117,919,12.731229597388468,ok,,UZKdFMia0JWykTWi6T2PoXmS3nt2,20210618,vowel-e.wav
124.86262688109414,1.4230178375637264,0.0026299215699579,0.0799945590275295,18.149990364742926,658,715,92.02797202797204,ok,,MSqyNEX5gYfLNib5Lim9IyDnNVu2,20210618,vowel-e.wav
144.98905572774552,25.31941992352541,0.0050051638791945,0.049685188656218,17.662940302366387,587,791,74.20986093552465,ok,,n1A8G19t3IR9wCUhfv5sZFF9pvI2,20210618,vowel-e.wav
143.10177914774494,1.4465099994466448,0.0036411392041299,0.0187152496172628,22.66649154800129,807,945,85.39682539682539,ok,,8mXNrcFzP9OZr3ECKBdMOvft22T2,20210618,vowel-e.wav
284.3278545847145,7.963940153683285,0.0079384472678103,0.0349666687173806,28.254267114332503,936,1022,91.58512720156556,ok,,CbcXlISWX6QO53j2LN51KavaaBz2,20210618,vowel-e.wav
113.56355484759462,2.5664127795551206,0.0033691589951357,0.0272075418508349,23.81323664507279,1877,2023,92.78299555116163,ok,,XPPJ9BJ5sTQs7BHmMHjD4A0bBlL2,20210618,vowel-e.wav
169.81589420430643,31.89277126698596,0.0211059199554346,0.0858310377423614,13.456125441347528,258,766,33.68146214099217,ok,,zM5GsorprLYElGQ3uJwnU0g0Fwr1,20210618,vowel-e.wav
124.25119717287282,14.077915824007196,0.0032798735499301,0.0244871906400142,21.76269521469134,1559,1773,87.93006204173717,ok,,XWseLAgCciNYqDmCI43OF2hZ56x2,20210618,vowel-e.wav
168.80018415531833,21.527115019038312,0.0047152927945138,0.0321226868610067,26.02606906204616,2650,2814,94.1719971570718,ok,,4MHkshbYMIYZtzzFwqG7HbWOqrn2,20210618,vowel-e.wav
157.45517993871076,59.169831428097886,0.0062017009489265,0.0448719826105722,13.941360888884487,406,499,81.3627254509018,ok,,iwhEG3FaU2MHsAPbfTtG1f5B4EH3,20210618,vowel-e.wav
96.23885611167124,3.950768569696516,0.0050542151085997,0.0636453188362197,17.913144360430298,201,843,23.843416370106763,ok,,Kj5Pw7GpqlhOhtfYKysgdFZcijG3,20210618,vowel-e.wav
248.55786311328305,4.4010446938959005,0.0556010632327249,0.1789189032769163,-4.582121829562548,24,228,10.526315789473683,ok,,sCIEJBR6IqPCVT23smYLECEv9qE3,20210618,vowel-e.wav
139.64775286974597,5.796169561036416,0.0048376145163039,0.0420735263142493,19.16724599006142,145,1082,13.401109057301294,ok,,7TCSKiPfz5g0WKicjrKDC0BGURI2,20210618,vowel-e.wav
107.7442939973859,2.450776362064053,0.0080143323017631,0.0469390209032576,14.18492495369554,841,1022,82.28962818003914,ok,,kkQosHE5ayf0dWYbVFhLMElqTem1,20210618,vowel-e.wav
115.41906532620006,1.6210979214462704,0.0057897347291646,0.0923071941074944,17.310366174580945,323,425,76.0,ok,,JjncXsOMMaPo5yrlpzWuhYrygFd2,20210618,vowel-e.wav
137.36577984513113,3.2900486956116306,0.0017444506877088,0.0331526034138381,22.80918957471845,1714,2182,78.55178735105407,ok,,AwfC9BfTQ1WYby8bEH1rzosHHN42,20210618,vowel-e.wav
158.71117663083302,82.55314116567128,0.0177954290698047,0.0701548944568186,15.84895163229826,86,1005,8.557213930348258,ok,,hCGWjxLPdKhkAOQkOWtF9fJzQWA2,20210618,vowel-e.wav
123.07668041910183,17.383510975308464,0.0090647726555759,0.034780221305726,24.07802004222616,911,1158,78.67012089810017,ok,,kgKXbk0tC9cKZMRZnUH94is6Kxr2,20210618,vowel-e.wav
261.3834423232737,5.309069791958697,0.0055968292160482,0.0247357407182757,34.56696862576404,1173,1338,87.66816143497758,ok,,oabgqJNwZpUwhlXxXG67cTLlLv42,20210618,vowel-e.wav
136.86237477685185,27.601149261574264,0.0113748687485602,0.0895765252278065,13.087582296585635,103,279,36.91756272401434,ok,,aJd51HXh44cpgSDg2EtCRINtiKD2,20210618,vowel-e.wav
135.5680864204394,3.80475468978233,0.0240657227731693,0.2172347324190652,10.319528107876266,22,134,16.417910447761194,ok,,tYYfZtYnKXbGU6nxyEB3wj58S7c2,20210618,vowel-e.wav
180.91716398157448,31.83541998013261,0.0040484832355226,0.0406934337913897,25.80502466856412,356,535,66.54205607476635,ok,,HzgkwPpnW5dgFMdHNxRhazx4el23,20210618,vowel-e.wav
130.5244809355599,10.696028301416668,0.0077230818113594,0.0391600149599642,17.70124197365607,1275,1457,87.50857927247769,ok,,rhsHmoixLAOboe2XhgFD8ZZNvbD2,20210618,vowel-e.wav
220.3073576969961,51.6840051383322,0.0115465605912549,0.05877337472012,16.683616863279454,127,450,28.22222222222222,ok,,C4DdlIxnpLRtDrdGt97s67gtVJo2,20210618,vowel-e.wav
215.41752620241328,4.523802089927372,0.0025550354751489,0.041187205290844,22.25776113744772,840,877,95.78107183580389,ok,,4pzyamXuTgfmgVGi39RXWSfNb213,20210618,vowel-e.wav
137.903317162232,7.158214180564779,0.0093985921247364,0.0510163581555739,21.34152115577008,213,442,48.19004524886878,ok,,IYNMqzUgqfdUnKv5uRtM4BOnOBq2,20210618,vowel-e.wav
138.73482613043944,3.9760286234308246,0.0038707206737393,0.0310769980687267,26.871472262937605,584,962,60.70686070686071,ok,,LElWV2QtC5fwpqpIdAFEmaLX3Aw1,20210618,vowel-e.wav
125.79275226986148,11.953792358786558,0.0118927042204128,0.1120037945339673,15.264887299772084,642,791,81.16308470290771,ok,,Rf8ndrjS3JYjFU8F9TU5879SXRu1,20210618,vowel-e.wav
224.6222066126828,73.18422299277682,0.0212128341396112,0.0827145931522637,18.660006260205183,268,1704,15.727699530516432,ok,,2zAfpSxYt0O6Bl7qwUhicdCoyY42,20210618,vowel-e.wav
133.0331743661356,2.617148243005465,0.0044558864278793,0.0376809351150655,25.948609199905004,948,1158,81.86528497409327,ok,,FabhqSqtVOSswlym1jLjDOsiqHC2,20210618,vowel-e.wav
175.11757060498363,32.1368845814316,0.0056178305537129,0.0227806046129381,25.00667015254419,111,373,29.758713136729224,ok,,H9aG9NV6Wae3ATv7xapsyAYdIJy2,20210618,vowel-e.wav
129.8012923767756,31.51773584441607,0.0181430783064928,0.0451942641941689,17.402671173624263,148,203,72.9064039408867,ok,,aZxVRpoNSBebXHqCkT6EwLagTvb2,20210618,vowel-e.wav
205.6115798174233,46.60622848350181,0.017212914549567,0.0690865053836548,16.789738947282515,300,518,57.91505791505792,ok,,IHOunHyVaoO7AR6Z0QJgIa31BvS2,20210618,vowel-e.wav
85.5658532307787,1.7832041662378262,0.00546671598098,0.0407918506175323,21.416985027149064,1987,2089,95.11728099569171,ok,,vAdIAlGCrWPPwUGYxkFopen6zq03,20210618,vowel-e.wav
174.39354387757157,35.9130790932096,0.0274923961797806,0.1291158931035567,8.132122857504724,77,220,35.0,ok,,v4G9xCIR9DdWAiFRSNd4XbwPUP32,20210618,vowel-e.wav
122.18722008834212,5.214915660927883,0.0040151697698159,0.0426792323061844,19.89453692207547,240,877,27.366020524515392,ok,,yT2MdQkNRvMvI418P1AQ2SystgE3,20210618,vowel-e.wav
126.0555592268324,6.563305039737521,0.0082115349535192,0.085490227764384,17.933532117134703,586,1704,34.389671361502344,ok,,G4xAP3eXB5WetgfSrKSQuwBwy663,20210618,vowel-e.wav
205.85702511022464,40.12428734114588,0.0132684608417826,0.1149362726170447,16.656315101274398,148,382,38.7434554973822,ok,,3qA9Ym3caTbMsegKE0yUvLdapHi1,20210618,vowel-e.wav
263.4735500633893,2.937426881149172,0.0050727679308666,0.0363303803137448,25.45068620468252,948,1722,55.05226480836237,ok,,fICRAm8VbTUrnLQETtJfgQu3q9N2,20210618,vowel-e.wav
160.24620742860083,29.41854080129555,0.005908643008231,0.0539830011945719,12.58684022091511,136,578,23.529411764705884,ok,,6Tn00kNMgrhXRNTtafxIoOoodgm2,20210618,vowel-e.wav
142.65430989167646,57.13966939199524,0.0130349054360567,0.0729786425107229,17.780690812750674,541,698,77.50716332378224,ok,,bx564wHvi9d0HyJTtdi0haZuU493,20210618,vowel-e.wav
112.5413494253231,51.07268291260771,0.005715228761445,0.0473875185294473,22.750226459520217,884,2993,29.535583027063147,ok,,kSpAg8AzirdsL3U6KOWUFDj0pny1,20210618,vowel-e.wav
126.7670934130664,17.90316612937764,0.0091824594645418,0.113859921790583,10.404837978531532,1102,2285,48.22757111597374,ok,,zGjGkKCAjkdA9S3aSreocxkWf0C2,20210618,vowel-e.wav
132.5838784260479,7.046773003413462,0.0047607894222384,0.0270838559572164,25.03068510096256,952,1064,89.47368421052632,ok,,A7tcR4TNNfYhbtnLDTckg6yUVho1,20210618,vowel-e.wav
213.6856670701616,17.259158611155005,0.0073172384939592,0.0707660919039731,16.15382239535658,283,902,31.37472283813748,ok,,cGsyomvRhzLiAzPk98QyHu8988q2,20210618,vowel-e.wav
137.23546499372551,12.255349203798252,0.0120056933492783,0.0539989311982852,22.01728411043557,1660,1858,89.34337997847148,ok,,x2JcCVW5aZP5JqJWs30hIr6lf212,20210618,vowel-e.wav
201.19575590071764,16.927722066745382,0.0046219992525699,0.0612021973129563,25.07509794126184,1466,1568,93.49489795918367,ok,,19TcpGAeIyeLxS55XA6xxH285uz2,20210618,vowel-e.wav
142.05114309116752,2.0314228021950886,0.0049516730611019,0.0398057062657963,26.42604776291652,1006,1321,76.15442846328538,ok,,0bcMNFt3dlPlUPTyCO8DVAlbTUC3,20210618,vowel-e.wav
234.7743799320955,115.32033066340075,0.0264485111108349,0.0882069824672757,14.51797200013793,241,698,34.52722063037249,ok,,2j5I1dnLtBN8hyD149k2dZ19foE3,20210618,vowel-e.wav
123.43199457651846,6.495884452129868,0.011057751673775,0.0926633264231002,13.83513382254774,2769,2993,92.51587036418309,ok,,4w3GC0eRNVXJ4q4vRLphW9RIiQY2,20210618,vowel-e.wav
114.22594261914188,3.4789396101889265,0.0061635659930029,0.0522793352291235,19.659588297641896,1291,1406,91.8207681365576,ok,,SOYq0vyRpWUxeRZyAeobsEfuXy83,20210618,vowel-e.wav
175.55728247796296,87.83398098526733,0.0138822713093091,0.0644970834666635,17.521355498826395,154,655,23.51145038167939,ok,,0pqMnxeSybfQnGV9nHW3P69FSzE3,20210618,vowel-e.wav
132.4557588199697,30.73160398598344,0.0204554179061835,0.1300786557738431,15.410856817078182,1522,1713,88.84997081144192,ok,,kITWulcVb7cnGpGxSo0bKUE7MAs2,20210618,vowel-e.wav
163.47849625553835,27.71070651944789,0.0229459220409911,0.0771673076027179,20.7568318151774,123,348,35.3448275862069,ok,,DRoZujDy6CWVFL0UefbHEgCcD2l2,20210630,vowel-e.wav
136.8977234429365,2.3568756398602058,0.0031907286627793,0.0637259219623684,20.21701194110329,243,493,49.29006085192698,ok,,8UdvlhiJqYY2AWjGtBu0Vd3SSTP2,20210630,vowel-e.wav
172.0107747043709,2.6730083060086374,0.0087352306484359,0.0311480891611961,24.86551389937562,232,587,39.522998296422486,ok,,Wf3XAwvqB8MQ8nmMdSqJKNtY6343,20210630,vowel-e.wav
,,,,,0,1022,0.0,partial,no_voiced_frames,BjSaOnCo37bIz4AgpvWPiAYqwzA3,20210630,vowel-e.wav
140.5591039534631,3.013353672983289,0.008524528864972,0.0953413379156104,11.428749530873512,346,535,64.67289719626169,ok,,HPLBB8nluUMo7eX4zG5SmAnOhmu2,20210630,vowel-e.wav
216.1147158879483,23.71933010281296,0.0038580488585642,0.0329202830868496,16.80022539763034,1136,1295,87.72200772200772,ok,,ri2VbVnIcMNkS8zYnXrLAXa1dM92,20210630,vowel-e.wav
142.99586021851843,11.420879557221893,0.0088599331155237,0.0490260268106301,23.781038532539927,198,663,29.86425339366516,ok,,vKxrwOtywRNOu6bZQTR8sGj0tbv2,20210630,vowel-e.wav
196.62275884137367,50.487514413360685,0.0793067267872293,0.217217492032185,3.659171469881138,39,604,6.456953642384106,ok,,lpohIzcDNEg3DR38ku43WHiCkC42,20210630,vowel-e.wav
216.0189151466409,4.535783944724212,0.0142846436824042,0.0783131685032374,18.999887345032818,250,749,33.37783711615487,ok,,139P5XQHCAPJlxTo53QLd6FviL82,20210630,vowel-e.wav
204.4063091636584,6.645186087236649,0.0077366456245216,0.0607979094351026,23.48127361892408,240,902,26.60753880266076,ok,,aDAVgxAXQOdOakIroRdHwpL867v2,20210630,vowel-e.wav
268.93727405762274,15.4249275645532,0.0099125288182159,0.0610823496379079,21.0087737546071,121,1457,8.304735758407688,ok,,AWMx6dOBlFPdjWa86wkLjsGZ6by2,20210630,vowel-e.wav
200.85994314438625,13.269244485517085,0.0051759707970681,0.0717951172643849,23.624258751571336,204,877,23.261117445838085,ok,,HS29AHf2AIhz8129o1BTxPfaFPT2,20210630,vowel-e.wav
149.2284089345693,5.564240010578718,0.0061201941738761,0.0860222998008558,18.537176647587334,141,629,22.416534181240063,ok,,loK2K444HrZUD8Plzr6q3i8y4Xg1,20210630,vowel-e.wav
170.82077942254145,26.09253316073256,0.0170727385352888,0.0513937749343443,17.97604958233369,43,296,14.527027027027026,ok,,QBWDBFqhumZl3w2sxMa87Qm8bVt1,20210630,vowel-e.wav
229.9656564330953,11.171030089407036,0.0045855699585779,0.0303302402155864,22.71886120000196,188,689,27.285921625544265,ok,,A0NM2SVNh9YFgRrZ4k20ePIAyiw1,20210630,vowel-e.wav
112.22053271434012,10.347299036364396,0.0080852915685581,0.0388374720714588,20.11001241349028,89,254,35.03937007874016,ok,,SmtHDspJwGYS9FYtjXd1IwsYRZc2,20210630,vowel-e.wav
85.7677576985145,10.43774213979309,0.0103872031656134,0.0730089890532156,18.21477586457665,142,1175,12.085106382978724,ok,,padXEGczMRRKmLRVc68rEKI142B3,20210630,vowel-e.wav
163.6461334351095,24.94343547798553,0.0171622711439847,0.0980240628041396,19.43825925410354,71,186,38.17204301075269,ok,,y1UXzVjBZdeUxZ6fEInvyIAAS323,20210630,vowel-e.wav
219.65079428224465,7.235171327167096,0.0105051679355111,0.0565866773983269,23.63037937751225,154,1252,12.300319488817893,ok,,Eg87yvzTcTOSRHlObK3w0ju4Ej82,20210630,vowel-e.wav
200.7527922669302,22.097219746815487,0.0057486448800005,0.0522326189016527,25.24087035219356,172,501,34.3313373253493,ok,,ymX9t6DWDHZTs28MODDSxDaOj4n2,20210630,vowel-e.wav
167.7265201291426,24.006729688720355,0.0180061689249769,0.0771743530798594,19.71689432173563,134,570,23.50877192982456,ok,,4ySGp3wKh0dbtEap33yRsDv3LE73,20210630,vowel-e.wav
193.5121002332837,39.00940960244113,0.0117788124090515,0.1444392684821072,10.446854932148328,261,936,27.884615384615383,ok,,Ued1DKV2NkUnzWjJcPMxA6Q261r1,20210630,vowel-e.wav
252.78963692529416,4.013282844839383,0.0090979956455237,0.0513392589913724,26.38770861667457,484,629,76.94753577106518,ok,,ArfyG6NyeWefgvOsFhWMWSkhebE3,20210630,vowel-e.wav
109.8751634877884,2.4423135564431293,0.0066788866534808,0.0833846574094729,15.929558938113583,141,800,17.625,ok,,gxbBHDQWiSWdAnKyqT0BMuH9T2k1,20210630,vowel-e.wav
112.25708973634706,11.179978489121211,0.0753141532918478,,3.3692298112666816,8,1585,0.5047318611987381,partial,,Zmjv6hT2Q1VfJhGdGh9VkGmpHL03,20210630,vowel-e.wav
124.4322018776483,1.9316411121895565,0.0032126103465361,0.0337573289225216,21.02856971534549,965,1252,77.07667731629392,ok,,nY6Af5bvitY4R8Vp4KGFTFUkdio2,20210630,vowel-e.wav
111.90802421817104,2.8795874331269604,0.0039043212832912,0.0349579536776507,22.572223483809267,212,331,64.04833836858006,ok,,Y0K7dqxP7WWsIjth3NfIHU9ayKO2,20210630,vowel-e.wav
189.829348890154,63.433046564428615,0.0133627311111718,0.068776733166885,19.332660332613955,141,868,16.244239631336406,ok,,PoxsEOv7MmbHaY4qT3wNcK8GWrV2,20210630,vowel-e.wav
225.3093972247218,29.636677724941908,0.0089615251743981,0.0584508227968467,23.826729468388447,95,501,18.962075848303392,ok,,xgdd8l7OfrMOkvrskW5s6fxk3mg2,20210630,vowel-e.wav
158.5139563951607,4.686827769738199,0.006988982187932,0.0543830669175417,23.82927925704369,106,459,23.093681917211327,ok,,iOx0zPyPiMZjCWXuf3RGu8HKq8k1,20210630,vowel-e.wav
234.4632045348041,5.9777919193395,0.02744557757027,0.1149424422413308,17.866008308168947,124,450,27.55555555555556,ok,,C1jXleNkfzaI6sbPJL883EGGRLj2,20210630,vowel-e.wav
104.72232537180062,3.541451436018568,0.007837181516939,0.0724880890527606,22.45667800353739,100,245,40.81632653061224,ok,,MaJ7xxBo22SHULIdQjnWzrc6uCf1,20210630,vowel-e.wav
128.0476886844965,3.3385525177289708,0.0018283124785632,0.0154635556186804,25.124785104772787,1210,1406,86.0597439544808,ok,,v8uTeuovxbfNIDu1Rp8IDDLOT5K2,20210630,vowel-e.wav
145.32533590081118,8.281549939180417,0.0073842455715252,0.0625989580489338,24.82510342692177,165,518,31.853281853281853,ok,,4wVvP5VorLbLaHUEGcgpY2WPZYE3,20210630,vowel-e.wav
108.3927220994371,2.3758355366611537,0.0028786940747896,0.0462966949144041,18.791401678201023,1201,1338,89.76083707025411,ok,,UdkxuEaaG2U0l3WJfhiUQ31Dq193,20210630,vowel-e.wav
279.81557088826594,26.399150223314937,0.0069712209393953,0.0629518723411375,20.98699044090697,140,476,29.41176470588235,ok,,LgYYFGtyzPU0ikZ0eE5ZgzNNZUY2,20210630,vowel-e.wav
104.05949251576546,3.808550918195695,0.0074647048764155,0.1333316015063112,12.15831949414557,104,578,17.993079584775085,ok,,NVzhTN4CXebH2lQVFkBTyl6ue5h2,20210630,vowel-e.wav
118.42599798004586,5.783258236623001,0.0045297387418395,0.0706886661579202,23.142270499537272,198,373,53.08310991957104,ok,,6xkpNopjfxRtLEwKLwvkVad23273,20210630,vowel-e.wav
188.59836880924985,5.036116823837357,0.0046363207519943,0.0851613428432456,19.42842634417017,128,1534,8.34419817470665,ok,,ADUIall6exYvek5ktU2P6pHWnza2,20210630,vowel-e.wav
193.2973409667408,134.16715963872392,0.0581767960282617,0.1898493260685429,9.025772027399835,617,2217,27.83040144339197,ok,,tTiUDsa4jOZtI0YC3hTl0NZlVGB2,20210630,vowel-e.wav
110.56180116478592,3.206711722565303,0.0154693237236584,0.0973006009954946,16.574379796316755,104,399,26.06516290726817,ok,,OCFaQR2Fa4S8cFiEJE2HueZH0TH3,20210630,vowel-e.wav
466.4346264525525,5.881057143159517,0.101545265285955,0.2962510727436885,-1.0656235830543894,4,40,10.0,ok,,oaPUZHlGUKbn5pcKe9pJLksHKoP2,20210630,vowel-e.wav
172.1300787397976,64.60786596341802,0.0147303028145999,0.067997110445782,21.77359616464245,382,655,58.3206106870229,ok,,9LeA2huuxDSLRdAnmFMquSbqJPq1,20210630,vowel-e.wav
188.78364754339705,15.517855940509858,0.0040671837556063,0.0739054750021653,20.625244811088752,299,561,53.297682709447415,ok,,rjCqyoFoReUh6bjdZ7DTaRZLpt13,20210630,vowel-e.wav
225.4222356567128,10.193485382538578,0.006845122011208,0.0481111813979791,26.47101408055782,116,254,45.669291338582674,ok,,LPP0njvvovO1Wi3wq9IcMxJVyau1,20210630,vowel-e.wav
145.26329685487147,28.987395488455714,0.00675114445313,0.0760211799632682,20.927658776761284,192,442,43.43891402714932,ok,,vFBX63V7KXfdR1mQPqaL5I33Yhb2,20210630,vowel-e.wav
126.50834691206047,23.048636209033685,0.0077833240094885,0.0804177453891916,15.903715895036989,210,834,25.17985611510792,ok,,9fQsYFXYdTfapSHeoizNFbLiTa22,20210630,vowel-e.wav
151.23780345323323,8.98230011799995,0.0074025674588836,0.0929033364247854,22.66652373165463,149,1355,10.99630996309963,ok,,OaOT17qcMJhtsIymSrSJh12d4iE2,20210630,vowel-e.wav
121.77912048433616,46.53094869657716,0.0186262066015463,0.1221654082864018,12.08939445795889,140,1116,12.544802867383511,ok,,YQzhlTCYjlgentYYTgVEDgNPapN2,20210630,vowel-e.wav
123.07203717597004,4.321778528796416,0.0173217407499894,0.1383885049772541,13.949122474404303,170,467,36.40256959314775,ok,,GoGf76VxSgOiEBDUkcP7LONacII2,20210630,vowel-e.wav
137.87484485623236,1.5655580595203342,0.0061649857070334,0.0851740479123534,19.55083060685549,165,476,34.66386554621849,ok,,ebtxeRmhQhQ78ZtgSjN7g637e6v1,20210630,vowel-e.wav
193.3178629327641,46.36244494064032,0.0110953917869473,0.0850360337405616,19.54159688218602,131,604,21.688741721854303,ok,,OOeJurFV50VtB0KzNcfsj5FaMRK2,20210630,vowel-e.wav
175.8224060598035,6.854825808078841,0.0054387978382139,0.0585977930158908,23.09923852065632,132,698,18.91117478510029,ok,,Iz9X0QRimVT2R7AGhD6jZM0ryPp1,20210630,vowel-e.wav
128.28727948726907,3.899809902440366,0.0056982710929345,0.0685614584453904,25.546957948333343,129,442,29.18552036199095,ok,,GBwlY1I67YdQ47ceNFdpK87kEr33,20210630,vowel-e.wav
183.83056475858703,18.97073271586268,0.0104521387935519,0.0542727094948846,22.814426340235023,62,237,26.16033755274261,ok,,BVDJ00JbBEeF6oAOYJzebbGLlGY2,20210630,vowel-e.wav
196.0879982581879,4.916355036527246,0.0112647756999894,0.0616489459367499,23.49207598949631,205,501,40.91816367265469,ok,,lQ1cBTWdazLLa7xWAiSCOmZ709s1,20210630,vowel-e.wav
130.58270605739668,8.294466349954435,0.0033729747189918,0.0992197470636887,21.393814093659483,244,1295,18.841698841698843,ok,,uRtWGtWi3eVHJ0JhF0ycETkX0ms2,20210630,vowel-e.wav
206.7019100003384,44.41141706226938,0.0187142879283079,0.0612661863135306,17.319021149100845,41,237,17.29957805907173,ok,,wEMYsNrzUvXhlQHYnFAF6U5a0Py1,20210630,vowel-e.wav
177.1890902160958,19.97369307897705,0.0099048016663945,0.0585026350838344,23.27683195823191,129,262,49.23664122137404,ok,,BT453L7uDzL5IH0BOlDRJhWZWEL2,20210630,vowel-e.wav
135.98231783873013,4.419954648110219,0.0028819887814762,0.0478182258837098,23.57741440017132,565,843,67.02253855278767,ok,,ozsqDaVIN5V2T3sCtOfpBxQm3IA2,20210630,vowel-e.wav
211.9825689711306,32.053778706808735,0.003192006054522,0.0127451762910029,26.827584946220423,1036,1252,82.74760383386581,ok,,i11jbfBFcqaVzDmPlWvtjFSx6sx1,20210630,vowel-e.wav
226.1768557123288,6.341615590671751,0.0051489014136796,0.0654799688709525,22.95221712383925,124,296,41.891891891891895,ok,,ffrNAGEUQEfL39VAP9Eau1a3UUX2,20210630,vowel-e.wav
301.4051595227368,69.57684795365242,0.0212684657113193,0.3445461306755525,13.793659785304657,10,1192,0.8389261744966443,ok,,Hge7rEPBdLcy4ckCtvUFfl4p0Ne2,20210630,vowel-e.wav
153.39424682147137,11.361127997638304,0.0129177023888884,0.0780950807171054,20.848727054251743,121,1013,11.944718657453109,ok,,pi4VnHGXBRXiKcAd1ukYE0d7As42,20210630,vowel-e.wav
165.63418093368753,4.161064526239439,0.0048726039837441,0.0495458114929857,24.97096298085364,107,518,20.65637065637065,ok,,gFmySpqfQ7YrYqMrmrMPO7AzmBm1,20210630,vowel-e.wav
268.9266973946172,2.4405395981215103,0.0031223465051632,0.0234491708371288,24.34243944662149,204,902,22.61640798226164,ok,,IlMV1V7sPvWocD6uBo0aVqpfuIQ2,20210630,vowel-e.wav
202.13890060555383,34.08593860575501,0.0312411855927407,0.1851045318874671,9.615828706848436,82,425,19.294117647058822,ok,,reAwzcyQUkglluwsQnjzUymZ3f02,20210630,vowel-e.wav
118.9736205440949,1.5791703855354966,0.0086061529375172,0.1044987788270695,18.20606176387509,404,595,67.89915966386555,ok,,UXhG3vgoxkWtd4Meky1nm0sRgMV2,20210714,vowel-e.wav
269.03223144952176,14.246428778290175,0.011043184100673,0.0698925922226035,22.744849456467094,177,1466,12.073669849931788,ok,,JUTgBmtV3PabkG7XQANi7iHlUBy2,20210714,vowel-e.wav
156.09433840559163,49.491912530336336,0.0145200537510403,0.1220359711478157,21.04987180207949,623,808,77.10396039603961,ok,,tfZUfOLuABObiYEbvQPmySozHfg2,20210714,vowel-e.wav
,,,,,0,629,0.0,partial,no_voiced_frames,J2KBR20S1lOfFS2iA7UyuOBOmgq1,20210714,vowel-e.wav
210.508550478674,56.01419862319134,0.0129582474144541,0.0552427371902087,24.232513082320395,247,936,26.38888888888889,ok,,qyoosYbdlucXoQ1cKkN9wzV6vru2,20210714,vowel-e.wav
116.64344499887918,21.599245950751207,0.0061749043112255,0.0693084512618859,19.26018550065339,421,757,55.614266842800525,ok,,92TIULj0fjS6dRuCgnsgGD1SMnl2,20210714,vowel-e.wav
165.0334588404773,15.39398183040502,0.0093704168504128,0.0823182003446202,21.86885293482017,189,553,34.177215189873415,ok,,Ft82dZ2O4PMuq64dPIEVik9upMr2,20210714,vowel-e.wav
161.42130018384654,79.05612365348324,0.0462244015472526,0.17493664737041,9.5014618899338,179,860,20.813953488372093,ok,,333NjqA1TfZJuICEdXSkPhVz0LA3,20210714,vowel-e.wav
115.90806221721468,11.275059297432431,0.0086974018749325,0.106490476497505,21.1960268974984,119,314,37.89808917197452,ok,,2p5hBaoMtUZmVVEH3uJLvGbe9cB3,20210714,vowel-e.wav
176.84056797616205,25.508636602151466,0.0186155022811157,0.1381735234609682,14.07141970799093,161,2234,7.20680393912265,ok,,pTWb2MrlwEVwkDAQkOFb1uh5Ddy2,20210714,vowel-e.wav
106.09457439752774,6.611699513095287,0.0284616055848307,0.1738090308978885,7.593662956412149,116,902,12.86031042128603,ok,,rB4ewmXSc9P5IPhLffnBasjYU1s2,20210714,vowel-e.wav
142.12748889536755,2.429416774489638,0.0151699993583136,0.1105816592295363,16.580429798425445,676,808,83.66336633663366,ok,,wfrSZJ0FrZMpM33MF8nQU1fiTCI2,20210714,vowel-e.wav
125.08217534607566,28.39664074581728,0.0323978138062746,0.126803184454503,8.106222727591788,57,740,7.702702702702703,ok,,D9EEvq1ksqN6PEWzIAy7Mu5e8jJ3,20210714,vowel-e.wav
212.0231400775852,95.59842344195866,0.0297127043899921,0.1174318436585483,6.678816587520674,45,715,6.293706293706293,ok,,fnNx5YGGVbZ4H8HtWucxTmQlt7y1,20210714,vowel-e.wav
266.0950322097017,85.81948067964596,0.0419028014387773,0.0910492624458013,9.19149901599842,76,194,39.175257731958766,ok,,RmWwhKI8kjPi5qN9H740rfm0jHA2,20210714,vowel-e.wav
265.1593042243139,68.70238932351037,0.0187470324683599,0.0548850980383516,13.446801644272442,59,211,27.96208530805687,ok,,hCix5UmABWZVW40elRFgkGabPa52,20210714,vowel-e.wav
225.68333314448992,66.67414213727227,0.0170418825237269,0.0694525225426442,14.488928957656094,159,407,39.06633906633907,ok,,cQEUPCFkSBfwuTsWap02ban51g82,20210714,vowel-e.wav
230.99622118035296,21.47471348113723,0.0138855701334303,0.0717901979899429,19.111456740396388,112,527,21.25237191650854,ok,,6yut3EO9tXPCCY8O0VDWA5PCWYN2,20210714,vowel-e.wav
153.4656659342799,5.247389459065953,0.003984467876493,0.0381254392921839,26.729425413701748,615,706,87.11048158640227,ok,,gGgG540lBOZoSK1vyqNVlqBzQBl1,20210714,vowel-e.wav
159.09230026801626,5.490768669353523,0.0090646021157556,0.0774205043951676,18.622447246517527,227,1124,20.19572953736655,ok,,A5KW9PXraNgckln1gnNaJnX6DvB2,20210714,vowel-e.wav
190.79641781170864,66.87075867612302,0.0126860098866,0.0741176982697531,20.365298506588687,104,220,47.27272727272727,ok,,u7b9tNSshrPFYAno8H85DgImH1B3,20210714,vowel-e.wav
181.96650069368752,56.8404509826884,0.0371147367372564,0.1241012173499533,9.984988663612423,34,211,16.113744075829384,ok,,S4FqcamhmndyYyD7jKLiT4ctNWT2,20210714,vowel-e.wav
143.27987835232162,55.63579803588991,0.0465956937348266,0.1216314764704142,12.286377042867894,252,1013,24.87660414610069,ok,,DrwbGqSB9ggZBBYhsyS1fm2YzPB2,20210714,vowel-e.wav
156.62161486153636,57.933503543422525,0.0748791341415436,0.2941716167676612,2.3576277822149723,14,194,7.216494845360825,ok,,DT3eTAupOCRU40MK7cj8ZhzCoB53,20210714,vowel-e.wav
284.68327130666273,12.471387034240204,0.0124444777162133,0.0628173166478458,19.49828161345762,92,450,20.444444444444443,ok,,eAH6zemkWAfsP96K8tMyZJIDvgR2,20210714,vowel-e.wav
110.1037883298547,48.73574378261645,0.0113424191600988,0.0606607693219963,18.323917282133856,548,1124,48.754448398576514,ok,,q9AJkEfjEtQYaUFVbbFl1cN7TKH3,20210714,vowel-e.wav
258.42019830979245,17.120771864315344,0.0128985569463478,0.0784242633571948,21.242071829737373,111,228,48.68421052631579,ok,,F5zeWi4QqdP2EMOX8P1LacSKaAD2,20210714,vowel-e.wav
180.5369035403641,60.334079291976856,0.0303772972262607,0.0982767221803281,14.294941579637438,102,331,30.81570996978852,ok,,CA1MC050dVMX7ZOSRVYqYQKD2gF3,20210714,vowel-e.wav
219.81802348524377,10.798665435626974,0.004864560585354,0.050218965006336,27.7940539917426,753,1030,73.10679611650485,ok,,YXt9ERhtqqhCsrni0y61UNue3Yy2,20210714,vowel-e.wav
169.0282530115851,55.90346979994597,0.0046859233748918,0.0706010036821995,18.597889470463063,433,655,66.10687022900764,ok,,rGRvBhXqS0RSBDt1aVWxqfZc0i92,20210714,vowel-e.wav
220.64492627421487,50.8756403922312,0.0327745854403459,0.1514306755252767,18.92821663789182,118,1312,8.99390243902439,ok,,uAEOVPr487bFnks4dvytsxJQZP02,20210714,vowel-e.wav
137.81044882785918,28.91149505804838,0.0180154755645899,0.0924064706092928,14.960720668835938,109,314,34.71337579617835,ok,,cRKKIIXiXQUgy3HHRhOoXl3Cfn93,20210714,vowel-e.wav
151.4839800706546,8.320577783522566,0.0116411259288447,0.0759513833476913,18.246777475942924,180,595,30.252100840336134,ok,,8EVaH2QxukMhhg0ALCubXVa3Bsl2,20210714,vowel-e.wav
189.29678177826625,64.70525929205941,0.0128694720458485,0.0754336239468787,13.396331399604495,139,262,53.05343511450382,ok,,ygiPwZYsKFetOejhxWXB6rKSHAf2,20210714,vowel-e.wav
,,,,,0,766,0.0,partial,no_voiced_frames,nx6RCgD0OjdzLa07UHBdHfz54ML2,20210714,vowel-e.wav
135.4590045194513,9.857210698558108,0.0052397402360353,0.0666978459410999,20.982762016431305,271,484,55.99173553719008,ok,,EnEYPaPTh9SeTTD55fxFRNPItqI2,20210714,vowel-e.wav
218.4960856620164,21.60610749326532,0.0085410755553972,0.0464639796434794,14.588693738730244,88,262,33.587786259541986,ok,,iYwmYc9CdlSuzqGwIlXNWI6eFpm1,20210714,vowel-e.wav
227.5290923935776,25.20177476563191,0.0055867490689189,0.0513111988526515,21.501750389746828,490,1730,28.32369942196532,ok,,8JuoYlwoiUgaSSUUKQnB7F7fG5S2,20210714,vowel-e.wav
132.5188607582736,23.405720538651263,0.0132831161927665,0.1484593118482337,10.128303762285428,51,1090,4.678899082568807,ok,,tz1ZNXsqamf2TfVUYz3KxC4MZgi1,20210714,vowel-e.wav
134.7354251547439,11.419173960166958,0.0752784358618961,0.0416650061250204,4.517736447910092,11,194,5.670103092783505,ok,,zjVy4fN2ICMeFuBCFztx80kVtU32,20210714,vowel-e.wav
229.2378214010164,48.3108481660133,0.0131448765219757,0.0853903608251441,19.16639621221965,104,399,26.06516290726817,ok,,CRrk6OagJdebILgQWEGKDZXzi7z1,20210714,vowel-e.wav
130.30446517817398,28.88743756568018,0.0753786490621194,0.1767861621523164,2.5461818419791835,65,143,45.45454545454545,ok,,sgYoFXPJ01ekO1Fa1ePU5OsiWda2,20210714,vowel-e.wav
210.7705860181385,49.82110372210904,0.0244227353440028,0.0615592442891352,17.464549254239646,127,254,50.0,ok,,lRsw8buO7jQSHGzSWIOPW5JboM82,20210714,vowel-e.wav
190.21131723512943,5.0713652790843256,0.0129211387669096,0.0851832034501536,20.130099201501523,256,587,43.61158432708688,ok,,RcKXXiJlW3ZJC73zJPmEsrxSJVV2,20210714,vowel-e.wav
121.84123955987424,2.387166133140964,0.0048711269084154,0.0688410889311839,21.559494674204583,204,783,26.05363984674329,ok,,kAYxLXdLuqVZoyETBSaa7OKurtb2,20210714,vowel-e.wav
141.89870884623156,40.1091071600235,0.0810064581163658,0.2413301682966442,0.4575766333742102,46,262,17.557251908396946,ok,,g8Ytx04UPzQxX4RH4ADltVtHsuO2,20210714,vowel-e.wav
153.28289394522173,45.02160059371259,0.0306020892063264,0.1798741870320139,13.057093174235826,150,1363,11.005135730007336,ok,,h5e7Ff7hWON2RPULdDCxad7xpGv2,20210714,vowel-e.wav
121.66659925344966,6.683653668484578,0.0047996147675771,0.0478009358091406,19.20126329442324,338,544,62.13235294117647,ok,,AHP17rlsWyNnz73hrGbeMspbun03,20210714,vowel-e.wav
103.93370430406792,28.07129514160676,,,2.7001185766017053,3,570,0.5263157894736842,partial,,j8snVeVNX8arLjDPnD9NGjL7MLD3,20210714,vowel-e.wav
145.23146578782402,30.15798455502619,0.054089154819134,0.0850004272661209,5.904875648372487,127,237,53.58649789029536,ok,,YKF05wLba6MKfUPRzQLyMYeCpgr2,20210714,vowel-e.wav
117.36105110107202,8.011020395920617,0.0045904565692694,0.0364554647870226,16.87476043664382,2067,2285,90.45951859956236,ok,,dpA0EeRrtJUeKJjEuf7BL0AeTJZ2,20210714,vowel-e.wav
130.40866293465086,59.352250656022505,0.0136885801072745,0.1130352030902573,13.49672073010811,167,1406,11.877667140825036,ok,,uaUsXn0xVLYPvKNaxmTkn3WnQnM2,20210714,vowel-e.wav
163.22829384019386,48.66314558116726,0.0160215149078971,0.0742616399841724,18.912842340921856,488,740,65.94594594594595,ok,,tkM8UQsV2hVGrkSwelg3AyFiXoy2,20210816,vowel-e.wav
160.2046462364052,16.55180781413011,0.0077048837953139,0.0433949033670907,21.036974291619707,344,527,65.27514231499052,ok,,Y9vdHTL7XdWJVBGtktKW9gkw7yS2,20210816,vowel-e.wav
173.77657721774034,10.867759840853136,0.0071168412480851,0.0425933264341729,22.000404968363213,856,1521,56.27876397107166,ok,,OTa3jtPjzyQC7FezmlYX3o5U2I83,20210816,vowel-e.wav
177.5117127217029,12.496841998172776,0.0018036981978866,0.013638158379402,25.125811624792185,1002,1184,84.62837837837837,ok,,acNcVO2ualNYfKX5k7tJe2nw40Q2,20210816,vowel-e.wav
135.605879244908,3.508298457980826,0.0075953735457365,0.0798653370439249,14.708527310322731,349,467,74.7323340471092,ok,,gZzVS7gHpQYZS5Xk5P0O2noJRN82,20210816,vowel-e.wav
,,,,,0,0,0.0,failed,"load_failed: Audio file contains 0 samples.
Sound not read from sound file “/kaggle/working/ext_20210816/20210816/JCUp9v6I7uNudJfxbx2MVKIJsn42/vowel-e.wav”.",JCUp9v6I7uNudJfxbx2MVKIJsn42,20210816,vowel-e.wav
168.13973378685296,12.056191172148973,0.0070962993957594,0.052561392019904,23.637644004522723,454,749,60.61415220293725,ok,,nSVDxo9HNmPPggf6WSuAGg9XU6p1,20210816,vowel-e.wav
196.01550262032725,21.860748979600423,0.0087798815036341,0.0621101921429502,20.28690354580125,437,510,85.68627450980392,ok,,BauEFEXAglbZSSgJEYGF4FqluZG3,20210816,vowel-e.wav
249.7724057571784,24.98912654079642,0.0059336422259297,0.037110223922875,24.25715211532297,163,314,51.910828025477706,ok,,JsTOkdqknPeCRi6i63Cfu1ciuuh2,20210816,vowel-e.wav
191.54819983331305,7.907460287012975,0.0078342452635609,0.0540219229837115,22.65768903864412,324,450,72.0,ok,,9hXEs9OejdVxG6JJGCyKQpqVvy43,20210816,vowel-e.wav
99.44432392253208,18.625826050695107,0.0105517884294172,0.1131003649997766,14.359831813501913,411,646,63.62229102167183,ok,,rCsX9988lSeyFudpTucks6czFo32,20210816,vowel-e.wav
138.2232519570583,1.847139060271879,0.0033434153160994,0.0402481419584755,24.120428297830507,632,1790,35.3072625698324,ok,,356wSucV0OV6VQMvozjX63pIXrH2,20210816,vowel-e.wav
137.7771289361362,15.9519157599666,0.0093541865626856,0.0423997862306017,25.229856920393846,1072,1235,86.80161943319838,ok,,4h4p5SvPlHaV60UB1wA0uzaQwMt1,20210816,vowel-e.wav
122.31348109249218,17.86683050117559,0.0100655756355873,0.1035756763560701,16.210576616234263,393,587,66.95059625212947,ok,,aEaq97TkfwcyyekUUhL4A3Tsnu33,20210816,vowel-e.wav
148.8182363927935,39.82224019087455,0.020669180458558,0.1267976364971254,11.20383829005263,478,843,56.70225385527877,ok,,kJgpo7TKalNlTkZBRs2KHyPc4us1,20210816,vowel-e.wav
178.49810959363148,72.49178573176516,0.0121314901442584,0.0888507893161349,16.701575686176074,158,493,32.04868154158215,ok,,gDBsK8LcY0Om4DujIs4lFSsktWu1,20210816,vowel-e.wav
112.78043674410412,16.180103114949077,0.0103240185339603,0.0682526411447645,19.220911079584976,290,433,66.97459584295612,ok,,TLuM4QmyP5QZyFdkcbXWeNhWlsj1,20210816,vowel-e.wav
111.47988597962213,22.989461365533923,0.0277140191817704,0.1639960237664905,12.649293584059334,136,595,22.857142857142858,ok,,TqZXC5KdCZOC4T7p69TUNnU9abD3,20210816,vowel-e.wav
,,,,,0,16,0.0,partial,no_voiced_frames,0dfJArS4xbNhay72hpzOvlHkpIj2,20210816,vowel-e.wav
180.75674662853376,32.4712796761912,0.0048917225833538,0.0678750299619794,9.671005151842772,1242,1645,75.5015197568389,ok,,mBWfpnNSpAe7cqXYcWhikoYA7SA2,20210816,vowel-e.wav
133.1672462517915,18.93870048121412,0.003500272888664,0.0147861282794061,26.23617071868549,517,667,77.5112443778111,ok,,2DlLebpOzxaURwfwyo2fZiWIF1Z2,20210816,vowel-e.wav
122.0164362940336,48.63982824230839,0.0164151327574844,0.110856653458922,14.56191546170334,306,783,39.08045977011494,ok,,2tzjnTx3muV7J1n2nz8oh93WNhD3,20210816,vowel-e.wav
121.63426327528954,38.80875755114028,0.0092975783097082,0.0858312560769955,17.29016420225543,323,757,42.668428005284014,ok,,MwT3St0uIWhMDTJwcQIRmcFUwk62,20210816,vowel-e.wav
190.37908592214984,25.16283529540429,0.0130885001714069,0.0505406626343149,22.7624295615418,208,433,48.03695150115473,ok,,01n0u9YSkXQSkmN45J65eigyCMC3,20210816,vowel-e.wav
129.73804625777197,5.708912170536527,0.0118729435584472,0.0606078467519772,20.307166454755468,483,564,85.63829787234043,ok,,IsIdeIoBfHQ8nzRoAi93NjpFij52,20210816,vowel-e.wav
190.46182955544649,25.91425914239367,0.0134708827979259,0.0700503318205191,19.400735952500472,179,621,28.824476650563607,ok,,XbOUJCUl8GWEpQpIRMvujDE1sTE2,20210816,vowel-e.wav
179.22079846043425,15.099244925867897,0.0083285446736178,0.0861283034922724,15.83333192839542,379,510,74.31372549019608,ok,,ag9tjfqb9jVJmaWz8GnbBxsuKm92,20210816,vowel-e.wav
146.63093833037377,22.002321708989825,0.0171539471217797,0.0772992562394398,13.375408980686698,73,467,15.63169164882227,ok,,TPnsR1P2IhOaM7CRI5arH344GAN2,20210816,vowel-e.wav
110.02843761231176,1.388685130907146,0.0131438321459022,0.1353549640484084,13.593480019206442,449,868,51.72811059907834,ok,,3FC5FIdqx5S5mB69VSxhduD1q0H3,20210816,vowel-e.wav
253.9631184058273,39.35783343055629,0.0085475949614902,0.0667488881632543,17.67150883061744,182,296,61.48648648648648,ok,,ubQOYCka4BUGeIeo6x3A9HYh8In2,20210816,vowel-e.wav
137.2704386813785,5.9477726382592015,0.0068968153757437,0.076771650622675,12.431175134046772,1792,1918,93.43065693430655,ok,,srdG1jMMYHUtAU7bKP1dsbwJvxv1,20210816,vowel-e.wav
211.8123944877832,20.28661931975062,0.0026601641275138,0.0472471052592363,23.427361993876268,139,578,24.0484429065744,ok,,0sIeyohqXMOGTqPA7RiiuyJ3AOt2,20210816,vowel-e.wav
167.2603787737242,46.156536741701935,0.018552852794485,0.1183311293884235,16.20309936524513,270,1013,26.65350444225074,ok,,xyNunpsL01N3hkRYCo7pfIkSDgf2,20210816,vowel-e.wav
245.7037678349906,12.80809527943971,0.0132943530238499,0.0583571358734135,19.671894845180816,308,621,49.59742351046699,ok,,0nP3dtfFxhMihttAMq1eoho5KaU2,20210816,vowel-e.wav
157.81804554533417,47.21094794559741,0.0266403659787384,0.1409249518261827,13.428296040476024,497,1116,44.53405017921147,ok,,OPOiHCtB3WXhEdnsofhMpnP8bak1,20210816,vowel-e.wav
145.20191905586657,51.96273244176368,0.0328481615151149,0.0842085111241497,18.663932808719604,123,262,46.94656488549618,ok,,ZPup16g7iWhU8qGhXNlgpgiN7ow2,20210816,vowel-e.wav
138.04600460145318,23.531700427052183,0.006721940295279,0.0597716356344165,19.661566783870864,636,800,79.5,ok,,G5wWAa7nvkOR9QvfsAt7tsd5qa82,20210816,vowel-e.wav
135.0102576357595,1.978490457125173,0.0055165912046691,0.0527398299586846,20.49925342745953,1624,1764,92.06349206349206,ok,,XAQ5xkTIEHXSPX6q02PJ6WvPNuD3,20210816,vowel-e.wav
116.85938900353382,3.667868023706335,0.0087800770016203,0.0575052220323079,16.637930880387906,370,578,64.01384083044982,ok,,a96ovf71KqfbVIG8ZF5m6DaRE9Z2,20210816,vowel-e.wav
169.86072373298816,35.6743599023023,0.0356146975158753,0.1817653431359466,6.943048861874823,110,843,13.048635824436536,ok,,khBKxUEe1rQxPqpo4pGylAZjsEt1,20210816,vowel-e.wav
181.43599105831845,14.610632326617148,0.0047634214383817,0.0356626280016937,27.05702331119417,453,1022,44.324853228962816,ok,,PSMPpfYMQ0MPLFeOAbb43DrmiNm2,20210816,vowel-e.wav
102.29168835049528,37.97760286332108,0.0117939826962172,0.0845384367017453,14.697290969399068,352,1389,25.341972642188622,ok,,08tlSbvXpAggZavIGW994adhh1m1,20210816,vowel-e.wav
201.4957092972889,37.53966349541872,0.0073452715032611,0.0778217625594233,17.396885401132586,1855,2114,87.74834437086092,ok,,ptVjGFG0aEW5HjY8lyc5AwBc7cZ2,20210816,vowel-e.wav
117.07184419745258,3.197015511461835,0.0095901180298341,0.1179779937125057,14.147888645165516,431,808,53.34158415841584,ok,,rXIdsT1LYvhumIp3ggtlrbGPAc92,20210816,vowel-e.wav
183.80382277902504,38.7402913954373,0.0195180338318842,0.0343298410513365,21.5508365607687,98,237,41.35021097046413,ok,,ojZkyl3HYKh3UwCn9h1hOCT7Z4q2,20210816,vowel-e.wav
183.63937273760484,6.13813179250108,0.0039166148320519,0.0261172728778981,29.15663350077462,411,459,89.54248366013071,ok,,7lfdqN3JS8ZUOw42lMsIHbyCajA3,20210816,vowel-e.wav
156.0804966933459,93.13812605061192,0.01477798254924,0.0826953449996477,16.702025470980466,396,544,72.79411764705883,ok,,OUUxmNJuz3Wp0zoDNFdsiEtBstb2,20210816,vowel-e.wav
163.12114117765452,19.312952995037325,0.0099267779210876,0.0843678517611455,12.56306557900766,471,646,72.91021671826626,ok,,vtQrOlM3F3SdHXw6tib3zjwlQFd2,20210816,vowel-e.wav
243.98154993005275,2.4932204762639434,0.0023015198332571,0.0187105572305541,33.124531315899915,409,766,53.39425587467363,ok,,9ES7TwETrndwNvdJMCShXkXT7qw1,20210816,vowel-e.wav
277.281145859806,10.879744839214837,0.0072480865154128,0.091308780943613,21.84941247264115,1077,1448,74.37845303867404,ok,,DyTzbmRR0fUyEJVRIaBEvqksiCC3,20210816,vowel-e.wav
170.7841492605933,6.705898981531374,0.0079889020576926,0.0376035752123395,25.076846070180704,539,646,83.43653250773994,ok,,5FL82e8ziaZrwiFHA7aGU85YIhh2,20210816,vowel-e.wav
122.23534074887615,17.851870299529914,0.1256593019808339,0.1821891474011498,6.2220402265970725,10,169,5.9171597633136095,ok,,4VglD8545bYRUyNLgqC0dy8roVo2,20210816,vowel-e.wav
147.56345034241602,55.76686538614072,0.0447218456022129,0.1725748427856948,5.719052505010791,859,1790,47.98882681564246,ok,,hbLP3s7RLsTgaMSRNWkIuuggpyL2,20210816,vowel-e.wav
124.28062420639938,6.733397381414928,0.005764428422005,0.0752412986182141,17.319730758759942,143,1218,11.74055829228243,ok,,H2taWn5GjlQJaBy2Fvw3yp3zabg2,20210816,vowel-e.wav
209.0375846430273,34.8123658812207,0.0094471018249987,0.0656010383120539,20.751436226659624,519,766,67.75456919060052,ok,,lN6Y7317RFS0apVdnffs95djXIj1,20210816,vowel-e.wav
243.5397912291584,77.24645055783301,0.0184765206531809,0.0688539999044393,19.61884522280654,121,254,47.63779527559055,ok,,OvCRh84Tf7NC1bZT9DItq4KolF32,20210816,vowel-e.wav
,,,,,0,484,0.0,partial,no_voiced_frames,5VMtlrkOQbXGDLgpTBy3RVoVz1I3,20210816,vowel-e.wav
153.5004443257353,49.64681254658936,0.01486735271429,0.093349007588911,19.019512085227348,146,578,25.25951557093425,ok,,9qTEkN9zyqc9zYKt4qpsgatdTLo2,20210816,vowel-e.wav
164.41655016622863,45.24688664618744,0.010882363750723,0.0808427621826073,17.623323366785158,230,382,60.20942408376963,ok,,g4IBjRbuXFXgkzAz1c6ORgGpHVg2,20210816,vowel-e.wav
108.47062074346032,3.7375573920321257,0.0079563744471271,0.0485525258588779,16.08043568149767,256,339,75.51622418879056,ok,,mKBsyZetDPhcRaL8ZCD0E0HXzda2,20210816,vowel-e.wav
179.40058275614388,19.71307671238608,0.0062156328190035,0.0740628464733043,19.55348639650553,426,1116,38.17204301075269,ok,,u9b2Qx6yTPV1J5XWC19x0GP596C3,20210816,vowel-e.wav
106.51803400846256,25.36847742169705,0.0139254079603228,0.1687252531682118,10.81670404502266,424,877,48.3466362599772,ok,,dFtGnzYqh1NVAwQUQ3wkysqAe3n1,20210816,vowel-e.wav
188.771531233396,8.369742568280822,0.0063107782269352,0.0429494575603237,24.86241229852971,384,561,68.44919786096257,ok,,c96Fr87Qw8cbz2JKR4yE6DiuSrq1,20210816,vowel-e.wav
,,,,,0,681,0.0,partial,no_voiced_frames,WcRpZenx0WWQmzOUPTHEEGlyJAg1,20210816,vowel-e.wav
201.4829477914421,23.400499146513496,0.006655299585098,0.0288904637369391,27.6343184511244,1496,1696,88.20754716981132,ok,,o5T5M7lfD0aUpgHcFprqdICYcgd2,20210816,vowel-e.wav
120.81676087862166,11.987603622160456,0.0078702374621731,0.0851960436919857,14.192234941665868,390,757,51.51915455746367,ok,,o8LJfYAChnd5Jv0WVa6Ni7jpHf92,20210816,vowel-e.wav
195.60880075547595,21.680417069997887,0.006777621929216,0.0723282892262372,19.9707258728245,121,296,40.87837837837838,ok,,0mGUoJiJnuhfNodzOrMwjcGftPD2,20210816,vowel-e.wav
138.097610527119,1.374765827516591,0.003322651574217,0.0367007601653584,22.02515284590564,2140,2234,95.79230080572964,ok,,KHP3hql1ScXYRbOQJ7anrZXTiad2,20210816,vowel-e.wav
153.91397345064473,43.2646652424743,0.01461225344117,0.104079585909653,19.769512980386448,436,1056,41.28787878787879,ok,,YzKbMCpZxMRoab1o1d03S6e8T5P2,20210816,vowel-e.wav
122.98679912620312,25.96776892329163,0.010753743336846,0.0714935758043564,14.328680936267636,105,339,30.97345132743363,ok,,wT7dq6w2AogoT6LyFNeKDhNSpzN2,20210816,vowel-e.wav
141.3994609104542,8.687447161704101,0.0078561604053624,0.0569934049676725,20.894762796706527,144,296,48.648648648648646,ok,,Qcliznd3z1VdWmJOZh9nvlstTYv1,20210816,vowel-e.wav
162.94850196443042,92.07465005284432,0.0238952030857922,0.1024428654856756,14.857650780114216,581,1218,47.70114942528736,ok,,EuEoeANAhadcy5vzBikn3LxlGKh1,20210816,vowel-e.wav
141.29764247757143,56.63465353434829,0.0054632286448389,0.0556927558347243,22.19857813326393,446,860,51.86046511627907,ok,,DqztVX8gWrOi4il3xouSTV4FwyC3,20210816,vowel-e.wav
228.69070260477767,33.531865776971095,0.0067559590121221,0.0625194330312034,22.30694211537508,269,390,68.97435897435898,ok,,SxFxlGEvukdQzz8w08BlXJMR5E52,20210816,vowel-e.wav
170.72848333992644,41.39142683365218,0.0097807504308811,0.0764924560010185,11.93052646236802,779,2089,37.2905696505505,ok,,AutXsDVtEcVH9ZQ58NqDunDcqZv1,20210816,vowel-e.wav
156.33968757903943,35.03277184573222,0.026846310769807,0.1449162214747011,12.597192228239788,332,604,54.966887417218544,ok,,EaZfxkcnIWgsPfPW2XfFTjh7GQk2,20210816,vowel-e.wav
235.1065238965704,6.645421654688709,0.0046705270743892,0.0522435723041077,23.03114120466062,398,1346,29.569093610698367,ok,,tDjXrO1dI4O35JJXPL3ihLvnAzl1,20210816,vowel-e.wav
108.54921119699765,1.4012297971855443,0.0061269418648016,0.078749008714008,20.724273068872783,475,766,62.01044386422976,ok,,Uju7jUdiN7VA8j1dI3MQoktzzIV2,20210816,vowel-e.wav
120.33153170742972,43.63295374757018,0.0102774915832288,0.0606260921459285,23.98265728797517,177,390,45.38461538461539,ok,,Ojcz6oRGwLdnOTR7ptVULuG4s8b2,20210816,vowel-e.wav
116.73682061295784,15.555048192927474,0.0070993235595758,0.068850426103737,20.24253040396495,506,732,69.1256830601093,ok,,YpViFd6bZEaMT5i5DUd18Qh6NQI3,20210816,vowel-e.wav
110.6946293845434,26.28023894428365,0.0207910713095688,0.1496655398715201,13.035606637462807,343,868,39.516129032258064,ok,,RDvP61T75eMxewvhinz2XYm7cYY2,20210816,vowel-e.wav
124.33118474552582,42.09130613759292,0.0057211059902352,0.0923955507383868,17.3305315011831,265,2959,8.955728286583305,ok,,dPi1G2i821MDlbBUQWboTaExz023,20210816,vowel-e.wav
139.3781097468735,1.415524298529888,0.0326135759720572,0.1719044036641539,-3.0243763212268098,11,595,1.84873949579832,ok,,36SK21i2qXclUTQoF7Om9yJEihh2,20210830,vowel-e.wav
129.1188033415293,42.4766706813993,0.0103696045776181,0.0924238584601411,2.472630462289381,23,945,2.433862433862434,ok,,HbNxPjxeM0eJ4Int3oPmitr1ezh2,20210830,vowel-e.wav
245.2591822172849,5.7012017004735895,0.0148762277960669,0.0853855172318202,20.716046655831853,186,936,19.871794871794872,ok,,7tEj7jJjSKWCT1SNY7mhoR57Sgf2,20210830,vowel-e.wav
242.3530742512332,3.916192595382757,0.0134927418500629,0.1088060119240608,17.488235417814575,182,510,35.68627450980392,ok,,vFza08UgTCeTCSraW8F2mW5rpg42,20210830,vowel-e.wav
222.8367671219074,30.028178220181665,0.0181373608131862,0.1354981357631701,14.0414614709996,287,706,40.65155807365439,ok,,nJJupqmdVrf3zsgA0nJP8DMtn5B3,20210830,vowel-e.wav
142.71887210679276,4.315056434223616,0.0050419555575436,0.0811459562674668,18.3437953730146,204,902,22.61640798226164,ok,,JdSI3od4d4Ug8bkVyX2HWSC28fv1,20210830,vowel-e.wav
,,,,,0,527,0.0,partial,no_voiced_frames,4O0K7hT7XgOD4hysPGeuTXfDjF03,20210830,vowel-e.wav
316.9906866373655,148.0466307493107,,,0.9866838690623037,6,681,0.8810572687224669,partial,,XXwTPHw8K0Zv39aNA7A9WdrwHGy1,20210830,vowel-e.wav
128.558716757866,13.595127764149078,0.0089315393702705,0.1070441505895691,16.60088121896822,169,493,34.27991886409736,ok,,M83FFhneUdgbJXOFLi17GtpM8B43,20210830,vowel-e.wav
124.8988035443202,45.84700514472837,0.0133164246039936,0.1351255122814876,14.79616361014281,164,433,37.87528868360277,ok,,tsRKM0B3zrRTbKL39so9sG6ZpSD3,20210830,vowel-e.wav
162.05552463989358,5.338831150648701,0.0093374140897654,0.0856245438576065,15.549071171600009,380,518,73.35907335907336,ok,,ZmTY0bYWVddyiiXVINDdmAIDhP13,20210830,vowel-e.wav
,,,,,0,1005,0.0,partial,no_voiced_frames,DKKyIfK2wWVheujgbhkDKzpEHJE3,20210830,vowel-e.wav
175.3889569855098,71.51173891292883,0.0143189135382706,0.1529933007413743,8.916873249668987,70,450,15.555555555555555,ok,,4YiHRY5px0P0PbQ4Fjst4bh95ay2,20210830,vowel-e.wav
97.26346186306074,50.6387733671742,0.0094504610037748,0.1509120482293613,13.353273518073664,324,655,49.46564885496184,ok,,lHJyr8vqUlYrhD38ixw2oKbhjdC2,20210830,vowel-e.wav
128.99017455145787,31.602890482793548,0.003730550894698,0.0552438501152789,20.742410661417527,269,911,29.527991218441272,ok,,5MKl8VypWfcfmC8E7kOm2rfjPpP2,20210830,vowel-e.wav
130.44959731541434,38.206306432319785,0.0087878010008513,0.1548804854184938,12.007139015835037,106,587,18.05792163543441,ok,,nuAs0qnqcLapO4Hid78HOIyIc7f1,20210830,vowel-e.wav
,,,,,0,1013,0.0,partial,no_voiced_frames,893CVd6PDMVocg2NUuxlMR2MLtr1,20210830,vowel-e.wav
171.107000596648,33.474212467293604,0.0163525176935161,0.1214653833472257,16.262614516913956,133,740,17.972972972972972,ok,,HEO2NpZOfrMmtHr9dwoEI9KZBUO2,20210830,vowel-e.wav
160.67197518297476,2.54368604942122,0.0067614103934344,0.0525984074038329,20.30050841590114,1003,1261,79.5400475812847,ok,,3YRXy19ZmvPsGyuSGv0HXuxrYB43,20210830,vowel-e.wav
,,,,,0,1022,0.0,partial,no_voiced_frames,C1gtLXT26vXGmSoubzZKPtzsU1M2,20210830,vowel-e.wav
190.4871544159758,109.23469155709884,0.0306113840041323,0.1100643264137729,0.158549601445355,33,151,21.85430463576159,ok,,bkCfuRMMs9QrKye7XbdGTxmIGnz1,20210830,vowel-e.wav
,,,,,0,971,0.0,partial,no_voiced_frames,OC99RqHzOjNvaA0rJhPUgP4PM2o1,20210830,vowel-e.wav
108.74969436470144,38.50486190317308,0.0129181942128905,0.0930096991896484,18.91291520529328,156,356,43.82022471910113,ok,,ByJgkN2PApVkDJfUN5wp1gUuxt52,20210830,vowel-e.wav
,,,,,0,1056,0.0,partial,no_voiced_frames,ijTkM1TDeeXxjotuSx0D7Bhk2H72,20210830,vowel-e.wav
156.0460328623479,58.59474539733516,0.0047219967522431,0.1053924616899629,14.87632271869875,232,1397,16.607015032211883,ok,,1B70um5alIc8VeCeJmosZsSuPTm2,20210830,vowel-e.wav
162.28527421847582,10.470997428386047,0.0097982731374571,0.1004552434941132,13.200117741557698,199,510,39.01960784313726,ok,,hNFz8Ao5yLWUwBDZyzMX5Pyx9ca2,20210830,vowel-e.wav
117.77695765982874,8.238391046117867,0.0266202981531602,0.1874569336646931,14.83259986409647,1166,1698,68.66902237926973,ok,,jR8QnHk6Efa7WysneI95oS308wR2,20210830,vowel-e.wav
132.24993374552523,5.33645839984724,0.0024129285236638,0.0827327330867983,17.037688003088643,471,561,83.9572192513369,ok,,HozkJppklgfmmKBIdt5AdujpMtu1,20210830,vowel-e.wav
120.6965228139705,10.61090849694302,0.0031841336366046,0.0467105923282576,25.59699283637597,676,1141,59.246275197195445,ok,,5lJ84fQKn6PXGe3eKwkd3LRquum2,20210830,vowel-e.wav
140.55720152628368,66.47195519805828,0.0134528093168764,0.105210379492915,13.981968675596177,408,476,85.71428571428571,ok,,3lZgD6k6S8UMxivbNoeGJ6SIEn72,20210830,vowel-e.wav
214.78845644740693,25.27517414708931,0.0106177125114057,0.0869101344158859,17.642368528060555,131,228,57.45614035087719,ok,,zbIXdZwHjgb2uDtKqIgcSnr7pyD2,20210830,vowel-e.wav
170.53521693814344,8.648324256783392,0.0023162970561297,0.0347845402992816,20.15511618039089,1018,1201,84.76269775187343,ok,,8k8CW63JxUVkJ2fleruEkA2Bxf72,20210830,vowel-e.wav
,,,,,0,783,0.0,partial,no_voiced_frames,sNQVAToxMJcPDZ0FvXRC36gQEIU2,20210830,vowel-e.wav
,,,,,0,1133,0.0,partial,no_voiced_frames,plyCfBNtOnbjBXIVa996Dq1EJ5u2,20210830,vowel-e.wav
116.39613555217362,33.35928901041341,0.0105440931955824,0.0787879840975821,17.01972421091321,161,399,40.35087719298246,ok,,DENlXZFYsCVXEC46LmTfiEUyVCa2,20210830,vowel-e.wav
113.2790776744736,61.51130792228093,0.0199739469231879,0.0860716635375151,4.625168304085348,100,518,19.305019305019304,ok,,KZdnTmkwssQ2Af6nPy8Ih8EkQ6v1,20210830,vowel-e.wav
246.26994185759685,53.07315159708014,0.0027674659039649,0.1486613382299106,3.2638168860888,39,689,5.660377358490566,ok,,piwGufIJ8PbMSVvYAFuIlOievQk2,20210830,vowel-e.wav
210.82370496378945,85.14504550090521,0.0285529646847568,0.0880752831587489,16.43169845669465,126,1286,9.797822706065318,ok,,AHoYHSvHUjMh9wRfrrPUiEtUi372,20210830,vowel-e.wav
,,,,,0,1005,0.0,partial,no_voiced_frames,EcZEa8IomxYk9MmRANz215imk8N2,20210830,vowel-e.wav
121.26936951131644,1.4428299143667858,0.0037866939337723,0.1392410862513587,13.73806886756261,326,698,46.70487106017192,ok,,MOZTqX513FYB68gCZJ2cE0jHjTG3,20210830,vowel-e.wav
119.29190971664563,4.396144362484852,0.0043857179968348,0.0786450351787074,17.10031991470462,766,851,90.0117508813161,ok,,XIN6JrgKmzSyvfKjes3R6zImvaQ2,20210830,vowel-e.wav
197.042882667477,10.183457033886432,0.0153697175357233,0.046295378734309,23.018456548065057,107,211,50.71090047393365,ok,,YZkAp6P5moQnoRolYxja5XL4w842,20210830,vowel-e.wav
,,,,,0,510,0.0,partial,no_voiced_frames,z11Uz5A6KqNGTti7xPmty0H8mLW2,20210830,vowel-e.wav
,,,,,0,1278,0.0,partial,no_voiced_frames,drfMOiYPMLOOOLejs4s2rW8HQau2,20210830,vowel-e.wav
224.6361433720068,57.228959364752086,0.0438423357808805,0.1359214426904635,11.50346859795831,237,314,75.47770700636943,ok,,AEG7jb8apXR1JLtXyf8iGRDYRay1,20210830,vowel-e.wav
258.753127105468,2.9631441252162936,0.0101630209435551,0.1144179408552745,18.77895237630897,368,570,64.56140350877193,ok,,oKXKoW3MXocV8XSJwZtPJq1RaSB3,20210830,vowel-e.wav
182.0246016025248,2.903834570659903,0.0025648431140777,0.0261494365365849,22.01348620210006,541,791,68.3944374209861,ok,,IWzorx5D61cvjQayXyugGNVlQsj1,20210830,vowel-e.wav
225.05073243946663,75.65154881495661,0.025874685483035,0.1157521695388229,12.463159818693743,227,493,46.0446247464503,ok,,p2JlovxLtlgPJTpKC36lt28QI2t2,20210830,vowel-e.wav
,,,,,0,1116,0.0,partial,no_voiced_frames,bg0A9VSw8yUI2XHBYnyjRTF6Yk83,20210830,vowel-e.wav
,,,,,0,425,0.0,partial,no_voiced_frames,mdnBfPM4iLX7S1O9v92lao51Agz1,20210830,vowel-e.wav
,,,,,0,954,0.0,partial,no_voiced_frames,Ea7U78zNVGNlzPCXKviy1ApAcfo2,20210830,vowel-e.wav
170.12527754510606,4.615054955044888,0.0130076998701115,0.1224294803312294,20.05197766370584,321,467,68.73661670235546,ok,,34eqsd3iQjhFWCb6TW1iWBiuymt2,20210830,vowel-e.wav
131.78236326421003,56.78622731650624,0.0089802512587757,0.1036113188429291,5.7704932184095306,191,1602,11.922596754057428,ok,,WfMoLbztI3MUMQBU7SIDY08DPhf1,20210830,vowel-e.wav
,,,,,0,834,0.0,partial,no_voiced_frames,8FB1tjOY8mbxWnL3QfuB1bywCA83,20210830,vowel-e.wav
228.1869318521957,37.63233467325267,0.0166958236728737,0.0740429737045756,12.516539535005226,121,1133,10.679611650485436,ok,,FMN8G22OUWaL81KxCmgyDVFxa8m1,20210830,vowel-e.wav
,,,,,0,629,0.0,partial,no_voiced_frames,VlQvT9LEVHMLQq3GSPkH4vyskW83,20210830,vowel-e.wav
170.9726017280461,9.255776994558628,0.0067739922767007,0.0633757610482428,20.368213056865635,216,868,24.88479262672811,ok,,hXCoYBU91OVMmm8UbOjQJbAADrg2,20210830,vowel-e.wav
151.1453511247884,17.78497283818326,0.0056749607778507,0.083297443061485,16.44019097017378,534,868,61.52073732718894,ok,,uTvnoMDxnWNkVNNFD963cJ3lZnp2,20210830,vowel-e.wav
205.8095656062821,34.52731375201212,0.0196126419026428,0.0870889856144144,18.70581185043262,235,399,58.89724310776943,ok,,U4UlPziR7GQVevFisOFxwZnHkUE2,20210830,vowel-e.wav
128.6458745831345,52.91212456678486,0.0074502944411683,0.1101658927297141,19.553930489171417,62,988,6.275303643724697,ok,,7wT6FK2H78hqleHRyFIMDHMkwts1,20210830,vowel-e.wav
151.40756889020412,58.0695688703197,0.0362589385383127,0.1608706377052771,11.617479660061765,75,501,14.97005988023952,ok,,Ui2EMYTpqbfJeO607LUV3j8ICO82,20210830,vowel-e.wav
,,,,,0,544,0.0,partial,no_voiced_frames,r7mpJTuaZYNE7L4ohPsXiqLbba93,20210830,vowel-e.wav
211.1285467441972,9.12724837389868,0.009884629809544,0.0668671189182475,21.46357896576907,741,1483,49.96628455832772,ok,,HHCj7IHQxUYQua8B2MKoCVtRWK63,20210830,vowel-e.wav
229.9312476321218,50.572166262421845,0.0114441375726972,0.0515603152264085,21.46355998147216,202,271,74.53874538745387,ok,,K47g4iQ9QkbvE4jLFcgRMDRUyah1,20210830,vowel-e.wav
,,,,,0,1124,0.0,partial,no_voiced_frames,BJ07uOrLOCbKZGwhOCajxBj8Y8g1,20210914,vowel-e.wav
183.68396406343544,4.020130787893485,0.0063633455297829,0.0779789520154782,18.94004659444813,219,689,31.78519593613933,ok,,2UBmxp7qG3Q3EvrK0A3siVhPGnL2,20210914,vowel-e.wav
177.67285920504145,9.339572781752471,0.0036851289294644,0.0668725777478404,18.855725465217564,448,621,72.14170692431561,ok,,JSTw4Jhqo9dgB9tTfhSdMCdJCjN2,20210914,vowel-e.wav
250.755604280214,10.378004707612543,0.0114530115760656,0.075221010157484,21.83679120512559,648,715,90.62937062937064,ok,,WskcfVs2drN8OfH5xhpJUzm8bA02,20210914,vowel-e.wav
,,,,,0,1269,0.0,partial,no_voiced_frames,lMENbuoFgAdokwyJxN0RiDDuiu03,20210914,vowel-e.wav
191.9106406630924,23.9316551875126,0.0169402883992984,0.0915172664879271,18.53037013642153,329,868,37.903225806451616,ok,,JUzBsjVXNFPslTzz5G3x2cZ6JFg2,20210914,vowel-e.wav
215.85650551593656,8.768307403468457,0.0073272380733401,0.0713200004069556,21.14328438046307,129,535,24.11214953271028,ok,,zEVxg2ell6enCYjTDqsBLty8fh83,20210914,vowel-e.wav
236.28982600758707,7.0317945720951975,0.0089324248972415,0.0381045168725107,25.57020107982182,154,936,16.45299145299145,ok,,v8cNN5eg09b4auxFmOqPrNiTZBu1,20210914,vowel-e.wav
,,,,,0,791,0.0,partial,no_voiced_frames,OhLghpQHXfTAnqrO0ZuaGbHmrF12,20210914,vowel-e.wav
222.1390834219172,29.65944214021582,0.0084178880729456,0.0942466664732793,16.206433198705213,1061,1269,83.60914105594956,ok,,aTSU2ShIvnMzIsWQo2OoiyLxIZl1,20210914,vowel-e.wav
163.21512838329505,67.1470092989384,0.0143181502213715,0.154371096182676,13.79287431057404,93,1269,7.328605200945627,ok,,xCfjFTSrpBTvVxpcRoM3SdgIGCA3,20210914,vowel-e.wav
226.1719282395336,94.4942340855386,0.0398235468969984,0.1789319823736758,6.929107718702492,145,1022,14.187866927592957,ok,,naMi0rECtaf6XTipx6sWhVm3J4D3,20210914,vowel-e.wav
367.297335076052,64.18414673627915,0.005246248728946,0.0245126319410424,22.841382223947583,419,698,60.02865329512894,ok,,gRD62e1wMoOWkrXS4zbWu95DXj93,20210914,vowel-e.wav
,,,,,0,1158,0.0,partial,no_voiced_frames,saLiV2oREChEpRlmo4TikTNRuZV2,20210914,vowel-e.wav
209.7201090539977,29.396591930302257,0.0040931781107684,0.0267352151233335,23.76766439367977,237,894,26.51006711409396,ok,,iNYVylAQoBXKKHXcHncHj9jc8Wt2,20210914,vowel-e.wav
,,,,,0,1099,0.0,partial,no_voiced_frames,SBmgSU1SafhWfw4b8d4o07Iwzqw1,20210914,vowel-e.wav
224.1821434922093,32.10460180130053,0.0069083696526292,0.0222621151904403,25.160585571430243,183,425,43.05882352941177,ok,,M7fB5i9Pj0Xh2wrlgUYZw47wojo1,20210914,vowel-e.wav
236.8651449844601,51.53941039364491,0.0202184584730113,0.0980861569502252,18.5358974623196,188,390,48.20512820512821,ok,,z2wTauUrkdhkF4ZJJRfqYIkIwvF3,20210914,vowel-e.wav
338.98968246754515,92.5486890839698,0.0819301920424832,0.2281725011599999,1.6599062935780942,13,877,1.4823261117445838,ok,,WedAZ6DrnjVQSxRJY8qRajogvtD2,20210914,vowel-e.wav
219.26063936328293,6.140286643939063,0.0034140820603527,0.0507224759844591,22.686978845621034,481,570,84.3859649122807,ok,,mM5KRWXtilYLsOILvMB2WdRVVC53,20210914,vowel-e.wav
152.86452096072307,56.03269339559152,0.0194225097265965,0.1764969334929373,10.100914527055046,115,493,23.32657200811359,ok,,j9T8xrIEr4Z6BzX8bGfzYkDybIM2,20210914,vowel-e.wav
231.44953296631016,38.3522369968979,0.0104400595624609,0.040840734884899,17.078661600073342,209,322,64.90683229813665,ok,,nvtJhCfKkSheYFFpSkCxF1ZYnmr1,20210914,vowel-e.wav
130.88769720422806,53.53825020799866,0.0107506078270176,0.1021463953763137,16.176499386781956,304,578,52.59515570934256,ok,,vMU8ltVQM5SPsQzYanXxosJKcW12,20210914,vowel-e.wav
241.921870275352,50.70587837597776,0.0118913733504347,0.0967543533608921,16.006093278911102,1179,1303,90.48349961627017,ok,,eQAVMaOMc6g58D3qXfe3Eec20ic2,20210914,vowel-e.wav
133.35874186269604,25.65197844365901,0.003279120425836,0.0672591150760153,22.48647325105334,382,1542,24.77302204928664,ok,,qtgKzJUvX3d1bmYHEYvzuu8qQc63,20210914,vowel-e.wav
268.3672555053583,13.252502216949454,0.0304026553953609,0.0973192503269555,20.32770463558716,112,1056,10.606060606060606,ok,,k63JSSUHNSTZQa8tyVKT6wMPwoz2,20210914,vowel-e.wav
132.88147373147652,41.558455484410686,0.0070646344841187,0.1274790972570455,14.003920647372125,148,493,30.02028397565923,ok,,WKGEtOrHpLR8hGt1ytyj1I6PVvG2,20210914,vowel-e.wav
217.12646463608456,38.56023597791169,0.0070320328751943,0.0900750005492448,15.4499223414681,294,1082,27.171903881700555,ok,,hwRstflVyufj04ZBCVW9jXrInlr1,20210914,vowel-e.wav
159.0981093499753,46.9301920377952,0.0046332547903556,0.0865692025895985,18.275093860195746,227,1039,21.847930702598653,ok,,ixSLHy4ZcqVDmFyk7TnDGcOcA3p1,20210914,vowel-e.wav
155.7525710399156,34.97578703088016,0.0110795430457731,0.1195936449363674,12.689571557044326,80,1073,7.455731593662628,ok,,zyacTWAOJgUdZnhcEhAgJqm29Wb2,20210914,vowel-e.wav
223.3527908347905,12.133649299731088,0.0149164364565102,0.0979082853456004,20.23303537585965,1080,1286,83.98133748055987,ok,,FtDju4lrx4PqJCMCo9zctj7IFnV2,20210914,vowel-e.wav
125.74261215867266,22.583942037622897,0.0094625585718333,0.1538233246785858,7.413054625936959,720,894,80.53691275167785,ok,,9FTmYAaPkIhJ5gUT8xAvE3l9QkD2,20210914,vowel-e.wav
158.86904003551018,29.37590063642281,0.0153515491041637,0.0757799288208802,19.757165825470665,581,817,71.11383108935128,ok,,6NiBykG0CrOooliPbuNAl6xRPal2,20210914,vowel-e.wav
200.7808670628628,4.303162620356942,0.018652285158247,0.0974845703490511,8.74628036014527,285,561,50.80213903743316,ok,,HZUzZEqeQMVXTrcxtytbLSjvP353,20210914,vowel-e.wav
118.137859760708,57.53913167304064,0.0142178980017162,0.1533031796751468,12.907999839347212,146,988,14.777327935222672,ok,,6KdBcdVOJ6g5etjcagkhx8TUZer2,20210914,vowel-e.wav
119.05606682398816,28.89401746735452,0.0095945315467606,0.0467059206242491,18.41657202399358,423,612,69.11764705882354,ok,,VjPz8KLE45Nv4ISZTLInoIHoj112,20210914,vowel-e.wav
243.88564352097413,8.399900193887902,0.0221101524826643,0.1203632412446636,16.84450432832271,368,518,71.04247104247104,ok,,y9eSqZBOJbUkIbg9oM0XSACsIg33,20210914,vowel-e.wav
197.8058522537494,64.83945868936527,0.0127224559702233,0.0573037160034939,17.87462313387553,476,638,74.60815047021944,ok,,xH2X6KXzfefgZFURY27gKT30ysR2,20210930,vowel-e.wav
242.4581434537312,20.96812305011885,0.0220882960175363,0.1202063724107704,13.304217810702577,169,834,20.26378896882494,ok,,f9LON5JU5reyllM213wpaoJqUSu2,20210930,vowel-e.wav
129.81239495054547,18.47889319289047,0.0060931196155744,0.0880035305621727,10.393722389172323,903,1133,79.69991173874669,ok,,tdqx6pwgAaeiofZLQHT82VZcUf33,20210930,vowel-e.wav
163.99575553937433,73.26581054849053,0.0078328558097343,0.095971839863559,16.688773593678384,94,288,32.638888888888886,ok,,H7CA9UCGWhXOL2ycjqtRBHNXMsk1,20210930,vowel-e.wav
181.37174848621547,54.61797996279483,0.0094466897335687,0.0938089241893865,13.977012092216327,410,1952,21.00409836065574,ok,,UnNfJx6G2QZjr0opFlCkjFRmAf03,20210930,vowel-e.wav
307.996410518963,119.15022195452256,0.0713941324808233,0.3031696960004036,0.3984639346629258,4,1064,0.3759398496240601,ok,,gpreuyMvtSa8HJhGaliJ6E1Hwx53,20210930,vowel-e.wav
101.94355515307062,33.38421568714797,0.0087341516010738,0.1010389055565537,12.038110141136071,1327,1653,80.27828191167575,ok,,RRbKCE4xfybmt8BOImiVxHfbFjO2,20210930,vowel-e.wav
97.51079929135877,1.255826471811262,0.0035480497129307,0.0701236821337369,15.202238990146457,739,1159,63.7618636755824,ok,,6WWaE2bjq1YgmugnDuBgA3kLEoL2,20210930,vowel-e.wav
161.07783567589095,89.25123065881131,0.0337738929836164,0.1247020560609622,11.409251196930686,215,1056,20.359848484848484,ok,,gwg5V9vEkMYvDqW38tY5b82qYoi2,20210930,vowel-e.wav
144.42997391888565,60.946670430346295,0.0147212422487851,0.1364740336626586,15.501312629579456,159,1082,14.695009242144176,ok,,gYPjun6LB5RvdkXcP83uDjCJyhN2,20210930,vowel-e.wav
125.38101624999926,37.57404680480947,0.0098549471462956,0.0771020070594649,16.329624735591928,653,834,78.29736211031175,ok,,x89c2X4Q5LdiRvU9XWVkU1XXLE13,20210930,vowel-e.wav
,,,,,0,766,0.0,partial,no_voiced_frames,0Js6ZUZQ9NUnu568Fh7B6mZ1R8o1,20210930,vowel-e.wav
181.49770742544248,31.09206729387628,0.0207321928473423,0.0797200060827363,12.545023426878336,479,706,67.84702549575071,ok,,etg5L3iyQ3fQAyyn4uZ9jYuoUf13,20210930,vowel-e.wav
148.69127470958514,28.39603261580508,0.0163174471318585,0.1349911432650092,12.52507121763358,310,646,47.98761609907121,ok,,d7w3B2YcJ3TLx58ryhiASEtwaAu1,20210930,vowel-e.wav
282.5085682910528,3.103563798598482,0.0035841931368318,0.0733841517674847,17.91795290698553,993,1918,51.77267987486965,ok,,s5lYWkVvfXUKBjUryB2JREtBstx2,20210930,vowel-e.wav
179.3210237865816,62.58164058514501,0.0261691752221151,0.0719460747038718,18.37877593094425,438,766,57.18015665796344,ok,,FC4RKq4W8uRrjmin8n2BXC4SrnU2,20210930,vowel-e.wav
,,,,,0,1346,0.0,partial,no_voiced_frames,A58WTjeBHaSeuC3PPfLPo3RiEgt2,20210930,vowel-e.wav
142.39115871860133,41.275040209462695,0.010564846583733,0.1052481717637044,13.659702471740331,1097,2814,38.98365316275764,ok,,UVNJbaiYLMMfREwFxt1LdpdhWWD2,20210930,vowel-e.wav
131.13574936044898,33.446959605575046,0.0065912657066586,0.1256158708809077,15.792934397278508,1503,1653,90.92558983666062,ok,,XpMEOhbTdsSYUjo2zsmVjnVOsoK2,20210930,vowel-e.wav
196.7132238491332,30.596465137002948,0.0089175855837887,0.1018710430590204,14.906512845740542,435,689,63.13497822931785,ok,,4RTWSyPKTdc7aRr4ocbrk5m153M2,20210930,vowel-e.wav
221.1256038987672,5.778115724335144,0.0169647650186477,0.0784501608663272,18.69037269742729,534,817,65.36107711138311,ok,,t5wo2qvXdBehDj8JuF9pGWbb3Rt1,20210930,vowel-e.wav
,,,,,0,1235,0.0,partial,no_voiced_frames,wFhImPjbZkWVRY7xDoz2PmS5X8R2,20210930,vowel-e.wav
117.84666231664578,56.13656780901929,0.0225604186883364,0.1459057519575742,15.217433520845786,58,996,5.823293172690763,ok,,WW9oVXsc3XdK0oO5RdE6WiQcz4k2,20210930,vowel-e.wav
206.70152214410683,30.6137546451768,0.0197687117620904,0.1151316148739948,16.18239360870029,143,425,33.64705882352941,ok,,DiFXnzp1b5UwVXpNPKPaIH1fTWd2,20210930,vowel-e.wav
151.55648274987772,13.802343725240272,0.0138006535727059,0.0911565506047264,18.437922997049817,493,689,71.55297532656023,ok,,rAWA4P9I7iYPCIvEheITe8FCRKP2,20210930,vowel-e.wav
294.2673036570577,34.08200659044477,0.017446450822746,0.1355131420499548,13.28605992396726,131,774,16.925064599483203,ok,,vtdu4kS2cvMzFuiLWgO6v1oTc7F2,20210930,vowel-e.wav
217.4945008730189,34.79170551239896,0.0153017017833624,0.1037045511042371,15.380353842405665,544,1355,40.14760147601476,ok,,ZaTgRbDWn9d1MMPanam0NCupVCl1,20210930,vowel-e.wav
160.27077923765643,8.272504966166782,0.0029166733320834,0.0758951420937431,13.551100348287669,830,1167,71.12253641816623,ok,,fNe0efstbKQ1DRexWt1ETpeEsHn1,20210930,vowel-e.wav
206.90556004060343,51.64465227093192,0.0087622528146621,0.0965119164916773,11.547642979656686,1749,1986,88.06646525679758,ok,,YuahWhZmLgMcw3hpc83mcz06bMS2,20210930,vowel-e.wav
181.7002268350261,33.43048923754994,0.009364370181665,0.0947103367196096,2.077372395695542,19,1559,1.2187299550994226,ok,,rR7IyyhZigMCIvfd2q2cjaGAIXY2,20210930,vowel-e.wav
156.53257843299022,27.10268004386624,0.01145067157496,0.1069508706322053,15.221972181333175,486,749,64.88651535380508,ok,,h4T9i8JwCEbfw4hzNowalt393Wp1,20210930,vowel-e.wav
286.8170551089173,112.3217549318326,0.0738601320736026,0.259107832401955,3.140445784511788,24,1431,1.6771488469601676,ok,,JBt2sizAUqdzxaoHx2jCMl9ky1H2,20210930,vowel-e.wav
373.5097882303836,0.5754596551434759,0.0703505099915953,0.1882162370620385,-0.6249398764554793,2,15,13.333333333333334,ok,,2tjg2NfgJPaYdgTZRDUBhWm8F133,20210930,vowel-e.wav
100.94221903350198,7.626449359932398,0.0116907999792398,0.1065783453444638,14.645087733593485,125,211,59.24170616113744,ok,,cd57GKgW74bBSqmusnCkc8bXujs2,20210930,vowel-e.wav
,,,,,0,1167,0.0,partial,no_voiced_frames,fxKtohOugAVxds721TRXR8GVmn02,20210930,vowel-e.wav
149.06322003615722,68.2108921834618,0.0257577740110083,0.2117488076241868,14.335896043263272,43,894,4.809843400447427,ok,,Z8ulmLPAsmhYfYuqUAmm6aGy5r53,20210930,vowel-e.wav
108.08974436903434,4.881772324484314,0.0151764549172252,0.1602884108293089,11.787688485514018,173,2259,7.65825586542718,ok,,TkOj2GRygbe2J9HxfMWk02A4e7v1,20210930,vowel-e.wav
216.79746297548127,64.99815461136997,0.026961974724321,0.1024991489763273,16.587179664796405,1692,1833,92.3076923076923,ok,,XULw9m5p4Xb2eWMoWDhX0AqRCfB3,20210930,vowel-e.wav
185.84085359543013,3.500287249004695,0.005759821741333,0.086185737000499,16.661904002975863,292,1030,28.3495145631068,ok,,AKDAo2x9EXa9BSIPCbKuOTggrp32,20210930,vowel-e.wav
231.5625807719775,57.75113266947015,0.0240016523602967,0.103812061294428,14.832441889300728,29,1380,2.101449275362319,ok,,kcQhvQN6eeS8DUCNmpADYBr33h93,20210930,vowel-e.wav
,,,,,0,1141,0.0,partial,no_voiced_frames,eR2gfqeYAjdgzpwtCDXUqts9yIc2,20210930,vowel-e.wav
,,,,,0,749,0.0,partial,no_voiced_frames,UKrkCs1fdsVnZ7EfqWJCRxvIyZ22,20210930,vowel-e.wav
131.44614570944955,40.829768794509945,0.0076094353388513,0.092300742693608,18.61770458586525,282,1056,26.704545454545453,ok,,Okal6T0guFZi4Slm4k4MEyuCnyv1,20210930,vowel-e.wav
221.9896678475163,11.04947738821616,0.0072610246814713,0.0319940778673081,28.438287051810804,388,510,76.07843137254902,ok,,YA7NFQZSqwUZUJGPAh5tRe22woB2,20210930,vowel-e.wav
,,,,,0,100,0.0,partial,no_voiced_frames,cLcriOknOebRZSFfeQlcUNYzbZL2,20210930,vowel-e.wav
116.51101987090748,1.2341189285721472,0.0030518578547621,0.0303289093551112,20.29598801175222,1510,1602,94.25717852684144,ok,,GyQfnM792oUVm2DT1fWl7HDCJCm2,20210930,vowel-e.wav
135.0637780884467,21.071498650085417,0.0047829945713974,0.0685169080337498,19.87220983438486,244,1261,19.349722442505943,ok,,9sAOoNazDOXPars5nzlLzOwuYVW2,20210930,vowel-e.wav
145.627367693396,34.30442682982573,0.0092294347768135,0.058897199775725,13.447806533055918,710,868,81.79723502304148,ok,,jQDuUZiOBuOuEfF28lMPmnCV0OO2,20210930,vowel-e.wav
130.43144558387135,27.58510824456591,0.018003577225465,0.1240514061471358,14.174804040434308,469,1261,37.19270420301349,ok,,XjrvY8BduPbProBlAHGDHpD2iPa2,20210930,vowel-e.wav
158.8992395723635,59.57638969322275,0.0167888253367728,0.1282127528992638,12.35616380293744,209,766,27.28459530026109,ok,,imaxvQ1daYhtvhpulzgQy4t6VMl2,20210930,vowel-e.wav
88.5517475819068,1.104742467462291,0.0030413280042581,0.1006402082892127,17.829796817865223,249,663,37.55656108597285,ok,,P25gmf6a64UuD7XtIDeL9VQMzXb2,20210930,vowel-e.wav
207.28042387351763,85.72150789019432,0.027293937722049,0.1153343004991135,15.40232903149209,328,1056,31.060606060606062,ok,,QwS7dzEJ48f6hh4eQny6ywozazg2,20210930,vowel-e.wav
264.27056474615034,9.08577643181204,0.0063042300146245,0.1302549201859126,17.106384595241174,1029,1380,74.56521739130434,ok,,jdmPoaERQYgHcuwnCpTtFfuOpyM2,20210930,vowel-e.wav
260.1487818853072,103.531114012882,0.0106137560051443,0.0941688701849482,15.2552050281566,330,1056,31.25,ok,,qJvoAC408vP9fwBWQUAHHxKI39k1,20210930,vowel-e.wav
129.56662372509183,14.440506418387944,0.0215709968655354,0.1543592141096963,10.069727833567075,580,766,75.71801566579634,ok,,tPN4PkMTo3P1oQKcYXs6WIFeH3U2,20210930,vowel-e.wav
161.81070311513523,46.25712801778146,0.010346720553101,0.0782636070012342,13.343047464428627,419,706,59.34844192634561,ok,,EjYI0Se6sQRvFV6Hkltdqrv6sRx1,20210930,vowel-e.wav
197.2081389257028,66.47024546124341,0.0109073862682521,0.081833850160119,17.478395685961924,673,826,81.47699757869249,ok,,2oEWhawfKmanWlvgQfkdkmgoJ9k1,20210930,vowel-e.wav
154.57355276002818,36.16811474075638,0.0102970842590369,0.1149053960671336,12.597992340632324,288,1406,20.483641536273115,ok,,W9VOaBOebvQ2uxduqV8wZF4ue572,20210930,vowel-e.wav
184.2463557556772,29.718382290015384,0.0132718245949957,0.1335513232250823,12.162218780414,750,1064,70.48872180451127,ok,,373AihVhKDYxeUR24zNi11JavqC3,20210930,vowel-e.wav
123.31147362438354,41.09054740975292,0.0104506351487743,0.109766798102027,16.369413837927574,161,553,29.11392405063291,ok,,W9BiHG3wfMPNQFftpFEofAbNHLZ2,20210930,vowel-e.wav
142.23458311987693,3.41610823685739,0.0052731878688607,0.0650860649193067,19.13552660031112,271,604,44.86754966887417,ok,,wL14nLGSh3P7qMgVFzfxt08XJbC2,20210930,vowel-e.wav
130.98608794993314,19.165384270483614,0.0121177619280776,0.1079288412005676,14.688199454345476,195,749,26.0347129506008,ok,,lRCJsDl0nNPtep1Lz01vxkkF3452,20210930,vowel-e.wav
177.46266589509332,48.677402311929065,0.0172498144537896,0.1503834902428049,7.983499921463199,740,2003,36.94458312531203,ok,,jyxqyMzm2IXXaETlfHjV1K6ju492,20210930,vowel-e.wav
101.8434997260348,51.80240253392648,0.0067325859179919,0.0684998422129688,15.938464934835777,855,1312,65.16768292682927,ok,,BVcBPtxcv3cqEdIkhjM6YenlWtb2,20210930,vowel-e.wav
212.3148242314108,59.958441415391526,0.0168823974213647,0.0918370366755997,17.22812014738447,338,518,65.25096525096525,ok,,4SjSzRW7o2P3lHyxHBfNRfooMun2,20210930,vowel-e.wav
210.9028226962291,38.28075869074911,0.009439394523745,0.0713574585691881,19.67659893803626,460,808,56.93069306930693,ok,,Tpz3FMkc1NPmXLufylt9YVf9NQG3,20210930,vowel-e.wav
241.4910403684594,42.51885138244992,0.0454991818121395,0.2102463112008489,10.88355784836429,157,638,24.608150470219435,ok,,Eg9ruIHboWO7h59MkqSHGAjgZyz1,20210930,vowel-e.wav
183.995838388577,35.58529393435238,0.0102780199349599,0.0844374882415227,19.99818257142964,204,1517,13.447593935398814,ok,,RtRqhfGUUffisj4mpxA9nTYe2cw2,20210930,vowel-e.wav
176.38788987062813,72.06632134854941,0.0228157361275751,0.1427792263436674,11.80611640254334,840,1175,71.48936170212765,ok,,dQEgRb1WIAOmomgTx4amrxbQ2513,20210930,vowel-e.wav
192.3514879507716,46.47141030828827,0.0174036300168419,0.0981082475291062,-0.3133265003651163,14,1047,1.3371537726838587,ok,,HdrqqQ7ijlPhesMLkVgZlG81nba2,20210930,vowel-e.wav
,,,,,0,0,0.0,failed,"load_failed: Audio file contains 0 samples.
Sound not read from sound file “/kaggle/working/ext_20210930/20210930/wRIACcPu2dS0xiHj6O7O4eJXKT53/vowel-e.wav”.",wRIACcPu2dS0xiHj6O7O4eJXKT53,20210930,vowel-e.wav
218.19853728052016,55.53958047035592,0.0047836095788469,0.0731934502671484,21.092084027900803,780,945,82.53968253968254,ok,,6aOGyUJRIcXSEWNRCkzUodJimux1,20210930,vowel-e.wav
138.87887485284452,27.046282788947806,0.0391441169439819,0.1989883045929293,9.846119685257772,723,1483,48.75252865812542,ok,,NdKb06TNBJf7YHQwfJ9O6eT7fP72,20210930,vowel-e.wav
,,,,,0,783,0.0,partial,no_voiced_frames,YE3Hs5yD9BeIzT8cctZEBKGJIXN2,20210930,vowel-e.wav
270.1052215399746,3.15349181174905,0.002033222340156,0.1113802238635892,16.44612889056487,361,1269,28.44759653270292,ok,,KHkJ54iO1tOxlxKkLf61hoF0VYG2,20210930,vowel-e.wav
132.77834956586463,37.321935593434965,0.0221923971821356,0.1285528862935995,12.646284251996832,495,800,61.875,ok,,IgwjLDmZRyTv03Mq7VdUYL6O5fV2,20210930,vowel-e.wav
148.52544784146636,2.537241161567227,0.0159008660931184,0.1301446024260125,14.074857285273776,259,749,34.57943925233645,ok,,UJkPqAafahN2a9BGQdfC67aInu73,20210930,vowel-e.wav
150.70054410533055,38.92696629293288,0.0072751636533706,0.1022375732861052,15.04058211102608,937,1491,62.84372904091214,ok,,75OYElXmxdQTQne9breAIqnSo7Z2,20210930,vowel-e.wav
143.31175441076968,41.22653973886027,0.0239054922552379,0.1701782726030374,9.816686670014253,808,1363,59.280997798972855,ok,,M9CdGPOCUFPWV7KnLgvStPgjLrF3,20210930,vowel-e.wav
194.20915569283585,20.30543933197801,0.0149063667445898,0.1460348962019277,14.273541600518506,1091,1286,84.83670295489891,ok,,TlZeYdISczYnBtyApltf2DUIKcy2,20210930,vowel-e.wav
,,,,,0,1022,0.0,partial,no_voiced_frames,1NQvmLMrJyTwrmbNwAm6wDT4wpz2,20210930,vowel-e.wav
123.05015338256132,21.10647413962992,0.0288422043327059,0.1709491679458684,7.732837081762724,1223,1500,81.53333333333333,ok,,8Vz9jwmadkRfjbwrHwGZ2MsUtcz1,20210930,vowel-e.wav
213.5645826421043,74.61894974868846,0.0183601602527222,0.1169626105412449,10.493356646793783,226,2165,10.43879907621247,ok,,8Ul16g4L9nP9lcp16BKh1X6cfhb2,20210930,vowel-e.wav
104.6344410343628,24.27108063328468,0.0189066798675166,0.148618736208614,6.882827842705501,979,1321,74.110522331567,ok,,5tVbqoDLs6PZKArvhcMTZcgxruo1,20210930,vowel-e.wav
167.29671596592374,52.860071740044944,0.0152102634269296,0.1052604044374152,11.38030920624298,190,655,29.00763358778626,ok,,CiRgXyRWvMacmLIvfdcnUwrJ59z2,20210930,vowel-e.wav
216.02604655973343,38.02148916677471,0.0091409238715647,0.0591934278752953,19.77625778766301,228,339,67.2566371681416,ok,,h5dpLhaJtJbFGAGIaxq3z2KYv1u1,20210930,vowel-e.wav
111.2681130710588,27.74221142189959,0.0067359266445647,0.0654812026717671,13.740788053487805,181,1047,17.28748806112703,ok,,ffXE7VADnca3RAVTmQd60PrIRfk2,20210930,vowel-e.wav
212.0160500305936,19.573328981188613,0.0099517075295755,0.0630837192925283,15.6094827624948,20,1466,1.364256480218281,ok,,o6B4I2N2P7QAdtZD8YTEFJ1zbS32,20210930,vowel-e.wav
277.3101109618307,28.92753847685562,0.0278756665001096,0.0926227232143446,11.099474938920627,19,587,3.2367972742759794,ok,,E4JCh6HgOVRX04QDLVotx8SgXVp1,20210930,vowel-e.wav
269.01838398533937,4.868651865378312,0.0363277406373308,0.1871275407232141,12.933626275456591,256,638,40.12539184952978,ok,,lTIRUd1DocXniRDsCNkgaWMAwjI2,20210930,vowel-e.wav
175.65391564335408,11.10128412074387,0.0112305821602658,0.1179162994434711,18.1186695518936,367,1090,33.669724770642205,ok,,RUnaVFVJiLh22WD0dBl3TeJgmMI3,20210930,vowel-e.wav
159.95373693316097,23.73104998232751,0.0109723110784075,0.0967556242318288,15.035131387435325,495,723,68.46473029045643,ok,,fWuphwJwitW9dSX0gNJBZX7YnN52,20210930,vowel-e.wav
,,,,,0,843,0.0,partial,no_voiced_frames,GKupow0m24SgP8whGGJBZrPbS9k2,20210930,vowel-e.wav
144.93309288866186,8.673102982467833,0.0162983617134723,0.1005618668707329,15.42210839621889,114,817,13.953488372093023,ok,,b5dxDgKCZXVNYVrBLTjeV1rGoW62,20210930,vowel-e.wav
159.16251245379192,48.48244246013152,0.0146260346687258,0.1436294658947461,9.717651651662282,108,1833,5.8919803600654665,ok,,BRVYzpZ9X1TGGLnjYEHIn3VEJ5j1,20210930,vowel-e.wav
221.3519868174356,73.10085502600349,0.013602453413648,0.1334234725348492,13.624275299829582,296,757,39.10171730515192,ok,,1aPZz1jeoBcw9B046d504mn4cq82,20210930,vowel-e.wav
247.64240965870363,3.6071648837249937,0.0043258947313034,0.080017094749321,20.543480111550146,668,800,83.5,ok,,0MVnLUuWMBdzmvRDgLvi4TRl4Zf1,20210930,vowel-e.wav
,,,,,0,723,0.0,partial,no_voiced_frames,yTldbEFYIkOvoaY6f0elulpdzxQ2,20210930,vowel-e.wav
204.3699148007032,71.78193010329244,0.0698783172614151,0.1815780282539287,7.990875935127618,12,1687,0.7113218731475993,ok,,2lsppspH44WH3Scc1ojisHaXJzp1,20210930,vowel-e.wav
261.1119558041105,33.566951012836505,0.0250062652204253,0.1526936940335177,8.387587804134592,34,134,25.37313432835821,ok,,MBs72wy9MATqbupZbIaYYCzj7dg1,20210930,vowel-e.wav
367.7330636812019,31.061452967768847,0.0015420291324687,0.051562775466586,17.343973631170716,468,638,73.35423197492163,ok,,4Zg768BEWlXeVeUynZPu5jF1XOX2,20210930,vowel-e.wav
210.66558581654743,123.33319115887556,0.017840158806498,0.1393960183101946,12.274116259889125,81,749,10.81441922563418,ok,,TeWit59ewCYq9lQyAu8gAdUoqQc2,20210930,vowel-e.wav
188.8040305905513,50.3071160984194,0.0263503896001416,0.166990471143033,15.491095116616089,1005,1167,86.11825192802057,ok,,vXpopcJJEugOInwUtJkEnHgoVhk1,20210930,vowel-e.wav
267.4678789123245,3.8877960433445353,0.0046942239315961,0.0500984230919578,19.379575919072725,979,1807,54.17819590481461,ok,,Kuad8e7oYMd6GtWfjjz7P6kKkNt2,20220116,vowel-e.wav
,,,,,0,186,0.0,partial,no_voiced_frames,DzSbdHq5VTZB8CaVDWSnSUai5mt2,20220116,vowel-e.wav
149.79355208742544,10.697423470140263,0.0056253164060237,0.0465381617864855,17.766970900707687,190,646,29.41176470588235,ok,,mhSZr2kQUUXpZowNrDHw9eoRiwx1,20220116,vowel-e.wav
157.46562172643965,4.8368007200879815,0.0036082500490979,0.071552759693815,18.069751523924207,697,1440,48.40277777777778,ok,,VB0ZCqOsP9ZeF5ic1xIo35H8m7L2,20220116,vowel-e.wav
149.4809278168144,2.467862127414875,0.0082269905623849,0.0695300843381849,20.53216350372213,155,1303,11.895625479662318,ok,,5HdPVT7Sb4hkXAZeoI3lidVlxr82,20220116,vowel-e.wav
108.3471156828431,4.761517171480082,0.0109618419406935,0.0682503217028842,19.319810184046315,79,894,8.83668903803132,ok,,c6LjEGIa9mYRb1ly6g3eW7VN7Sn2,20220116,vowel-e.wav
140.45613109372633,52.9460199121901,0.0158540900603663,0.091922009778174,16.426304686686507,842,1815,46.391184573002754,ok,,KzL1lwjUsoVvvVtugpPKs8U08OA3,20220116,vowel-e.wav
148.34202889889616,3.1487666319928804,0.003573403100181,0.0443472427206291,16.095996223728747,702,902,77.8270509977827,ok,,9W9lO1i6cAUZxsWDcnIOslZpR4j2,20220116,vowel-e.wav
139.57515099751075,6.996869703390212,0.0027166780535672,0.0646472945016285,15.629725834509117,936,1295,72.27799227799228,ok,,5wFACyTuW6VpkLQxAZRCqPcLMpU2,20220116,vowel-e.wav
273.21095034486416,18.664634737305065,0.0075757518559957,0.0184267154608799,28.965844575276417,770,824,93.44660194174756,ok,,omPMrLojwZgpYrhycAOXQ3QSfV63,20220116,vowel-e.wav
216.94435580871783,36.99019119687952,0.0035255772701454,0.0494887236414761,24.3031564439776,1386,2985,46.4321608040201,ok,,2CGjMIgiOeWRQ1qHHg8I76RiSkW2,20220116,vowel-e.wav
223.7633766807239,5.29296157099857,0.0086147275707492,0.0854021619914006,19.63003675141541,52,331,15.709969788519638,ok,,78ZjqzoMgLTlZUCp9LB6pz4Kv1r2,20220116,vowel-e.wav
206.2700042503895,7.455911013447028,0.0024486180586636,0.0422339992305583,28.663737103425213,747,1005,74.32835820895522,ok,,nqLItJsNy8hMMv0uzVGitvRIC3U2,20220116,vowel-e.wav
178.79355223270838,18.73616370293639,0.0076438861157972,0.0271301894260704,29.179210116858904,1356,2123,63.87187941592087,ok,,HeT8JGMWwDU6zFkB0vD27TrZAKK2,20220116,vowel-e.wav
114.9934067013212,21.165256825861093,0.0087249727147237,0.0601611419267088,22.746634283090472,1816,1926,94.28868120456906,ok,,NvkF7OGMmUUYsJZLiLieHb7NeT12,20220116,vowel-e.wav
227.52920160860285,7.69176401303441,0.0060087031719297,0.023300662884631,26.044969380531136,1067,1218,87.60262725779967,ok,,jbsPh0qE8Odkgiq5QSFkul82Vwo2,20220116,vowel-e.wav
109.71563238949216,3.527858057985429,0.0070388058850695,0.0530370050404038,13.455070798828782,714,1133,63.01853486319506,ok,,ms2rkCAPxCXbWEnltBqqgvTZkDI3,20220116,vowel-e.wav
180.30604935004573,49.75703728758051,0.0066556843904353,0.044562260488544,23.18355908798525,863,1210,71.32231404958678,ok,,GHZxcmoCXZhIfg7KqA0Pt75q9Rj2,20220116,vowel-e.wav
195.77435495747267,8.06252184494652,0.0026044010205627,0.0382844470297239,27.27592043348703,166,1244,13.344051446945338,ok,,gt1fuuqFi9bKiivVr3D7Uqx1bDN2,20220116,vowel-e.wav
215.34338723928224,27.48934089235313,0.0047496760983243,0.044570422352467,21.56830796770728,415,467,88.86509635974303,ok,,ytxEFfrQ8hbVxSR8tj2SIpYnoKe2,20220116,vowel-e.wav
142.88035527869974,5.440270565111541,0.0078226841110661,0.0423196987389142,20.56296537992808,215,314,68.47133757961784,ok,,ywRW1EYv4cN9O5an3SOqxzCeVMp1,20220116,vowel-e.wav
170.344256141494,80.927086933952,0.0446998850398323,0.0876223720247895,14.21353700997172,216,416,51.92307692307692,ok,,RvUXdksXUjPGz9GqFI0cQtpdFw13,20220116,vowel-e.wav
283.9337710733824,38.75639312740974,0.0190622561759667,0.0855837447611156,19.65802198819362,369,484,76.2396694214876,ok,,afMsKrOtvnR5ZiN6OCnzzRhTaAa2,20220116,vowel-e.wav
250.135421836138,34.60553158026338,0.0067671373311174,0.0818140358513434,19.62147961153597,426,612,69.6078431372549,ok,,0kFnp420ZNR1jLp0JWCjMGDzvXo2,20220116,vowel-e.wav
137.72652462052994,9.92393971948644,0.012474206254611,0.1262970085402555,15.547324369366358,436,1056,41.28787878787879,ok,,hamuH67mzBMdwPY0OTmtnK83W122,20220116,vowel-e.wav
246.8256130606422,5.739873237070728,0.003157952761469,0.0477860992730692,18.424924625860875,653,808,80.81683168316832,ok,,sXFrLmHnVVWwhmYkdJMGmtuyBns1,20220116,vowel-e.wav
122.15871747549173,3.049038912832042,0.0064824955269694,0.0741803139437525,18.23460057580758,436,587,74.27597955706985,ok,,xsU1zerlMJVwKLSFYtw1sZG3Hau2,20220116,vowel-e.wav
245.9842359495301,45.725015372954864,0.0169915110792475,0.1352942572527971,6.112291028154286,252,425,59.294117647058826,ok,,xAFdNbwc6fP7GKIe8cp8z5KHcQC2,20220116,vowel-e.wav
,,,,,0,66,0.0,partial,no_voiced_frames,kKU07z5BevhBk5j0VUE0Ae8dsex2,20220116,vowel-e.wav
130.53598720033042,39.556351884916296,0.022153261921237,0.1401931041184773,11.02301862606727,678,851,79.67097532314924,ok,,ojyH22z0DOScG2wYRTuXD7vEAhl1,20220116,vowel-e.wav
255.13347719986515,3.0081685258390523,0.0042589565273539,0.0470672246065336,26.05012094723882,883,1082,81.60813308687615,ok,,A21aoZx56kXiMAj3zwl05qtlDRB2,20220116,vowel-e.wav
241.17557619435385,9.989643320269506,0.005623799883661,0.0501268566487377,21.10299716319352,153,1022,14.970645792563602,ok,,2Tg0DiYjSrd86E4LBMa4OCQ4UgT2,20220116,vowel-e.wav
145.5910739020393,2.89366504106404,0.005073266064746,0.0425447387108177,20.292950524834065,276,868,31.79723502304148,ok,,2NLN1vsBcwMF0cJ0g6tNDLVSpH33,20220116,vowel-e.wav
132.40115670675291,4.894731616554843,0.00848951909789,0.0484477067022402,21.24732704851734,2401,2976,80.67876344086021,ok,,AP3q0AtN8QceZrnibZZnlLNi98X2,20220116,vowel-e.wav
125.50408405435668,4.820080133843501,0.0036386443050068,0.0264672880317957,26.28044617244065,251,433,57.967667436489606,ok,,1C6BCvPkrjT62P0843qRIsRPClF2,20220116,vowel-e.wav
150.65883187486867,21.76178202098744,0.0060275570140383,0.0916438228077816,16.85488684757661,868,1261,68.83425852498017,ok,,bEJSKYnh3xVuOaqa9APory8yjr12,20220116,vowel-e.wav
275.32538230687027,3.6779825688776375,0.0031205307229638,0.0167454883859811,28.685139103704124,1162,1227,94.70252648736756,ok,,pzuPR0z90Zh2NW4lbmPCKQ8TbZu2,20220116,vowel-e.wav
141.02766199323764,6.654581479725046,0.0077538133047024,0.0615302889475656,19.4272018800137,779,894,87.13646532438479,ok,,VPZ9JFB5p6Sp4aM4wR55ljbLFat2,20220116,vowel-e.wav
194.03733601027665,30.69084058525261,0.0029193282188213,0.0877695702569681,15.1651887117889,1811,2029,89.25579103006407,ok,,9om37Xnu61hb4q03NB3ch5uKvfq2,20220116,vowel-e.wav
278.102879859657,10.76690759262804,0.0060751223245907,0.0439987074244536,25.88968313010245,734,1210,60.66115702479339,ok,,UoUR3jonNScKDHaH8HVDKAEeTpj2,20220116,vowel-e.wav
145.67063627081032,3.647066181012961,0.0026654444278479,0.0566519236159739,17.967229591907124,1157,1466,78.92223738062756,ok,,GdvCdly5M3M1sEu25s52NZa5Bv13,20220116,vowel-e.wav
,,,,,0,0,0.0,failed,"load_failed: Audio file contains 0 samples.
Sound not read from sound file “/kaggle/working/ext_20220116/20220116/fYVZ4nvbW3f5v7xlccDvVTkVTzf2/vowel-e.wav”.",fYVZ4nvbW3f5v7xlccDvVTkVTzf2,20220116,vowel-e.wav
,,,,,0,92,0.0,partial,no_voiced_frames,PwGuQGYgkScdEbKOiJsg4tyOYTA2,20220116,vowel-e.wav
177.18777239178326,37.43435073877163,0.0126502500524794,0.0788892243139164,18.00145559206708,234,433,54.04157043879908,ok,,FE6O251Emycq87bwz7wciCREByh2,20220116,vowel-e.wav
204.79541306818305,2.024957397629018,0.0023593117694449,0.0340801633191559,24.85197147180139,778,996,78.11244979919678,ok,,q1ruQZhVbqZ8gE0QERQFBGeERY83,20220116,vowel-e.wav
122.69272767701862,20.79426387987332,0.0346848110667682,0.1363629524269259,7.556774796880467,157,689,22.786647314949203,ok,,MSnXp0Xes3Mhb2e5jlYG56DxRl82,20220116,vowel-e.wav
123.58994121390252,27.45497996667097,0.0064126444666754,0.0979313546498873,10.381882494913985,338,416,81.25,ok,,qvsKZQ2TP5Q1a6Xd1F4rNUbA3qF2,20220116,vowel-e.wav
127.69563071871244,86.21215018382193,0.0309671863200203,0.1419599101875668,14.34887898650039,52,476,10.92436974789916,ok,,KuTattHUg2WmBsUuqE29FgsbEzI3,20220116,vowel-e.wav
226.8158190197059,23.24957724213186,0.0043043976487765,0.0284823298764471,23.80373448578664,1129,1227,92.01303993480032,ok,,lUaRbEp8rmUiSl9oRIKqczdHRS72,20220116,vowel-e.wav
251.07106557784977,2.6870592662099133,0.0049807250135101,0.0180060685036179,25.04492811398061,788,919,85.74537540805223,ok,,8gpvvSsT0SY7IUdPD7Z2mjT0bkB2,20220116,vowel-e.wav
135.63391406168222,5.797449902830972,0.007297378118542,0.0907457865106199,17.60680278486458,541,1252,43.21086261980831,ok,,l1SIZS65VLOPaDmVL2uTumIymSl1,20220116,vowel-e.wav
144.39528008875087,9.056812289055852,0.0077848403477079,0.0479405005067163,20.743403766135888,968,1022,94.71624266144812,ok,,rxcxucbvOkPayD5EmBl3RAAtp3C3,20220116,vowel-e.wav
288.2958253262342,4.542590822357312,0.0017023941238968,0.0270126205190578,30.145316058716883,579,766,75.58746736292429,ok,,8lDQGKaXtLaD4OCCFZ0XziHnnk33,20220116,vowel-e.wav
124.05972928925,15.26418726777822,0.0186257331269165,0.1016620479838662,15.549207039997691,434,783,55.427841634738186,ok,,dmX7zdSCPngfRiDf7L34nKUFX4J2,20220116,vowel-e.wav
215.48078148787584,7.959577571065841,0.0030731192510363,0.0241757659762676,28.72586336402432,501,800,62.625,ok,,VEgWaIZISda8CJLJ3NediSuomms1,20220116,vowel-e.wav
157.20573075562035,2.1157375548621857,0.0054709786499599,0.0720111621566043,22.12801853208411,611,1030,59.320388349514566,ok,,9YfQ4fzK7VhEKsDvMyPUsWPFqhk2,20220116,vowel-e.wav
138.4150177086622,4.91070259047083,0.0045271227201624,0.0140810527129831,31.15371484666064,643,740,86.89189189189189,ok,,FVxZd16hv4ZU2B2FLs02IYsH8Ps2,20220116,vowel-e.wav
,,,,,0,66,0.0,partial,no_voiced_frames,npdYHgmoGnN0QslTqGQd2i28LMo1,20220116,vowel-e.wav
158.66723064758813,52.22199555180916,0.0212854183471055,0.1096875232749735,18.425909729483248,1333,2959,45.0490030415681,ok,,jTzHAg8jJzR8qcXt9gGpuBneFjx1,20220116,vowel-e.wav
216.51825255924368,7.663727118987393,0.009395477480355,0.1232947984472285,13.715543906174169,126,1534,8.213820078226858,ok,,JB2pFiQsjrhqFEHMzaVPryVK8tP2,20220116,vowel-e.wav
147.4622509365508,4.241202984118567,0.0027055836955936,0.0545657315117464,20.76882779455868,794,1013,78.38104639684107,ok,,gna1OhRzxkbrFzko7MPHdPLmtpU2,20220116,vowel-e.wav
236.83426149233128,12.16847938669509,0.0069309640250973,0.0482406305894505,16.41846911231625,80,305,26.229508196721312,ok,,2K7RhQsuLKQpUUo7DrE0IgCwM9x2,20220116,vowel-e.wav
154.8894287890923,27.340794558963903,0.0143605543587976,0.119958683995974,12.398258846924548,129,228,56.578947368421055,ok,,MWF1WUgBGQS05cfv99clU2TRwfE3,20220116,vowel-e.wav
209.4131518497132,9.741402101975938,0.0027725660909107,0.0195015086892808,25.27586382708707,803,988,81.2753036437247,ok,,KlAIIeihTRMefwV4X9bJ6kt7E6K2,20220116,vowel-e.wav
130.28745516888335,9.660328052432853,0.0133938771592958,0.0571340668666165,17.406456316426592,137,228,60.08771929824562,ok,,uLCJDEUByLdw3QJmMquuaGbq6Cp2,20220116,vowel-e.wav
106.0138185115453,16.455758381265078,0.0084455379321845,0.0851332459863809,16.55347788329259,872,1039,83.92685274302214,ok,,dJHzdoV8x8M6LcPM85FN7sHMMaE3,20220116,vowel-e.wav
151.08259389171,47.38913901701477,0.0141980506764932,0.0534021395159158,15.48017752101706,379,561,67.55793226381462,ok,,zf6B9JTcrPT80yxMV1hQagTv2eV2,20220116,vowel-e.wav
156.37253936043695,4.349366043989694,0.0059300591872058,0.0419564429608846,20.39868721195101,358,442,80.99547511312217,ok,,vCAQ3LQHyBO9KkAYOoHKiO7NbMN2,20220116,vowel-e.wav
128.83563579926948,9.715686704315068,0.0292009164132765,0.0725882206806348,17.113535963393453,778,1576,49.36548223350254,ok,,Q846PFwlqPVMF3C7qUdIMZmDncZ2,20220116,vowel-e.wav
248.3754883269856,3.303851688033408,0.0069538706742229,0.0277549133358291,26.650287193717645,812,962,84.4074844074844,ok,,gDovgMhPW8UkfRndMTsN2kbWVeu1,20220116,vowel-e.wav
147.57495632969568,5.359573600594181,0.0086959051977211,0.0899873279297765,18.489405346542814,849,1662,51.08303249097473,ok,,aJ01vacKROcen6rG19ieBFuYm0K2,20220116,vowel-e.wav
244.9371912472045,4.855422324229025,0.0031879672098243,0.0485717349809817,24.91485125539352,986,1167,84.49014567266495,ok,,EXD4rC7IdLZoWke4tHOl7VqZftv1,20220116,vowel-e.wav
135.12946405717707,3.78125761991068,0.0027792942215631,0.0188887388185733,23.504319569211297,453,587,77.17206132879046,ok,,SmN42H0265e51D39Ta6QMLmbteK2,20220116,vowel-e.wav
165.80962282910252,15.269797962538366,0.0033062916598195,0.0619181342640933,18.386824571660668,185,1346,13.7444279346211,ok,,haGrnBV7RSSlezcnlw81FV0GWKG2,20220116,vowel-e.wav
145.92497901328431,8.926566888368432,0.0169917590457961,0.0638790242879858,15.616109818769274,57,715,7.972027972027972,ok,,2OE9ixVI8LSZKTYs0X1qfbpim532,20220116,vowel-e.wav
152.31528918143442,10.151960537572553,0.0027725027826844,0.0921940125334985,20.004919199220403,412,1423,28.952916373858045,ok,,OPNJdkdSJzMsezNIKtCKvaY2TOV2,20220116,vowel-e.wav
214.50759938188625,44.44546050952452,0.0100977594991687,0.0423668701965259,18.379744847029425,51,237,21.51898734177216,ok,,cyDXI3n3uvOiWKoFACL4t6rToA92,20220116,vowel-e.wav
135.95310217487682,53.77183574251714,0.0150163729656667,0.1126495641629044,16.388688005672194,667,2985,22.34505862646566,ok,,G85Qy9LGPvZ6K69L1xkCkfYsueE2,20220116,vowel-e.wav
136.46746234400538,13.513901880183274,0.0043215202055338,0.0303980672903037,19.82319756184897,577,689,83.74455732946299,ok,,iowFPDECVScrXnuQUdAzFR5lZTn2,20220116,vowel-e.wav
208.31034119828624,13.071529454059574,0.0058644144084346,0.0530149971415313,25.32436520004681,215,1448,14.84806629834254,ok,,8yIPLoTwbmdRKVFAwjiObA0sOYK2,20220116,vowel-e.wav
108.73225763028636,2.972438095239554,0.005928119563214,0.0463049202114433,11.216344350351395,955,1662,57.46089049338147,ok,,JAbr5e5oaIQa6gXUPpQuC5O17eD2,20220116,vowel-e.wav
154.64875968086545,19.66049338207576,0.0038597636048461,0.0414950919725995,28.089734486726275,1260,1534,82.13820078226858,ok,,dXLXOyoQipd9i2w2Koh4PVxWrRR2,20220116,vowel-e.wav
158.14665451433416,13.48627139578519,0.0050716162199513,0.0665257611835137,19.408203077980723,282,450,62.66666666666666,ok,,Ri5rCFm45FST5VV7ocmqFxreYV13,20220116,vowel-e.wav
139.27000072634326,1.683781422048216,0.004224521383777,0.0685900982049113,14.246878816158954,344,450,76.44444444444444,ok,,35fVudVN58gedyC3GGZKjC6UP2i2,20220116,vowel-e.wav
188.7814255582917,26.31010118186689,0.0094318140594566,0.0940602398024948,7.97764730219125,248,774,32.041343669250644,ok,,MgzY6M52w0eser4IzdTcW6lWsNh1,20220116,vowel-e.wav
214.57785504733147,29.88097664091764,0.0179069865436381,0.0368124727250402,16.5436110882681,50,211,23.696682464454977,ok,,6elrfW5mHEfZgdKic3J2EQ4Mn902,20220116,vowel-e.wav
208.82238267003245,25.355699209841248,0.0057759129751351,0.0592086165786853,15.987175784798907,264,1542,17.120622568093385,ok,,QjPGMdxS21byQxKSQYNWTnhmxlz1,20220116,vowel-e.wav
150.98531587419708,5.120610865267164,0.0062338374330848,0.0483343500683883,26.8270548993714,1331,1704,78.11032863849765,ok,,FVUV0Eo8jgNcLFWlSkM8MljTvUW2,20220116,vowel-e.wav
270.2448922886953,31.268560038674323,0.007034515634289,0.0412316173347667,27.09990025606381,798,1525,52.32786885245902,ok,,fEdLkdLtuvRqYOFBnuLhIkV6tD53,20220116,vowel-e.wav
182.30575713008625,23.35688379439723,0.0034270213842567,0.046493975434112,23.4364833881334,791,919,86.07181719260065,ok,,LOeA84grAdO6mYfDRd9fqFEICZ03,20220116,vowel-e.wav
177.11397083305027,67.71121194791223,0.0183618962592781,0.0888806067636669,11.091989511455145,100,467,21.41327623126338,ok,,PoETIUPxf3bQxPnN4Vy1Hp2trbs1,20220116,vowel-e.wav
101.89384013058196,5.961851438125145,0.005455804403944,0.0565922576148112,16.731956747939133,602,757,79.52443857331572,ok,,0YCuLUeRDeVmOwglsjizHm6Rq5S2,20220116,vowel-e.wav
117.42034555104134,24.52854495760032,0.0215109136274458,0.1924467124794946,6.360046161527727,168,286,58.74125874125874,ok,,5fkSKY2NWPWnARcnr1GOutvAUEA2,20220116,vowel-e.wav
150.12525717345952,12.203270235625688,0.0058217333802958,0.0801309488946882,19.4762700675387,1210,1508,80.23872679045093,ok,,VIwLkfXABpMzGPytKFH7tdpEZZ12,20220116,vowel-e.wav
216.6994697997029,133.10636712695762,0.0353767219149014,0.0942314125614058,11.385274765077334,33,177,18.64406779661017,ok,,V8HUkcYumWd6DLYFlhxkZkXFiH83,20220116,vowel-e.wav
227.3479775991497,7.607528265904669,0.0063393889840106,0.050922128016973,19.51696709755873,656,902,72.72727272727273,ok,,211nNIwhllPvFgsEqk1D1bphvsC3,20220116,vowel-e.wav
119.5333193292376,9.55694517319856,0.0103389856097855,0.0501015073198634,17.897546799279233,701,1500,46.73333333333333,ok,,Gs7dlC1TpGTvnpE7odfR7UaLmE23,20220116,vowel-e.wav
132.36415075692716,3.3286189640159063,0.0059684096315237,0.0728727476061724,15.291386210541448,1458,1611,90.50279329608938,ok,,boQZa00NsnWrbAvvVpjv50wsUIl2,20220116,vowel-e.wav
127.82615973509854,23.560177267278863,0.0038896221008704,0.0383715372899257,24.85959581549164,1297,2404,53.95174708818636,ok,,x9YbVZirPwOMLr6PRJfPTfaezmJ3,20220116,vowel-e.wav
137.28680663551503,4.543063138341517,0.0033421884316786,0.0239286501077373,21.4052259519532,920,1082,85.02772643253235,ok,,uA96Zcbna6QlFzlWKebXWRZ2NTZ2,20220116,vowel-e.wav
158.81884436374023,47.536453957899056,0.0094068337215768,0.0278310323874774,18.795475708176006,639,715,89.37062937062937,ok,,sQF52orawHVKB3MgZ746Q6Nby4H3,20220116,vowel-e.wav
95.06541077765306,3.267269873619661,0.0062713641309191,0.0730878077745653,14.986118274893167,346,604,57.28476821192053,ok,,Dz91gFv2ulfOIQ5docxFItx6jUF2,20220116,vowel-e.wav
146.46124601700728,53.60911920252615,0.1105758612094843,0.1044886392738219,0.2089542800459281,53,561,9.44741532976827,ok,,g6XvvCwb27VPOBJP0Q14xIpIgXh2,20220116,vowel-e.wav
147.9866039985903,29.406888463774724,0.0170013246074678,0.0373217449020364,20.700055940835075,768,936,82.05128205128206,ok,,PymcxbDwvIZpWkn4JXZKDWruxqd2,20220116,vowel-e.wav
,,,,,0,6,0.0,partial,no_voiced_frames,mev4bO5F6hRBNtrI48oKNk6XApn2,20220116,vowel-e.wav
122.1312200683548,21.9804916517579,0.005649949251954,0.0690017649565376,19.33955178309897,179,672,26.636904761904763,ok,,YL2KhMbembRI2Ja5euWYCfAUiHW2,20220116,vowel-e.wav
147.64304217416844,7.514555845462694,0.0083600242589755,0.063539327705064,19.4255706291722,124,1133,10.944395410414828,ok,,Qsn6HHODdFMFK7Sd3XQLqQaDFQB2,20220116,vowel-e.wav
208.06055617297,8.148891260806069,0.0033298048026869,0.0197433443235302,27.1945525638193,1296,1474,87.92401628222524,ok,,hQXjiktlzshKedAmNvqm0aNguzI2,20220116,vowel-e.wav
130.1775480346809,3.0484747804703773,0.0051254035854203,0.0353925224205316,22.87299979813708,708,902,78.49223946784923,ok,,JcnEWYQlvAc34RZ15oa1aIdxXmu2,20220116,vowel-e.wav
178.00599462725197,44.36040233157544,0.0187105351389002,0.1225870053287896,15.846824167773224,520,689,75.47169811320755,ok,,ctgx7ZF0HaQnF2rGxIaIFVdVpCK2,20220116,vowel-e.wav
131.3334918293628,28.01680295335375,0.0062577979845953,0.0737323402898886,13.029947418277091,1974,2797,70.57561673221309,ok,,WkFTYwRZ28NqRSZTBP0lOA6oRBx1,20220116,vowel-e.wav
130.5017547861946,9.272951416112344,0.0029237855961467,0.0196572202207333,23.250789748239992,1575,1687,93.3609958506224,ok,,1VNUev5HPMQSq58M1m7RQm5nw2x2,20220116,vowel-e.wav
119.420408871115,4.449987449234198,0.0068022708383594,0.0639263667730436,24.683462492488417,659,2430,27.11934156378601,ok,,sIKq37c6fsTflqc5kRVFEBhKwAh1,20220116,vowel-e.wav
151.1771290166512,50.21854017239691,0.0127510648897525,0.0892216619837251,19.089171303514053,590,706,83.56940509915015,ok,,mEb1cunNRZMy7gejeZerqvdfMfm1,20220116,vowel-e.wav
141.5465426227023,5.15029534878335,0.0046317405621463,0.1435628387417238,9.708366562670273,444,1261,35.2101506740682,ok,,RTdaG8BEFddelW356HEJVtlY6z13,20220116,vowel-e.wav
116.47125532037862,5.474962584581329,0.0019391938210942,0.0271313149689565,23.308299786444493,974,1073,90.77353215284248,ok,,rtSNF5FPd8X8Jm69mOM5ojT48623,20220116,vowel-e.wav
134.18870362534213,1.924263032868867,0.0031617609447636,0.0909698324849195,19.88368153975104,845,1030,82.03883495145631,ok,,HTdlMNy8RTfSi54eAZ5tExU3XAG2,20220116,vowel-e.wav
183.75394063353383,6.612589864612663,0.0022698929582663,0.0331414202225602,23.908608034222745,1131,1261,89.69072164948453,ok,,v0p89k6eYhOCOZUAdnHkcek2s533,20220116,vowel-e.wav
234.7118705353723,47.73520412301184,0.0110314298433219,0.044702785954164,23.44191654295096,632,817,77.3561811505508,ok,,5DyIJHOcbJMeaKMPWDDA3z2Z0qF3,20220116,vowel-e.wav
222.91547166057825,4.016186614982412,0.0045839548854225,0.0221244546145315,24.26400339809596,98,1321,7.418622255866768,ok,,kE0LlnH8StYm0M8jUnKXlngtYyU2,20220116,vowel-e.wav
131.6653583446815,6.989519179459964,0.0027446415281846,0.0555549738574704,19.275555409439395,942,1039,90.6641000962464,ok,,R4RGUF6ibtcRmk3SpqUoOO5JtEW2,20220116,vowel-e.wav
148.1924210321562,2.305646214857215,0.0022898209379966,0.0465957965673965,27.195665420507407,272,851,31.96239717978849,ok,,8Oot6FsWpdgyMs1eXi5PeTlHkO22,20220116,vowel-e.wav
134.9256917240089,2.6861949833744507,0.0032692731902792,0.0377221231599063,19.04639431935197,847,1039,81.52069297401347,ok,,mHiolRozbqdBa6gn0iVpJSWkRaa2,20220116,vowel-e.wav
108.43556128693362,1.9619862145069724,0.0027545999724173,0.0254223709625144,23.674166407095075,817,1645,49.66565349544073,ok,,MzfeFflqlyWPwz3A1qscgJpZnXz2,20220116,vowel-e.wav
141.72326202302764,6.832242495294055,0.013290768669569,0.0414192459701498,19.065867062814245,533,787,67.72554002541295,ok,,D1SnlxdZwoQB1qU4IYj5Qn2ddo93,20220116,vowel-e.wav
150.97742783238076,6.487059985567836,0.0037009020161587,0.0617999064873412,19.47340508456576,726,894,81.20805369127517,ok,,uwf9NvukzahzfoHla4EJcxALtr13,20220116,vowel-e.wav
201.7021654898944,15.70659305137295,0.0036005647620553,0.0280780160805356,19.55877722312345,565,1064,53.1015037593985,ok,,nBnWqRyYdOWyna6bfXKqDm1jiIG3,20220116,vowel-e.wav
99.99233149564324,11.027735600118993,0.006589296511544,0.038076794307015,20.59212902204496,1077,1406,76.60028449502134,ok,,RWVBQjQlHLbBjLazMN8hV2qZVx83,20220116,vowel-e.wav
138.2558638246716,9.63204168535792,0.0094205638339558,0.0492976148166104,22.604912038828108,945,1192,79.27852348993288,ok,,sZXioPNq72VC9DKY05wQtL6MB452,20220116,vowel-e.wav
103.176911879099,1.360456265957768,0.002365649819443,0.0322391657894717,24.36146140742733,1550,1704,90.96244131455398,ok,,mzyVvW6ddebiNqGUL5RuFDMJByE2,20220116,vowel-e.wav
134.17202772471697,10.253246008093631,0.0074083352271475,0.1287094712536041,16.409546096674568,552,1030,53.592233009708735,ok,,fXWQ010jk1T8P0CpN1CLWmYEu502,20220116,vowel-e.wav
89.1406174177606,2.4998337408135174,0.0061890845260426,0.0829801090881989,15.645255706016323,370,1828,20.240700218818382,ok,,6v0A4zK7UmaG47UWSWLJldoVnau1,20220116,vowel-e.wav
218.43873776588035,58.236271225200575,0.0053021525002017,0.0592287857342942,17.95078747135776,1054,1448,72.79005524861878,ok,,XujagD0E8cRz2OBhAsfC6p14y693,20220116,vowel-e.wav
101.52013836672494,28.33019271876476,0.0082512585205984,0.0584261630159871,15.837676650659224,630,783,80.45977011494253,ok,,Pi2Q3xqrZMYqPJEcoL4W0EvM2bA2,20220116,vowel-e.wav
298.85357132162994,106.15809737370743,0.0310022855743689,0.0869209100667028,11.257439646775117,185,245,75.51020408163265,ok,,vBw0usM2oOQNMpHgRSFHfrJJY5v2,20220116,vowel-e.wav
232.8506530659744,26.44352296518931,0.0074576728694165,0.0774037750231974,21.172503361894567,507,808,62.74752475247525,ok,,yomibqi24Df9IQHh2laZkzAfJ8C3,20220116,vowel-e.wav
,,,,,0,66,0.0,partial,no_voiced_frames,y3qWUVLhMeQvpdfsClkugyMnBmH3,20220116,vowel-e.wav
143.64946359497358,13.653153345624576,0.0272748748020615,0.0844234258083938,15.85088585926214,198,322,61.49068322981366,ok,,BMMAO2fPJfM8Qmaz41cBqDwqQbn1,20220116,vowel-e.wav
131.13156078649297,21.343068816682468,0.0062262489422218,0.0836697485856077,15.365966791686752,838,2524,33.20126782884311,ok,,RRoXAgdrSQTjklsyo44o2SqzdoG2,20220116,vowel-e.wav
117.49942567649424,6.01900859250528,0.011727795932668,0.0833212537978731,14.071291676756896,576,766,75.1958224543081,ok,,fOCoF7a3BjM1uUu78CjKORaz4lH2,20220116,vowel-e.wav
222.95352659816024,23.215821989800656,0.0047955875712837,0.0740196024040294,19.475155891998792,162,339,47.78761061946903,ok,,GINR5IqbAaVIqLGstyeeEuFwF132,20220116,vowel-e.wav
187.27174381442163,39.13191532855726,0.0063324779080525,0.0633809178758336,23.2047718690613,286,826,34.624697336561745,ok,,NLFfhKmlh1gmhwEeIoBcVD3EjYz2,20220224,vowel-e.wav
258.07545041122023,18.20055496821346,0.0166608345855804,0.0442606175922613,21.481803488335533,32,228,14.035087719298245,ok,,gTzeDWRphNe8P9xDnbNRV82dhph2,20220224,vowel-e.wav
201.31444367525344,69.1126481651633,0.0223060777451761,0.119845951902045,15.197637060622784,54,348,15.517241379310343,ok,,SSqZuZSun0T8dbeSxzkMzJb60Bp2,20220224,vowel-e.wav
123.51233885603878,2.853876723216866,0.0048355417874236,0.0728765358916611,18.404534348526976,457,945,48.35978835978836,ok,,TeBDsHwMI4PKae1LHPc2RwzaOqe2,20220224,vowel-e.wav
196.4434150948548,10.346181876363332,0.0056177754250554,0.0554850710232432,15.451657837047655,203,356,57.02247191011236,ok,,4pr6vH1YsRSSIZ5emGxwI9kfvMn2,20220224,vowel-e.wav
136.63956430870485,3.868463376144988,0.0021694860800896,0.0934598538000922,22.27428032468952,649,826,78.57142857142857,ok,,2ETIvPLmoLX1ItSduvHxNLUYXEG2,20220224,vowel-e.wav
110.8068701177692,4.186416172661146,0.0069005036271841,0.03244770306447,25.577779525400334,1479,1833,80.68739770867431,ok,,dyqnAhkFfZhVRIDw5qlqhPhddDi2,20220224,vowel-e.wav
,,,,,0,0,0.0,failed,"load_failed: Audio file contains 0 samples.
Sound not read from sound file “/kaggle/working/ext_20220224/20220224/FfKvsdemMHfG3w1GC1SaZMVmH4b2/vowel-e.wav”.",FfKvsdemMHfG3w1GC1SaZMVmH4b2,20220224,vowel-e.wav
243.5749794009224,109.84624787973236,0.0509122294215898,0.1045364318166587,7.270830251378482,170,365,46.57534246575342,ok,,Kz8BA7iBAOgIK4Za26egr8KfKMP2,20220224,vowel-e.wav
145.54989452015425,62.36388379252335,0.0163055994574269,0.1465153387305724,16.529617216421105,117,416,28.125,ok,,BQvb3GV9gvX4XSeyQf7BSl7Wyqn1,20220224,vowel-e.wav
,,,,,0,0,0.0,failed,"load_failed: Audio file contains 0 samples.
Sound not read from sound file “/kaggle/working/ext_20220224/20220224/3aSBxXe9wQSxxCWcKOeLs9hyBVx2/vowel-e.wav”.",3aSBxXe9wQSxxCWcKOeLs9hyBVx2,20220224,vowel-e.wav
128.06318311205845,33.17680925997226,0.0037761473341175,0.0536366028598435,17.561339428079663,170,1022,16.634050880626223,ok,,ISbHjJskcnbfA6WeWFMlwGNpooA2,20220224,vowel-e.wav
174.98116776007325,4.475193154453526,0.0158592894026629,0.169631744423531,13.101682186952877,57,783,7.2796934865900385,ok,,4mppkDcGHlS2FmRhE2GYVAZYwR12,20220224,vowel-e.wav
106.95266949441128,2.063343556621169,0.0038673731082177,0.0696459960483254,19.204222615238365,550,877,62.713797035347774,ok,,BtooK4c5GOf6ic0GB9lAUXQEaaO2,20220224,vowel-e.wav
245.1753099341812,78.3466484025464,0.0649077411653483,0.2171730823664018,0.7953556775702275,52,177,29.37853107344633,ok,,g0Qn6zm31ifoqPyjBO1sYUWEjwf1,20220224,vowel-e.wav
250.6326648503232,4.922709708464695,0.0020734491865695,0.017284798477267,31.7328429811492,1416,1619,87.46139592340951,ok,,Q6Ivy1FtxJRrXu8v5ct02PhtVQw2,20220224,vowel-e.wav
135.12074191051684,3.79159897739541,0.0047010358229091,0.0842975163443304,20.151635242551155,378,1227,30.80684596577017,ok,,JkFiImACDchvpnc75UEwYUBjlmM2,20220224,vowel-e.wav
,,,,,0,0,0.0,failed,"load_failed: Audio file contains 0 samples.
Sound not read from sound file “/kaggle/working/ext_20220224/20220224/WCMHz6YTOlhwMuZo7Y4yZyeVmUk1/vowel-e.wav”.",WCMHz6YTOlhwMuZo7Y4yZyeVmUk1,20220224,vowel-e.wav
131.38928269046102,3.426487595670304,0.0059477987463811,0.1305791403791445,14.42029020843331,101,314,32.1656050955414,ok,,rrIrgSfrXsUCCGy2md8jqJ0nWp43,20220224,vowel-e.wav
211.5663086287801,3.5473494189614447,0.0105809608326746,0.0985774017667685,15.376736190103708,148,604,24.503311258278146,ok,,YWKdgjsss0PxgAJHqgMiwQpvP2o2,20220224,vowel-e.wav
202.7819690353144,5.941391740435504,0.0025734092486907,0.0491916962734062,24.67131078713725,416,1321,31.49129447388342,ok,,rqgSQxOsbbe6tL84edCB0T8pqeA2,20220224,vowel-e.wav
223.8506861438413,72.03747859314046,0.0817248706514827,0.2216132472219169,8.102724339660607,1283,1474,87.04206241519674,ok,,UgAHxOS9I8OPx0SL5HvrnV2vkrV2,20220224,vowel-e.wav
223.0643636499765,21.83646715139135,0.0090399998925024,0.1847974454067199,12.525005699619424,94,237,39.66244725738397,ok,,tlDdi65RzVRgQpCnKnUMDHrhC8a2,20220224,vowel-e.wav
246.33589843324415,8.353630901170646,0.0044864389088929,0.0691770054512386,14.000258524242636,285,501,56.88622754491018,ok,,woceVZi3z1UcEloy3oGzmdZJWPr1,20220224,vowel-e.wav
176.50126846936024,34.843756244840456,0.004385716585805,0.0776061820049911,18.90053828868429,173,843,20.52194543297746,ok,,seQEP9e1H7bn8jOIXr2AQyC2naX2,20220224,vowel-e.wav
155.0779773027945,12.50907436907649,0.0087764174139813,0.0518933067805735,23.07814804882936,279,1184,23.56418918918919,ok,,QY3z2ZqQVkSv9kwYHesCDBacjD53,20220224,vowel-e.wav
164.8276433030588,56.89441499562734,0.0071861560497235,0.0667002755950932,19.73055706244062,483,706,68.41359773371104,ok,,HMn7xbNnFMRp502FLHLT81L44Bn1,20220224,vowel-e.wav
194.4787424248138,59.06232925335781,0.0193087913117547,0.1259873645151725,10.828897961831936,505,757,66.7107001321004,ok,,X3HrcZGN2AWEsfkC3SLCKdsRlVd2,20220224,vowel-e.wav
119.32992782627998,16.859538892805414,0.011651286387167,0.1418059157316165,11.80470012339308,1168,1321,88.41786525359576,ok,,enOQccGDh9SQBYdvARYSco2lmjy1,20220224,vowel-e.wav
161.80222939503346,40.82242177820724,0.0159706654948181,0.1396198396128234,15.491788701055537,158,203,77.83251231527093,ok,,pXrDiaQ7Mvhgl4lsTY4kc9ijqBB3,20220224,vowel-e.wav
117.90440140792222,2.196969232209808,0.0050453570202842,0.0541337201377167,22.697387019586227,406,774,52.45478036175711,ok,,9m5bk1KoeLTUgK3bNXjmLVQjSpD2,20220224,vowel-e.wav
121.06554082892588,3.5082077341782725,0.00265833894359,0.0883455808657134,11.18751477250692,1006,1261,79.77795400475813,ok,,8O5PzOTmWCV3quABpq2nfbyO2hl2,20220224,vowel-e.wav
210.80269919845404,21.36956633835059,0.0071815874821349,0.0286270131998052,22.199855903685897,274,1047,26.170009551098374,ok,,p2ECtaBu4xT4zQS8tPtperBHTG12,20220224,vowel-e.wav
192.796315750355,86.41872592800513,0.0181811524201409,0.1442615961695079,14.112374358944653,145,194,74.74226804123711,ok,,aQLKihHXAgMj0xfaoURdwcTcf3g1,20220224,vowel-e.wav
95.94583953251224,19.94559378466029,0.0081701289415491,0.0524885788134488,16.255779710168923,314,1303,24.09823484267076,ok,,1Gv0dO1YKOVYJPREYfrPDmdguHD2,20220224,vowel-e.wav
137.32203727095128,2.500845733464748,0.0082542725488914,0.1417118322373337,12.169981880026164,69,151,45.6953642384106,ok,,M1h6C2XxDJPuUqTMR6R5Mo7rEhO2,20220224,vowel-e.wav
231.11937067816083,4.893237130641264,0.0062794836743266,0.0549154512824673,20.087873083332887,343,570,60.175438596491226,ok,,wgQitkqujGhhG9CGkdRqVaW2LSO2,20220224,vowel-e.wav
231.80219717906536,40.04733784099727,0.0026276038743461,0.0452909082968015,22.702969239261297,2293,2379,96.38503572929802,ok,,3l8trtOxHWOmdBh9WI5HgaVcAyi1,20220224,vowel-e.wav
187.51694753307964,9.11063650748162,0.0034739818178608,0.0605491432777422,19.75060625397658,251,860,29.186046511627907,ok,,S3O1vkzO0Ng01XWXrksCaerqxig1,20220224,vowel-e.wav
218.03481731523425,3.371791300545437,0.0019327725151441,0.0503436316663304,22.19707953583057,1359,1500,90.6,ok,,0l20TKQIqBOGwH8Tcr2iD3SRWRv1,20220224,vowel-e.wav
132.20314625458022,7.049875409289664,0.0068942544144139,0.04068460098926,22.28516489192706,226,348,64.94252873563218,ok,,CHWPcgqcWBX6gcrIf8Dqn9mybfQ2,20220224,vowel-e.wav
105.3275543216676,1.7413652086722509,0.004151962366888,0.0575815131528437,24.790019653461147,2322,2438,95.24200164068908,ok,,mGYWNa2P3hRQzF9OQYSrsAh4MzG3,20220224,vowel-e.wav
106.19051107965326,2.172048772316568,0.003229088226886,0.0429198195786417,18.408339943603245,253,1628,15.54054054054054,ok,,zfsDZvVnOKaAnTKTO0tvwbK4M0p1,20220224,vowel-e.wav
208.66751462523047,4.912414161641585,0.0030886690509025,0.0444345048557796,21.595629913535014,1541,1850,83.29729729729729,ok,,jMbX3ZtuqKQJ6ygocgJP60LgeeT2,20220224,vowel-e.wav
182.46107252881703,86.0541388715662,0.0262185167175675,0.1521412153454104,4.2456745349527925,93,1047,8.882521489971346,ok,,pa1yKevzAJZ7gX6G3SDN3truPUk1,20220224,vowel-e.wav
184.24553662750424,25.67604015446412,0.036987466075755,0.1518843131899956,15.018692526765124,116,271,42.80442804428044,ok,,2szj2HhISbXaJHAQgap8KQLrXLp1,20220224,vowel-e.wav
143.81790541864433,8.741101617463205,0.00544623524033,0.0737393086857661,20.261507640801103,103,911,11.306256860592756,ok,,M4tEGrEqsJUH76MNYTdv5ptP5Tf2,20220224,vowel-e.wav
205.32492155895628,6.091042300823158,0.0040762608874649,0.0613238106450514,17.71741729954019,292,476,61.34453781512605,ok,,UyF7Ssyc1OT2LNTeiXIMhRakJ7j1,20220224,vowel-e.wav
131.16138602049057,12.8209264301593,0.0197941359950758,0.1308913095664258,14.431105938651246,121,399,30.32581453634085,ok,,jk93uUBxDdd91SsfKOXhkGMsLjZ2,20220224,vowel-e.wav
216.0198205498548,53.530272087357496,0.0195621441434466,0.0771154456373569,14.980138518047172,599,1064,56.296992481203006,ok,,zX9wXjdaP8gMSv7KqPceItHsHr62,20220224,vowel-e.wav
187.0605186492868,2.7928015364940872,0.0102905355234851,0.0571873401832283,24.357827280896693,196,1056,18.560606060606062,ok,,Hfg15JKnNAcFGwh4AX9sFN9L1G83,20220224,vowel-e.wav
188.03323649767177,61.12809301529619,0.0112163706047354,0.1626462715171542,12.515062566504085,105,305,34.42622950819672,ok,,PrazG70eecgOSwMg4IyWmfutdsj2,20220224,vowel-e.wav
175.4986984920588,18.49271394314445,0.0009108624274687,0.0570982906133204,20.66639875754742,850,1022,83.17025440313111,ok,,mm7Gh86YVvZnDGZCMRdEGCnpKr53,20220224,vowel-e.wav
234.5889288472716,5.991255395473247,0.0074361155556825,0.0320953222953617,25.868999108502592,122,331,36.85800604229608,ok,,ySLJdhveHkaYDA5oS0ae7GQdZ393,20220224,vowel-e.wav
124.14974955253452,4.055041463543209,0.0082735263922527,0.0829133232191859,13.639408791674162,131,442,29.63800904977376,ok,,xkJFI4B1n9YMmGGmFvMbHAnDZ043,20220224,vowel-e.wav
245.01913867620783,20.377166152899783,0.0027356166379128,0.062750711059512,19.68887151201194,1167,1431,81.55136268343816,ok,,MhNTqOBSnbfcf5D0oY8EO9penVS2,20220224,vowel-e.wav
205.53349098378936,51.98136325747517,0.0083578676190768,0.0409211671280412,25.83490424162665,486,1466,33.15143246930423,ok,,xVQJivEuKXYqbFSOFGtHSnZB3tI3,20220224,vowel-e.wav
168.64362770783666,3.753203866209121,0.0150036052849663,0.1250709397943223,17.122686176603057,300,561,53.475935828877006,ok,,aSlWaEQn2veGwFuxU2aND35O8gX2,20220224,vowel-e.wav
151.88767204969844,88.1522665871052,0.0170868516664129,0.1533441266959113,5.521362927533938,534,791,67.5094816687737,ok,,DEPinLL6tHP8bK2TxiPQ6SfwnDI3,20220224,vowel-e.wav
125.29031025923445,39.40995600074176,0.0289997145571955,0.1927405396701861,13.005117880838275,36,305,11.80327868852459,ok,,UX72LWicujPNyj9W7fb8xbtLuu13,20220224,vowel-e.wav
222.3020202977532,4.709955997956223,0.0070204230224811,0.0588436151163701,22.73032955152389,197,339,58.11209439528024,ok,,ghEGb7TXOzTRqpKJKn7Xy5MZTa03,20220224,vowel-e.wav
164.4954457737689,36.88333190711678,0.0020789114571524,0.0364871328752502,20.45242975716084,689,919,74.9727965179543,ok,,MwKKn2w3qpcQr260pQXCLbR26WT2,20220224,vowel-e.wav
147.2399649068943,10.71958778256013,0.0026339037871354,0.0577611693178765,23.89159221277087,91,877,10.376282782212089,ok,,rMIXci2Er1OpK4ObuqY15yH4qsv1,20220224,vowel-e.wav
243.8494286385257,5.472249464262787,0.0025658918178184,0.0568397496498125,23.402987152188636,144,1013,14.215202369200394,ok,,jNDcyNJPcmXrl54cSd2TwDPGRpH2,20220224,vowel-e.wav
151.47420679272122,2.8082307006024148,0.0027475783779386,0.0782188804769076,15.957560484383436,259,629,41.1764705882353,ok,,eK8ikIYnLQPWGetLBHzkJVCGfpq2,20220224,vowel-e.wav
103.97004626337632,2.6517416712057145,0.0038621541057136,0.0540566614215693,15.754121094302745,384,604,63.57615894039735,ok,,b9IWngCSM8Uyonr7cpuEfldIBXA2,20220224,vowel-e.wav
195.18080113498388,27.624179805963166,0.0057504956561442,0.0265069981199471,25.91031056201359,115,467,24.62526766595289,ok,,dZvjWWbzA8ZHagEibhMy4sJdd1n2,20220224,vowel-e.wav
153.91687528692785,4.270457986516536,0.0073694871231596,0.0486958440505622,21.707872336019093,622,1321,47.08554125662377,ok,,HG9KlSNUZvbF25mRaO6SGxA65sk2,20220224,vowel-e.wav
229.34989949697547,47.19934664971779,0.0102984128914413,0.067724980484792,18.6823064312125,294,757,38.837516512549534,ok,,N4F2gxwnLjMVSVE8H7DyMGxRSSg1,20220224,vowel-e.wav
162.1025224669932,34.0484857498114,0.0116905755795334,0.1188081557776035,19.517143096916616,81,117,69.23076923076923,ok,,XS1Cq445FYcHuqnPBJ6iGNlfX2r1,20220224,vowel-e.wav
167.61512851774836,10.286774601279436,0.0079081000710936,0.0718113472887346,18.39014583972464,51,117,43.58974358974359,ok,,QqvW9F6aTiXSjlkffDYTqTE6nCe2,20220224,vowel-e.wav
148.8333767503518,7.322085436308253,0.0056477049643086,0.0667601506539097,23.706789190925534,879,1073,81.91985088536812,ok,,zq953YOTkoNRH1nmQo5LogJsHH32,20220224,vowel-e.wav
130.9800426200634,3.434734304663455,0.0203714349330593,0.1067354335029701,17.07675469072108,98,296,33.108108108108105,ok,,I2w0azDSEggYdIwwaOA8cJH5vsY2,20220224,vowel-e.wav
189.4516048123068,39.648735530684526,0.0033686862324386,0.0573753612702593,19.783035796696502,394,535,73.64485981308411,ok,,ymdi092RIuaEq7Yct97jrd2gPlj1,20220224,vowel-e.wav
225.26907682739645,12.05739203888481,0.0104185080423326,0.0440787735327187,16.943519693588893,120,433,27.71362586605081,ok,,OM6VFW0eAoZikjyFJPQE4grOgSg2,20220224,vowel-e.wav
119.98955148881755,7.26708970638451,0.0205344479596895,0.0904113887698036,19.322556949801697,343,535,64.11214953271028,ok,,GZtZFIhDCsfCXLXnV1dse77BHhz2,20220224,vowel-e.wav
125.6969102095156,13.601997710259203,0.0118562487581416,0.1276818066375288,12.793632942214474,170,1082,15.711645101663589,ok,,m7BeEwKejfWnq3vftESulZhOOtw1,20220224,vowel-e.wav
130.3679501831128,2.300965789639643,0.0020292713411892,0.0598447814044817,19.01018624376568,350,885,39.548022598870055,ok,,EY2h5Of6BiUeZGVHuHe2I6HbSEJ3,20220224,vowel-e.wav
157.16308576421736,27.43691404438356,0.0112120808862838,0.1227119686719868,17.077807723335614,117,1175,9.95744680851064,ok,,Iiplaqtn9NXn3YK3d2JysoDsyo22,20220224,vowel-e.wav
122.48498133269835,24.968045484221896,0.0279419464525059,0.1522916306393993,10.83648432051798,616,1448,42.5414364640884,ok,,iyaAxHTJYzblIU5xG7H2ybbRT0i2,20220224,vowel-e.wav
238.41908942939628,34.0657007585831,0.0158872744694716,0.0647456805345207,17.579991620562147,654,894,73.15436241610739,ok,,E8BW3J4HgOhstdEStw4GlcsYfsX2,20220224,vowel-e.wav
139.43576221089052,2.143317609851036,0.0036499219176603,0.0826580581513459,16.104984646325168,192,510,37.64705882352941,ok,,XJGJdJhqUacn0QuU36mbSioce3a2,20220224,vowel-e.wav
228.33288520833065,60.02714022151091,0.017731931238822,0.1197549335200816,16.141944920569866,112,467,23.98286937901499,ok,,a9X6xtssHmN37RNiZMwVMmVUXGE3,20220224,vowel-e.wav
181.5355223780042,46.902564183934295,0.0103647797324571,0.061533847743166,23.10654434561745,1058,2054,51.50925024342746,ok,,kkupaEtobmNbK95n4MDJKNkJnRP2,20220224,vowel-e.wav
113.54002666277074,5.342249559819063,0.0046036391345125,0.0984289822974273,13.825216991571674,135,279,48.38709677419355,ok,,B1ZcRUST0uNa9oJHL4GEKu4RZCI3,20220224,vowel-e.wav
220.4878094416869,66.1543765662987,0.0221094365064737,0.1382876330627477,15.37426375464452,97,160,60.625,ok,,fQrrrzLfAfbcGzkRburcW74z7223,20220224,vowel-e.wav
195.64766604863965,6.894878735318535,0.0023666892482325,0.0282793744749237,26.063969792691783,559,817,68.42105263157895,ok,,UqOBShpomrWNz1EBLv4QL85oKR23,20220224,vowel-e.wav
261.6400539797784,18.01373019189061,0.0093546287923091,0.0358393980457768,27.757756413594933,410,936,43.8034188034188,ok,,SwraVh5j7SQ4Zz495sCUouvQdlC2,20220224,vowel-e.wav
129.34100233279477,21.916984815308705,0.0056976982728007,0.0576987148376325,19.80961802442436,344,527,65.27514231499052,ok,,FYcPCfSynRbFpXtFI49Vb4JcEJP2,20220224,vowel-e.wav
175.38790820366023,2.2732236627768314,0.0055394068772257,0.0686414028686369,18.047554777747425,146,262,55.725190839694655,ok,,g4lujQUdY3SU70eKinO4zElU39f1,20220224,vowel-e.wav
265.9711048806813,68.67384400962042,0.0334699910410837,0.1728478730030379,9.077118587039422,598,740,80.8108108108108,ok,,8fgYVVHkJAXuWL0xWRI6UBy9QK32,20220224,vowel-e.wav
216.19748560723565,67.41517851083107,0.0362317088759471,0.1689743621224471,13.033879798927902,161,314,51.27388535031847,ok,,bIXvYwJypJMsjCSjytStyFk69vH3,20220224,vowel-e.wav
143.65861808727095,7.366319646448077,0.005088968447346,0.0816708049003619,13.990854856237473,129,1406,9.174964438122332,ok,,5hJbPi5buQViKwLJcGvdZB7Vy6i2,20220224,vowel-e.wav
116.02251364020272,2.4195421648307542,0.025419490993361,0.2040098814269182,8.889842688599837,126,365,34.52054794520548,ok,,7XQT0puqHogVWiLYzjm7pFFz9Y52,20220224,vowel-e.wav
176.6522941341069,23.911145086972716,0.0159306937372249,0.0939951962815268,18.963427680079416,98,160,61.25,ok,,LS62ICmFA1MB1edwgu6UbyoNwWH3,20220224,vowel-e.wav
212.92281836225064,26.65766409776588,0.0273255285253098,0.0548779113948316,19.432098250535248,28,296,9.45945945945946,ok,,acIbMRC49hR4GPLAAn7NT5du7rn2,20220224,vowel-e.wav
229.71388401607183,44.827781897730425,0.0246552793789725,0.092759021785859,18.96928876262477,238,442,53.84615384615385,ok,,Eo4WYCN1ViPSStvGCip3REG707q2,20220224,vowel-e.wav
219.4698740532073,67.36681194576467,0.0085912315559047,0.0824203448922378,8.502436946192072,197,749,26.30173564753004,ok,,SUVNehh1X7SIwFA38y96Kg5CryJ2,20220224,vowel-e.wav
143.15592450689036,3.066004883336433,0.0028640609552822,0.0329740701784329,25.224199159453992,1540,1645,93.61702127659576,ok,,UrE1JF0JDeWIzuxofbHqWiGdpIq2,20220224,vowel-e.wav
269.6326973585628,46.28738896837024,0.0215693568310629,0.1134807804038338,11.026389641060495,110,296,37.16216216216216,ok,,Uwh3MSXIr9RTIrORA34YUQ25whw2,20220224,vowel-e.wav
121.132531657541,35.746100230905576,0.0052330551817705,0.0469196938706241,20.02941016793938,400,1423,28.109627547435,ok,,x4ID4nggh5NNUfZRZLQdRCPZhD93,20220224,vowel-e.wav
216.3252752616061,48.08639220628317,0.02092045000556,0.1780206602369226,7.670654108148125,348,544,63.97058823529412,ok,,McLUd3uodlMnWlISFfbnhLZqNpv2,20220224,vowel-e.wav
258.59020979980846,45.06074593620643,0.0073789137829041,0.0464740991353241,23.817974420630836,727,979,74.25944841675178,ok,,J5FUFsGTODOrVWh3zdLfqeWclDb2,20220224,vowel-e.wav
261.37818921856734,70.87505866187743,0.052401724942947,0.2047994626772778,9.032010000916582,94,169,55.62130177514793,ok,,cRnIfDfUepcQo77jgnBR8ycZ5Lk2,20220224,vowel-e.wav
229.721528257016,16.495180977405404,0.0032372966242236,0.0372563598984856,18.969578123466302,446,1013,44.027640671273446,ok,,KDWgdNAmjgRtxSD07GmwbdA2qFB2,20220224,vowel-e.wav
219.393624130457,12.48049955505023,0.0033506390669665,0.0523160187476101,17.68574648579954,385,629,61.20826709062003,ok,,bPkWc2GJQNc3PRSt1CWI3ulXpvC2,20220224,vowel-e.wav
204.75684313401217,26.778596541287467,0.0094049039445781,0.0817751020439778,19.835246672380126,278,484,57.43801652892562,ok,,gJ6kVzTnhkXducfWMcYj0AQcC7H3,20220224,vowel-e.wav
153.3714622922209,26.636494829905832,0.0136641911227794,0.0873371957472104,16.730804457557177,192,237,81.0126582278481,ok,,MUcNi9HjUgSOs1gSFoCUkeSas6x1,20220224,vowel-e.wav
191.36191964724955,11.41200582313514,0.0026781079724918,0.0806315042983924,19.849968937947573,264,459,57.51633986928105,ok,,XgaNx3dH4DftejsL7GLYmBH9WKs2,20220224,vowel-e.wav
174.33644984943044,34.83275337635599,0.0364181368404583,0.1959042863065015,8.646869887081245,119,237,50.21097046413502,ok,,T74FXG0dqHQrGsy3niZS72QFSXh2,20220224,vowel-e.wav
148.90973387439246,9.472020103340745,0.0026483687706124,0.0628525440812037,21.603720124328817,959,1167,82.17652099400172,ok,,HJ0fTcFpPsS1TX3hFJHoUY50if82,20220224,vowel-e.wav
169.04458792786878,25.65327695438408,0.0153328979133209,0.0672660893947536,19.1298840631914,45,314,14.331210191082803,ok,,7ys0MPzI7iSE8VxE0RvELVLQBSG3,20220224,vowel-e.wav
129.38671845195344,6.743735986740028,0.0095792609655522,0.0558538501181936,18.5418871512441,307,476,64.49579831932773,ok,,QJretLfaNBYXLWlVqNW4zWn8pu83,20220224,vowel-e.wav
188.24897476416484,40.4146419157868,0.0066603794228247,0.0781141232519934,21.76750036848636,173,663,26.09351432880845,ok,,qiVjt2k7nhZstJQZNA77otPmrPr1,20220224,vowel-e.wav
245.9624540341416,27.58581236230528,0.0030028895485639,0.0538277580203866,22.817237018251724,174,783,22.22222222222222,ok,,INJ926VrPgglnXsWCwjwgLz3idC3,20220224,vowel-e.wav
141.033544722965,41.53699865019965,0.0103097756904224,0.1053172605209463,14.705622170303217,928,1116,83.15412186379929,ok,,NVC73ivWW7cnCiiRAkkmuD6UGXf1,20220224,vowel-e.wav
225.67420060930897,9.312080843803477,0.009042687756295,0.069611262411904,20.50901332216093,118,203,58.12807881773399,ok,,0kuAzowu97fM1RkiMFwKUE2QsHC2,20220224,vowel-e.wav
,,,,,0,0,0.0,failed,"load_failed: Audio file contains 0 samples.
Sound not read from sound file “/kaggle/working/ext_20220224/20220224/CzQMWbaavKTyWVIDQkA8n4pt9ap2/vowel-e.wav”.",CzQMWbaavKTyWVIDQkA8n4pt9ap2,20220224,vowel-e.wav
205.98675452997597,5.1511381982430064,0.0033362884797466,0.0161629793563422,27.422110423027817,1459,1602,91.07365792759052,ok,,LCKoE6P8A6boltMsccxarfaRJsg1,20220224,vowel-e.wav
154.64797950989612,24.85311374236033,0.0140051883755008,0.1102723616581864,18.56376575343338,65,245,26.53061224489796,ok,,92uSFZ33wwaXpjv2jAquQjaBCRb2,20220224,vowel-e.wav
132.76579962552916,2.8953580389732574,0.0191030844982736,0.1517438346028925,15.118522769590427,94,177,53.10734463276836,ok,,x1VAxPK81xSojJoYZ3rZ5cSziBl2,20220224,vowel-e.wav
128.69537112584317,4.884295907459969,0.010372147266636,0.1228836615611476,16.619427308046472,678,1073,63.18732525629078,ok,,g4gIXm2kulbgQoDeDV7UaLFe57F2,20220224,vowel-e.wav
171.75784985989677,11.867960359532406,0.0051042820590964,0.0658266994619379,17.76327412301502,307,1210,25.37190082644628,ok,,5f9FY2aF9sXpstnIFVhJiUI4e9f2,20220224,vowel-e.wav
151.3793383301831,79.55099548853856,0.0418112121387841,0.2316585746940963,5.394144019068354,187,339,55.1622418879056,ok,,62CzHdAb9OVmZU0mqn2YLaj3V853,20220224,vowel-e.wav
,,,,,0,0,0.0,failed,"load_failed: Audio file contains 0 samples.
Sound not read from sound file “/kaggle/working/ext_20220224/20220224/dKVfsOgMLCfaOtzLiwUciqreNsL2/vowel-e.wav”.",dKVfsOgMLCfaOtzLiwUciqreNsL2,20220224,vowel-e.wav
193.03083814333192,7.506398732620244,0.0040975215370721,0.0454381871967438,16.82903564736259,921,1261,73.03727200634417,ok,,yJwPEFToEIZycxWiehwroKNpaPg1,20220224,vowel-e.wav
126.72625192254397,9.469067804840735,0.0071071785749669,0.0558119657304541,22.542185109793184,532,629,84.57869634340223,ok,,NA2IBoNbiiYIs6fH6dceZvucKTe2,20220224,vowel-e.wav
142.94563663324516,46.68024754761117,0.0050946057711574,0.1029483943899619,18.78037212775149,64,783,8.173690932311622,ok,,FxH3P9BpP0fmb5Ks4yRmkKOqqEO2,20220224,vowel-e.wav
173.315939904662,34.383221721995945,0.0051643960145442,0.0210555380402653,20.29494513724884,746,1116,66.84587813620071,ok,,oVh2bkESirSJybu9G3w6zk93PEt2,20220224,vowel-e.wav
178.16775107123095,20.346662354187234,0.0078202881963689,0.077536064903763,22.427599688635453,67,262,25.572519083969464,ok,,yFEsKylzIaTpUZT9WOdLyv2TXjn1,20220224,vowel-e.wav
136.57792631444175,7.039756581203172,0.0066412407241836,0.0770351264454086,20.55081418521977,184,365,50.41095890410959,ok,,X3mPGCcw3MdZdoghEaaE3D4UyWw1,20220224,vowel-e.wav
,,,,,0,143,0.0,partial,no_voiced_frames,zl0ycIoAzhSJU1xsyLSNCDQA9Rr2,20220224,vowel-e.wav
127.83704211025892,2.7272351974528606,0.0039666701071468,0.0368223431073006,25.17367221385895,677,787,86.02287166454892,ok,,g4xVy1O89YfHAzHgqHlkce7asv62,20220224,vowel-e.wav
235.50865570603145,24.23003223327849,0.002965295621993,0.0544739109843369,20.571385264706763,293,774,37.855297157622736,ok,,tNNfE6cTpOflIOxjdhTtc3HPWaS2,20220224,vowel-e.wav
301.5819628476299,29.71376805234477,0.0105722700914688,0.0209099598087486,23.8407047712312,237,305,77.70491803278688,ok,,LQsa4bNXQKceD5Ale6G8U06erOY2,20220224,vowel-e.wav
161.8084515213535,40.28841943204053,0.0057306268845168,0.0502463798403714,21.59225961802424,549,672,81.69642857142857,ok,,WqtVdV3ah2Nbup8ca44jQjd1n5C2,20220224,vowel-e.wav
262.0911002157876,2.876616542828849,0.0021113211445989,0.0164654627093404,22.15009696188288,740,877,84.37856328392246,ok,,lPKGHQTCgtT20zZxxGrUihgXoeb2,20220224,vowel-e.wav
136.71704183158204,3.361048354620928,0.0027482099319067,0.0465887666649688,19.555279102076145,1350,1483,91.03169251517195,ok,,PohGLoOfCxQaQDbkp3lVXZMoxKE2,20220224,vowel-e.wav
215.31791380389444,27.9871838191636,0.0030032914810414,0.0610986604144942,25.95040276925393,319,467,68.30835117773019,ok,,May3X8IXYeacRkNRF1Po5IcAYxA2,20220224,vowel-e.wav
180.8264293597903,89.99675514138775,0.0128389345854886,0.165305150147946,14.570167485082882,141,1790,7.877094972067039,ok,,9q6RY1BqrHh6sYr9KNGqlCYNr7R2,20220224,vowel-e.wav
135.55867151429777,5.492777199773206,0.0110957292802522,0.1369676065986134,15.001900476129435,120,279,43.01075268817204,ok,,JWqjAzGbAtcSMLKzRSrv2Pg5n9q1,20220224,vowel-e.wav
124.06718356634934,57.101531470306575,0.0170500937599767,0.1614617477505756,5.450790543394833,137,602,22.75747508305648,ok,,EyqUqCmQ3VTpAqAuXOMzrWwmHku2,20220224,vowel-e.wav
203.4017012532717,12.35144980479828,0.0037592179952528,0.0507771207140382,26.947836089542456,130,570,22.80701754385965,ok,,1dz0fNTGHrSBX3PjBrZ8MabBGHg2,20220224,vowel-e.wav
110.9542418142292,1.3197083175517468,0.0077322939388693,0.1240823725684579,14.683299921537287,68,928,7.327586206896552,ok,,P0S15NZ7DhQ2Crao3tm0m1tgDUh1,20220224,vowel-e.wav
127.06879327350052,3.3290335226226,0.0047310316492782,0.0497004351726261,16.699449335526943,422,1167,36.161096829477295,ok,,zjDpM1OiKLZ4kED8mb916jY8LkU2,20220224,vowel-e.wav
199.10708779937067,44.024773466105465,0.0248484107933575,0.2053755755991216,9.350515208496953,25,160,15.625,ok,,XJN8JiYY4hTcbO7ZDkYanyxaAFj2,20220224,vowel-e.wav
134.27235115711113,10.762634010681989,0.020399471535042,0.176922157448787,6.278391687747527,243,1380,17.608695652173914,ok,,LxR8a1R8joPtkM5buX2O5Ri4Crz2,20220224,vowel-e.wav
,,,,,0,0,0.0,failed,"load_failed: Audio file contains 0 samples.
Sound not read from sound file “/kaggle/working/ext_20220224/20220224/TLENd3Xg65bAn1COrF8cDOyP4wu1/vowel-e.wav”.",TLENd3Xg65bAn1COrF8cDOyP4wu1,20220224,vowel-e.wav
239.6769261038,8.495094157187607,0.0162283575818511,0.0196990487737064,23.630195299089877,975,1167,83.54755784061696,ok,,C0GYeEOzbUXPzOObgkf0wuyJxur1,20220224,vowel-e.wav
130.81567439463862,5.152248222498325,0.0186771426327787,0.1391365558307988,13.566397656314123,42,467,8.993576017130621,ok,,jUpp0ZE3DUML6TjJMeCuJidGPPX2,20220224,vowel-e.wav
,,,,,0,902,0.0,partial,no_voiced_frames,NjpLizUXksYbMCzBMJ2cokYmNSb2,20220224,vowel-e.wav
184.38311863712767,59.222272381514856,0.0055965745581289,0.0655388337113913,17.116612230974653,354,945,37.46031746031746,ok,,7ANSrdWn8gXSjEf5g7woBOnCkTV2,20220224,vowel-e.wav
136.35257275240477,4.668512107876292,0.0149917097203672,0.1449508785199616,14.969362133645818,67,194,34.5360824742268,ok,,bo0evHWkbehTFXFAI2UoWb2rQJD3,20220224,vowel-e.wav
178.55745957235044,75.36766179723166,0.0186216426456825,0.1512261353056887,12.299776909612458,235,646,36.37770897832817,ok,,urOmfQX32TSg2YESJOgXsgR6c453,20220224,vowel-e.wav
137.72728829680275,36.10788617844181,0.0113575889282708,0.0882340322883867,16.49874105904992,1029,1576,65.29187817258884,ok,,9myDAzrUduVrgtvFLwJ0FO2DdDY2,20220224,vowel-e.wav
254.7310984282491,32.009214970140754,0.0073868628492849,0.0530174909616881,20.79741988499364,185,561,32.97682709447415,ok,,4rbcNPLXtib6TxsC2Md1obmuUhv1,20220224,vowel-e.wav
141.06765081330585,10.570236072011252,0.0093400384803279,0.0651178264402926,12.238627042422936,487,638,76.33228840125392,ok,,5uJzEx2zAfV2XQ8147WgYYWVeOF3,20220224,vowel-e.wav
138.66214473908855,2.0087696384865827,0.0018691175786859,0.0470996983065864,24.76321343313225,900,1090,82.56880733944953,ok,,lqfujb4XEagWaWwKBdJvly6tnXi1,20220224,vowel-e.wav
203.5456937859008,15.02348449770273,0.0115610791310976,0.1161623053072013,13.97121376639676,914,1201,76.10324729392173,ok,,HKx8dUnFVDXF2txzgof7m5lSFwD3,20220224,vowel-e.wav
126.20590285448566,58.87381871450671,0.0160090974932913,0.0676939899946334,11.9001447839216,148,612,24.18300653594771,ok,,l8OmKzEYfUbDjJdi0Vw7z7U3BYP2,20220224,vowel-e.wav
119.6425337962176,2.470100549675144,0.0022365856961164,0.0373480266724827,17.027591705127925,923,1227,75.2241238793806,ok,,d84RsHK0pnOb7mVg89ncAvZ7bNv2,20220224,vowel-e.wav
208.3719871344713,40.589756863808056,0.0045305443348695,0.0846160380972657,18.80244650869909,339,1167,29.04884318766067,ok,,HrwLNzBkC6Ne3HFpTgobW8scRMI2,20220224,vowel-e.wav
182.9715901642989,6.795011802588274,0.0037225996446683,0.0702081501386472,20.75517366480229,63,160,39.375,ok,,DyXLhX8t0aSznFGMpqimh3GjBKY2,20220224,vowel-e.wav
198.4724019404356,58.658916148223554,0.0394011529974014,0.1579069452534485,8.655576477869841,36,578,6.228373702422146,ok,,IOkx33SKrGf3O4U9d3VnjzSOKoq2,20220224,vowel-e.wav
143.44586575884426,1.0480821444116866,0.0010591445985945,0.0700965091053379,22.116864931852504,585,996,58.73493975903615,ok,,JcUJdCRmhcZ1m636DxjSocu52wV2,20220224,vowel-e.wav
116.10620436987774,20.83763663766551,0.0148867581922713,0.109410387448398,15.113321099038858,292,399,73.1829573934837,ok,,UVQq2N47Evgc5SlcS36RGiidwE53,20220224,vowel-e.wav
116.66192461100512,2.144732657445664,0.0103909810308097,0.1329146913133783,14.011151342498096,198,1047,18.91117478510029,ok,,S4mqUrR1ryRwv4Ylz3eSf5pceo62,20220224,vowel-e.wav
221.3095059884305,35.7051784886144,0.0061999215402466,0.0509960376085244,23.88844361581621,289,1397,20.687186828919117,ok,,f4aSRU8vIlbC4Y6XMR1AckkC14c2,20220224,vowel-e.wav
198.06356816249925,43.72222623990529,0.0107280293197452,0.1125716050443984,16.29658085739403,195,706,27.62039660056657,ok,,CGXuYRjV5ZZMYE0VKMPws0IyJjp2,20220224,vowel-e.wav
181.9600778512917,40.58718845768159,0.0084470016316769,0.0307299680897631,17.96303922588258,252,894,28.187919463087248,ok,,RoT3J351SNOROh5sd9PWjW2Xppu1,20220224,vowel-e.wav
198.7385306140784,1.4113725864224815,0.0015560063470798,0.045869646706954,20.96473415690351,584,681,85.75624082232012,ok,,Ik4gxA5KENgKW3PwfdQeKZUPvVe2,20220224,vowel-e.wav
118.2905777555042,4.722921487092401,0.0045120308158918,0.071028462071017,15.31958241541408,282,518,54.44015444015444,ok,,wGdplCOlQ3VbTUZ0LVQJxnVVCzW2,20220224,vowel-e.wav
171.63125464869643,8.506401086896883,0.0056702455227366,0.0785397843109583,20.47905143236035,439,911,48.18880351262349,ok,,aSfUICOukybIJNrUx8EfPXkguZ23,20220224,vowel-e.wav
101.347526972434,6.5478562878962485,0.0050111402586269,0.0299309921178858,24.476828746404514,827,1005,82.28855721393035,ok,,hqoVnWWmtaNVeZeo17xGKIihxqp1,20220224,vowel-e.wav
221.85389718167636,20.33708170265855,0.0046251421102325,0.026371204141962,23.67688210271192,684,911,75.08232711306258,ok,,DAovagy3FjeAtGsjxmJUO9qzxJ72,20220224,vowel-e.wav
138.29650437827328,7.0222182341603805,0.0083631464193113,0.0484489039200333,23.633393272547973,104,245,42.44897959183673,ok,,wyNptJekBIgqSTRcuc0I8ICDwtC2,20220224,vowel-e.wav
143.4016410143669,14.293435879326696,0.0240931909461073,0.0877596777623566,18.96272108966573,183,271,67.52767527675277,ok,,Fe1tKSSKTXadUtPD3nrSzimuiBl1,20220224,vowel-e.wav
135.5829532749342,16.68921481755576,0.0123723773550126,0.1104476263126911,11.60127100813548,304,655,46.412213740458014,ok,,uK2zufVH98RcjRV1JaGJ5BYtWrE2,20220224,vowel-e.wav
246.2270462315432,53.11583301418358,0.0152266587278133,0.0960837966476273,18.265273030989366,497,877,56.67046750285063,ok,,IBZq01pmKeQaDwQrGq5oZ6ZbYuH3,20220224,vowel-e.wav
120.9640803687414,2.3873627590646875,0.0070748418587419,0.1042875744344357,19.546934917007864,57,1423,4.005621925509487,ok,,oNzUm6ghBGZOeh6dVxhq6uqxzL23,20220224,vowel-e.wav
140.82743589313182,10.384121354165163,0.0049219358136341,0.0235990319857396,26.892483882479358,354,382,92.67015706806282,ok,,atjRILWMrDdSBN7NeAYso20fF953,20220224,vowel-e.wav
262.2272162443384,20.220881364761453,0.0098750909525438,0.0192050987731959,26.47536663179269,882,1099,80.2547770700637,ok,,gtZx1b3YUIVRTetDhGV7FKZXh2i2,20220224,vowel-e.wav
,,,,,0,66,0.0,partial,no_voiced_frames,YRn1xdEIHufqa6lRl35Lg1YUXoJ3,20220224,vowel-e.wav
217.2255694434852,10.576821807739313,0.0038278314270286,0.0521251868388479,23.39834665157739,88,1167,7.54070265638389,ok,,Vs8uBCHBz3eNp8HeOdbnDoG4RJT2,20220224,vowel-e.wav
238.26528601532348,75.06011265474378,0.0309732791957488,0.2293910394792577,7.462326215334258,62,348,17.816091954022987,ok,,v9YIASAWTaXWjBgZGMCXTOmTF9S2,20220224,vowel-e.wav
120.90787755592991,1.395340521979524,0.0022628717297535,0.0642274996662747,20.03713199694054,377,638,59.09090909090909,ok,,9ZDPxl27dtS6lWT1tLIBliuOXKh1,20220224,vowel-e.wav
132.8326114699184,7.907542668708004,0.007770107047319,0.0435245322038305,22.22880271266941,160,322,49.68944099378882,ok,,RnCbGmXOImaf05RM7uVFHfiMJ7x2,20220224,vowel-e.wav
175.11176914832535,2.571894348428108,0.0074039939378037,0.0733534633422833,23.088121127207355,129,416,31.009615384615383,ok,,ENmeFuNlXuXnQGVMlTrbQHENQFi2,20220224,vowel-e.wav
137.2982091554553,31.191591366479685,0.0200243147586305,0.0987705628659969,10.227610989475744,327,996,32.83132530120482,ok,,ErZ3wywcbtQwZP7e0TITCPxPA2U2,20220224,vowel-e.wav
109.03381248481404,20.68984849514201,0.0067190142925857,0.0621371154682734,17.457408785832342,312,1321,23.618470855412568,ok,,yeP1km1hb2Z9xtf7ZVQxzOFECVw1,20220224,vowel-e.wav
257.4303864635191,20.295167254012338,0.0127467611684376,0.0582302021427564,9.845387683314131,23,791,2.907711757269279,ok,,lGbRXvWRUSYYNfwu70AZSKB31ck1,20220224,vowel-e.wav
232.00651527273607,86.38801977904059,0.0340087521357971,0.1876683996986637,7.917083172303871,376,629,59.77742448330684,ok,,lbflyDGEr1OmwDxXrRJ6CU4Nvhw1,20220224,vowel-e.wav
277.8143953193135,19.622476465173765,0.0044641451350316,0.0609769161567546,16.362197604695396,224,407,55.03685503685504,ok,,8Bi0fv6QwtOjcbxn1adAZp3SElb2,20220224,vowel-e.wav
113.67433016473412,9.536723958509173,0.0077042963534932,0.0697324093402834,21.05892637270232,381,1013,37.61105626850938,ok,,FYwAHGFkYHM5MkzdtEawMSVzHCd2,20220224,vowel-e.wav
163.58172104418423,8.200936823739625,0.0052170217089019,0.0739525096942712,18.49969996061336,51,177,28.8135593220339,ok,,oLhfKUZa6HYi1r1YTJHTj3yc90o1,20220224,vowel-e.wav
157.42442256094395,48.62632047613209,0.0087564901925096,0.093291439878642,17.882477910069227,92,143,64.33566433566433,ok,,5XXqhwutFJMQtrdefMCRACZCnqY2,20220224,vowel-e.wav
142.71778872970685,57.22205385822589,0.0117787361274241,0.120548495130619,12.13863680806367,331,962,34.40748440748441,ok,,e7JBCb0T95RkRfQCew31KafL19w1,20220224,vowel-e.wav
224.4203925987252,18.431654387177986,0.0030309041686525,0.0561837318240773,23.2744366962916,1356,1483,91.43627781523938,ok,,ybftqc719KO8pnm5pwNgsiwHdOE2,20220224,vowel-e.wav
138.32104030423443,53.70209442085743,0.0656846559023447,0.1382858766358525,13.294276683945858,94,203,46.30541871921182,ok,,AMQjCiMY3BMrHMfAeXc4Z604Rlg1,20220224,vowel-e.wav
187.76742842949145,66.77201650055538,0.0054487689178109,0.0688989164293842,16.13051000841742,201,1594,12.60978670012547,ok,,tyqsGc1xI1Pmf9vxlBpzK6HjPMY2,20220224,vowel-e.wav
169.88751272999642,25.054739070439584,0.0048511863892526,0.0408548183046137,23.42972623325474,213,783,27.203065134099617,ok,,HkD9LYJfEiYqGL4Ieaj3SS0D1dq2,20220224,vowel-e.wav
110.79653947730569,19.435542445461675,0.019503825812857,0.02879211001738,13.631243984804422,1193,2268,52.601410934744266,ok,,euAqY61UsgRtFRHCano4QM4KciX2,20220224,vowel-e.wav
320.41751367861394,0.8827247682809419,0.0052042901816289,0.1463291037689894,9.914913041980302,20,211,9.47867298578199,ok,,ec8wBRgC8uZp01OR0QxvVFwsPa23,20220224,vowel-e.wav
209.15991796681948,15.746839597963858,0.0137720992063045,0.1205293993181128,16.091663640312607,91,220,41.36363636363637,ok,,dhhbMoya5rT1GG7c1YIseeFg5w13,20220224,vowel-e.wav
220.50256712062756,17.266151405955924,0.0055260460805413,0.0683662157601939,24.765732417488103,280,570,49.12280701754386,ok,,RUZ9V5EmqwSb88SCkTX5JN6wDKA3,20220224,vowel-e.wav
196.53126100702949,59.74698613753184,0.0108424101123224,0.1299749595702491,13.123497617495614,147,843,17.437722419928825,ok,,ZjfuTf21QPd8o1olfFKQn0iBOkk1,20220224,vowel-e.wav
257.31349764802565,58.48449796351901,,,0.3701691388692052,9,194,4.639175257731959,partial,,T3uR4rnIeqav4YjxxkWX5TQq4wI3,20220224,vowel-e.wav
114.9970750373151,7.038883581097221,0.0075965575973612,0.1446634574736076,9.020838017123616,69,484,14.256198347107436,ok,,ceOoyqaUJFM9dG1pl188x3niwCw1,20220224,vowel-e.wav
309.3384902321863,4.127037448857557,0.0050540140327808,0.0618882084794541,21.481528011838428,110,646,17.027863777089784,ok,,j3uUAA4J3JONyABEuU4rAavNBYy2,20220224,vowel-e.wav
205.2100240975392,74.6189665145011,0.0229879076807468,0.1876071763093044,9.142018562985736,67,510,13.137254901960784,ok,,cUgmwHGJfgRFHPd5b5XvQNYer8g2,20220224,vowel-e.wav
201.436121564276,9.266131707712818,0.0114384110803269,0.0422434498957189,26.24227048394144,599,791,75.72692793931732,ok,,G4YpcGQrwwW6Tt0TsZu7qXuf2FP2,20220224,vowel-e.wav
219.86137191965423,32.64349657044796,0.0198642640778924,0.1548676687050262,12.218910492933034,408,851,47.94359576968272,ok,,MmqzHZtjxLcH8hLvChCRPkJSjyw2,20220224,vowel-e.wav
232.28437196703277,33.476755086510884,0.0129804123851205,0.1137821116694399,14.573020793755845,267,527,50.66413662239089,ok,,HIfH8OY3VQYcGEsFKVNh9m9qYer1,20220224,vowel-e.wav
139.7363708609553,8.075690072388749,0.0047974188445514,0.0660561566307311,16.026208448942825,181,450,40.22222222222222,ok,,tpUAYRUpEFSjccwmOibZ5tpfnjm1,20220224,vowel-e.wav
211.5332124897216,15.976095725580404,0.0093842098670762,0.0970302252032701,16.529852476743844,320,484,66.11570247933884,ok,,pMfxf4Lpa3UmRsjUwQB20DUUMDe2,20220224,vowel-e.wav
169.26896586612514,29.54167285342074,0.0171583887034276,0.0703299928161349,19.82307195051407,108,211,51.18483412322275,ok,,W7ttODc7zpSW0xls3BbjaxNDiQk2,20220224,vowel-e.wav
124.0228002692288,15.017310653843552,0.0297047925102873,0.1457215860160279,9.347751917720307,61,228,26.75438596491228,ok,,qxJxoaRLxJbV5uoKouWW2dl4nf43,20220224,vowel-e.wav
182.60442861469076,8.498960123479442,0.0066945543484347,0.0280567367349322,28.88975947919108,503,638,78.84012539184953,ok,,DBWTAbg7tYQD4TSfI1qy3V44lTI3,20220224,vowel-e.wav
160.73613141251587,23.55013403015052,0.0164090772343008,0.1086651893891282,16.807530702694873,105,160,65.625,ok,,mfwMtxAhe8W4gWsoMaF2GbRsrqx2,20220224,vowel-e.wav
214.49732612114715,5.251887234336174,0.0028663995255907,0.0894039063616593,21.269681523817745,646,787,82.0838627700127,ok,,xSf245CWofXICvNTo7WVBwfaBmf1,20220224,vowel-e.wav
105.1836348903971,43.21714275105136,0.0085600908897147,0.1294168623918872,9.830064792711068,149,1338,11.136023916292974,ok,,nYJ379rs2rcucw03Z14lsv10w9O2,20220224,vowel-e.wav
152.4996193610098,6.595645947341794,0.0017851277451922,0.0494967125595832,22.346616625308155,373,621,60.06441223832528,ok,,kpqhVPcF0IQZPJre0BF9Ttvpxqi2,20220224,vowel-e.wav
254.21246097037331,8.660220013290607,0.0300148925113595,0.1748837984165136,16.768401113788336,35,390,8.974358974358974,ok,,Y9MJnoqsMcQR7qy9SyrqwoHHDUH2,20220224,vowel-e.wav
163.59102163807168,15.061853132400348,0.0092369180209878,0.0581553428731517,19.038150124059687,87,348,25.0,ok,,OWQb1OKdhuNqojQLwM6iysHkLTN2,20220224,vowel-e.wav
125.55829207537744,5.989119888832278,0.0133416398938026,0.0904358229464849,17.41745990291387,50,169,29.585798816568047,ok,,xdoeBchw0XbzTm1sKretfallBCo2,20220224,vowel-e.wav
198.72360904754703,3.1528901225030155,0.0045793437662356,0.0271596710910283,24.96435811961221,1031,1483,69.52124072825355,ok,,TVCPy7Ap41YlpTgJz6WrjEnkWGH3,20220224,vowel-e.wav
184.7294416189805,19.3849230048148,0.0040171220554707,0.0352337002405427,24.816792334015275,411,544,75.55147058823529,ok,,Kok6ZFNk1fgdOUiqsq7HV5qV2Vm2,20220224,vowel-e.wav
138.78548758789788,19.72951977351085,0.0163029207371031,0.0818638012491726,14.725100165611757,1738,2404,72.29617304492513,ok,,DM2po04yQgYWa2X283udfsdpFe42,20220224,vowel-e.wav
127.41891587141748,9.80490978519014,0.0026604391080338,0.0423539546220196,21.102275986042475,1226,1500,81.73333333333333,ok,,SHJYcsT6AVa4TMEX01spiizDmgD3,20220224,vowel-e.wav
116.45865712016268,2.3623481790606715,0.0052240744578791,0.0800767924680304,18.787105718920085,74,1534,4.823989569752282,ok,,SAwcF9TP23fYUD0CHd3lETobTaz1,20220224,vowel-e.wav
193.9375588565765,54.23183955741168,0.0148110410863049,0.1086445090682703,13.284677175352533,146,186,78.49462365591398,ok,,SyOrsOVDmef2PGZrjXlCKYlbVh42,20220224,vowel-e.wav
159.44022079893023,3.16249669964794,0.0113375969350449,0.082930980373843,16.738624774203334,569,936,60.79059829059829,ok,,2z4h8ZfSFCefq96fyC6PWg0CLh82,20220224,vowel-e.wav
277.1238536503305,5.780094773490479,0.0026967764125658,0.0383539108092845,19.73510809900172,857,996,86.04417670682732,ok,,dTNFgBF67OhD4TMM32epzrsMw9X2,20220224,vowel-e.wav
218.5123044211065,19.138772079257432,0.0089339785762783,0.0800611653908785,14.814143774993974,807,868,92.97235023041476,ok,,NhpkbSR5BhS1lDGqM04SNmQ6Cbu2,20220224,vowel-e.wav
175.16583827642134,69.06786554593891,0.0206452705695349,0.1384584027452468,11.897103099615672,209,646,32.35294117647059,ok,,SowjUx0wguazctxFqXmhGiLdReP2,20220224,vowel-e.wav
190.7346096128599,13.390822847237695,0.0020703186244794,0.0572646499699135,19.7409623058634,535,860,62.2093023255814,ok,,JZjkvuWtzcNnzQ7bjxRL1PBoZaj1,20220224,vowel-e.wav
120.47050057984748,8.134426518367837,0.003167763445249,0.0379706006800697,15.957992870081767,472,681,69.30983847283407,ok,,7F8EqI7xKcaaEsuRbkrqYc411R62,20220224,vowel-e.wav
236.7027568161617,78.94389802520058,0.0442431551181297,0.1836413058304821,7.223649821105091,534,1107,48.23848238482385,ok,,DHcPoQEub4QMnU4iitmbXgKgWeP2,20220224,vowel-e.wav
175.98284498686894,59.5835053687937,0.0051764790874046,0.0309585955837263,27.279256405490045,1307,1542,84.76005188067445,ok,,sN1S3eVzJyYReGVA26GDYC1OOzI3,20220224,vowel-e.wav
138.47166455830973,59.21566532098067,0.0254637780675727,0.1792834394532023,12.560264006067854,57,211,27.01421800947867,ok,,9plcJWaBCaWH2MjA4sbcmBmnWHj2,20220224,vowel-e.wav
224.67478272064227,5.419338075502662,0.0010333155138713,0.0293122334480601,27.012638308898424,1584,1978,80.0808897876643,ok,,VrhKTDg2xLOhnXDrBYUBvk424Fp2,20220224,vowel-e.wav
138.91475487425473,7.460681957190662,0.0078259202292423,0.0655415243157553,21.14422030926947,811,1653,49.06231094978826,ok,,oq0WLx6gAuM9yYU3fybYvV4OqLf1,20220224,vowel-e.wav
249.61672731780288,68.06190155255557,0.0171818616657334,0.0694969108643132,17.617586556833455,343,826,41.52542372881356,ok,,XB0h0npEOPd7maVyJHo6hB9442k1,20220224,vowel-e.wav
139.5599129250094,21.75912401792544,0.004211979573627,0.0213803362281012,27.785680348665714,541,655,82.59541984732824,ok,,5uzaSYrVj2g0yIrrq8Qb3MIJEni2,20220224,vowel-e.wav
200.15243615858665,92.55024031134988,0.0133599222424769,0.0492825539342274,19.65558400418024,190,553,34.35804701627487,ok,,hHAmFdouFlbksh9Fwrgo5DbX1Ai2,20220224,vowel-e.wav
,,,,,0,0,0.0,failed,"load_failed: Audio file contains 0 samples.
Sound not read from sound file “/kaggle/working/ext_20220224/20220224/cmS6oTzhyydcLMQfzOJfDOf3o4D2/vowel-e.wav”.",cmS6oTzhyydcLMQfzOJfDOf3o4D2,20220224,vowel-e.wav
248.38188102820243,97.65543881285438,0.037746191863664,0.1728578571844692,4.354335534930274,424,817,51.89718482252142,ok,,g1K9mJORY6Pg3lmM8UUcxfaScF23,20220224,vowel-e.wav
196.98668300809064,19.723861127009272,0.0130003051427812,0.0569152279598503,15.109715572306348,222,450,49.333333333333336,ok,,2NszBeEmnHP7VFg0lKGdWZ6RkiE3,20220224,vowel-e.wav
204.1820763801932,3.967923716131904,0.0083598490200427,0.0360322738256307,28.771722415520745,917,1099,83.43949044585987,ok,,4KISxr5Elsd5AtONZ380AtOuGbb2,20220224,vowel-e.wav
113.20270495132668,1.9437827060861883,0.0085356693441815,0.1154379539963384,17.3372682665581,136,535,25.42056074766355,ok,,EYbESRlvlGSNpLPwgdzEu7cMNH72,20220224,vowel-e.wav
200.96439529306733,52.27752546824433,0.0119914083250684,0.1226906356809929,15.953237594603364,34,262,12.97709923664122,ok,,RpIKOfFOrAQVV6HKiKOYoeuOvnW2,20220224,vowel-e.wav
137.61159632705014,30.34179678872104,0.0162472875391273,0.0495465260472902,22.95649505335316,632,1099,57.50682438580528,ok,,VvbSXSJduhNoeJsgDEYbLaldzdR2,20220224,vowel-e.wav
141.14521041350028,4.095408569750649,0.0032690481920373,0.0460597430910929,23.359493126022528,634,800,79.25,ok,,fMMGRNz55lVYoAlFivqjbw0tCo52,20220224,vowel-e.wav
278.8585561401273,43.67329188367946,0.0312606560225822,0.1961813712843378,9.034199768438617,216,2874,7.515657620041754,ok,,KeXyzl8nb3ZRd08vW0i0ujXHYSG2,20220224,vowel-e.wav
149.012485301814,33.43059475779123,0.0118997565207729,0.0770927713787777,16.25198758668705,726,1116,65.05376344086021,ok,,EH7I0GkUTxaarHEJYy93KjAyqCK2,20220224,vowel-e.wav
154.19912649525557,48.41706056493257,0.0015736833956034,0.0397914127900367,19.27710279385498,1380,1645,83.89057750759878,ok,,MrP9ZuhGunhrThfRySJSxiqSniS2,20220224,vowel-e.wav
123.77677406212511,7.420530752796557,0.0290583463160812,0.14902160402706,12.486976512946264,55,262,20.99236641221374,ok,,ItJda428lGefM787nRdA3EHDj7z1,20220224,vowel-e.wav
124.28686580974608,10.508867548283584,0.0135863499336833,0.1050710333299022,12.026774785952972,135,296,45.608108108108105,ok,,b89UIRy5cHQsnBsHgXMuhgQuw3j2,20220224,vowel-e.wav
239.7469909140682,51.4619698719668,0.0161831804136835,0.0560540839455207,22.027653718302563,69,271,25.461254612546124,ok,,6nbHpaGRrGOSypqDLD8o7ZMSen82,20220224,vowel-e.wav
184.7061161493095,36.46041665269022,0.0075974433083857,0.02619346892451,23.218384232439934,58,1039,5.582290664100096,ok,,FNYQayw5zNMsebNuKCkLRlK9A4k2,20220224,vowel-e.wav
108.27416916339524,12.149624867466777,0.0127250740300973,0.0734137538587575,20.791162527012517,217,365,59.45205479452055,ok,,AaAE96euo1bXxG5vf0kBzpuCGCJ3,20220224,vowel-e.wav
154.4311060698461,7.637230656557785,0.0082545857296675,0.0905600561497579,18.48970280206275,81,373,21.71581769436997,ok,,fChqMfSOJOYTGNfaZLCWWrh16qg2,20220224,vowel-e.wav
271.867282238447,97.66689122467272,0.0084348734298912,0.0713873315952891,21.044635414615858,220,595,36.97478991596638,ok,,XMAiWiRMhhaWxjpRplgsmbezlc52,20220224,vowel-e.wav
135.958127863925,2.9126913270582766,0.0071728673197363,0.1273595174623886,18.13502380156117,305,715,42.65734265734266,ok,,yQ9GvwFUa9bUS4P29c1M2BQnN7c2,20220224,vowel-e.wav
161.6318513391111,6.012799092793598,0.0034938047981135,0.0674835981086995,24.74547103542066,451,954,47.274633123689725,ok,,67cM99DvHCQ0rm6HIIuCNcZ15Vf2,20220224,vowel-e.wav
128.17393835898557,41.37086097464367,0.0065058118304604,0.0610473269404118,14.799091541469222,319,655,48.70229007633588,ok,,bKddV39xTWVc3QHcJHxDsNPRKm13,20220224,vowel-e.wav
186.95211043510207,54.12840884908447,0.0110606611898017,0.0590305631559789,21.028458145074516,704,808,87.12871287128714,ok,,65eW7IsY7egtlxF36kcMnZjAvbg2,20220224,vowel-e.wav
194.0248381517324,46.37425868685684,0.0350429850246725,0.1931475416135179,13.314067574356596,75,416,18.028846153846157,ok,,26dbxAn33yUTDCnOY4oX8SGwSDV2,20220224,vowel-e.wav
122.20561414217512,2.9359728829844944,0.0143567562883746,0.1537130435587096,12.818425375022224,113,1090,10.36697247706422,ok,,ndX6X0QMaFYl2McmhiX5xQjF6qG2,20220224,vowel-e.wav
137.62171868220324,1.5719176639407106,0.0103787317422813,0.1153426118685039,13.10903964064988,123,1056,11.647727272727272,ok,,jc41nlfVTRcU9wWu7aJYcBPBpjW2,20220224,vowel-e.wav
112.7032337851528,2.143596460534026,0.0039520207366837,0.0422089687901903,18.46584879710284,1400,1585,88.32807570977918,ok,,VImeBau163dOzUzMGSTGFPz9cm33,20220224,vowel-e.wav
207.3550130395028,112.01885022409223,0.037552193272693,0.1334324990506545,6.199469822844516,414,663,62.44343891402715,ok,,kMrhQeyTG8hLqFogHM8IMvvUO3X2,20220224,vowel-e.wav
228.9036090696448,28.64871649339077,0.004735545791446,0.0380683171516082,29.343535497579303,325,467,69.593147751606,ok,,vflD5AY7AbSMBPk6aCiNmMJjHtk1,20220224,vowel-e.wav
130.53293648866992,12.58290820781582,0.0041419050185673,0.0611954548335774,18.91120593312686,450,646,69.6594427244582,ok,,ESF0j7EN1Id6BcH1ww1JcyqaS952,20220224,vowel-e.wav
136.82012108137263,1.291671384791876,0.0025765685591726,0.0257400761658162,17.12939977491001,487,587,82.96422487223168,ok,,UwLw9hFe81gMqa8PfYDV3sAYzjo2,20220224,vowel-e.wav
189.0689434953535,27.92383681942595,0.0029754421639063,0.0255037122218496,25.85314161118059,1213,1679,72.24538415723644,ok,,6E17fQ6VAOU4WZDnOjSoGjDY2Q53,20220224,vowel-e.wav
132.54021579054375,3.354201244015626,0.0081314048615429,0.111012938893649,17.667974413796266,326,570,57.19298245614035,ok,,L2X5ovu1CVTnY2RVlligoTB6FcE3,20220224,vowel-e.wav
113.0480506741589,2.3026459331035287,0.0019439564859709,0.0238191891477174,26.29803687473058,1261,1542,81.7769130998703,ok,,LNLzPkbkJSXF6cT8AipzwbH6R2n1,20220224,vowel-e.wav
169.6424805969703,58.59022473935877,0.0128990319272719,0.0530628535516778,16.998693241742235,239,638,37.460815047021946,ok,,jwO1tHp8CJVEA8uVP80CM0g4TZN2,20220224,vowel-e.wav
147.47066544607804,5.941017481864996,0.0045019454495368,0.0618084464419088,23.48753389684873,193,715,26.993006993006997,ok,,TgItNylxw2ODg2JPK70e74Ym26U2,20220224,vowel-e.wav
,,,,,0,0,0.0,failed,"load_failed: Audio file contains 0 samples.
Sound not read from sound file “/kaggle/working/ext_20220224/20220224/0dE8pniDGCZp0gYMy23fvjpZBDr1/vowel-e.wav”.",0dE8pniDGCZp0gYMy23fvjpZBDr1,20220224,vowel-e.wav
237.4033070959128,116.73418701115324,0.0281916209188594,0.1667819569833767,8.141392818415321,74,262,28.244274809160306,ok,,lhRmk5W4dJYF1arF93HXXOleYVX2,20220224,vowel-e.wav
254.1872053190962,23.37272087998031,0.0087118555430185,0.1050878309092309,12.705331934186889,183,655,27.938931297709924,ok,,FqEvlncSKZME8jMb5qwOFeC9ttT2,20220224,vowel-e.wav
131.28639125673203,15.918673492721153,0.0140441642994564,0.1700478568047769,8.997148459587889,62,237,26.16033755274261,ok,,AkoFT2Dt9FRPyYVtHDLv3bIGRvG3,20220224,vowel-e.wav
292.45109576344925,86.12806164643317,0.0490772940527303,0.1921969223874327,9.060251999016254,84,126,66.66666666666667,ok,,BlgroKvcTZOhnJLKurZGH0yW5WU2,20220224,vowel-e.wav
208.456458273665,22.89831273224711,0.0098208709895738,0.078693642496175,19.722574567136917,149,860,17.325581395348838,ok,,PoFgvrSvrcd2oZ0pawK6AKT1MTc2,20220224,vowel-e.wav
,,,,,0,151,0.0,partial,no_voiced_frames,E2miUVNLKoRkCCgpeJjGj6nv5it2,20220224,vowel-e.wav
231.8630624586937,11.029286908513184,0.0013202668778294,0.0518147595860289,19.802753522736563,122,817,14.932680538555692,ok,,LcCpe0fzwjcMnmcP9WDDvXLdp1w1,20220224,vowel-e.wav
242.89452102587143,18.79213228376363,0.0122976921080791,0.0931287162155849,16.986699447963435,68,109,62.38532110091743,ok,,JOteeuJZmHZT6s051qxV3G9T0yM2,20220224,vowel-e.wav
222.62027664411,4.808186778976068,0.0113203595945059,0.0632945330376708,20.215437417104965,130,331,39.27492447129909,ok,,bAnZCxYt2eOcT94EddfvJIIyAKx2,20220224,vowel-e.wav
144.06081164182376,22.41286801445771,0.0089163002702818,0.0718635437799598,19.644246125609424,260,1218,21.346469622331693,ok,,GlIfVHLGwZejdqrR3MmBcxUBTWi1,20220224,vowel-e.wav
119.336502847877,1.7937814186414855,0.0072187446666755,0.1234622436433732,16.95766937274059,40,945,4.232804232804233,ok,,dIDHgSBqirYuRJOWvx2370BITLk1,20220224,vowel-e.wav
279.81810390498936,42.92342752036735,0.0118401376399668,0.0673113468792003,21.528812841724108,159,459,34.64052287581699,ok,,M1o5j52kAQRvRgJSzr3wh0OrGRI3,20220224,vowel-e.wav
219.8018251677509,32.085767006620465,0.0068818063903249,0.0153314830653421,22.12415696584233,178,510,34.90196078431372,ok,,4Vsv3Lnin1Qw8LzxtmJWHfS9V2B2,20220224,vowel-e.wav
157.72673729131876,9.735647412388342,0.0122974359189696,0.1527564773266546,14.28217659608024,70,860,8.13953488372093,ok,,xw4kwRKpdjWlbpUxJf0MY3LA4aX2,20220224,vowel-e.wav
145.42564685479297,47.00172143095595,0.0238365305071143,0.0825211745418285,15.10342738976136,35,356,9.831460674157304,ok,,cP1Dvsaa6cfAv6mlTjsH8Ezf2i63,20220224,vowel-e.wav
123.26656426491634,9.321058609784918,0.0049675871609728,0.0305321021327521,19.69896136555508,573,894,64.09395973154362,ok,,XQm0VEEKn3bNphJ74cI4wLFQwLp2,20220224,vowel-e.wav
212.30124259685155,4.059566746490671,0.0058847918199002,0.1053548965297512,17.73125493756561,97,271,35.79335793357934,ok,,fcVeDp3DxDfTgsF9T98Kw7iAlUp1,20220224,vowel-e.wav
231.22862660896888,67.63256849458917,0.035283497396636,0.170393923647246,10.763294691716558,209,621,33.65539452495974,ok,,GhLrTnV1S3ey7JmJd4MzW50Ao4Y2,20220224,vowel-e.wav
184.0650628542716,12.82429291941713,0.0079184920325121,0.0825147277251908,19.544500961977885,70,126,55.55555555555556,ok,,Er9u3d8hEpXskoqpyZmXG7uPZMH3,20220224,vowel-e.wav
127.62391018864392,12.242602591525763,0.0215071464632638,0.1348782069388163,15.071125510833308,53,126,42.06349206349206,ok,,HIGzkjfYKXZ3wA1yg7Inn8vZJJq2,20220224,vowel-e.wav
171.52755050022162,19.65971679778265,0.005841517720136,0.0810258710045447,20.804870137823585,245,663,36.95324283559577,ok,,gyTa5q8icRWkflJDvO38cQKNLoT2,20220224,vowel-e.wav
193.73375360562417,98.80991058261598,0.0550740380476266,0.2259122212708486,5.486364805157397,140,331,42.29607250755287,ok,,cyVSfKGc4EfUZ2VA7StHNjOnAGi1,20220224,vowel-e.wav
279.31339335046147,4.711023155089569,0.0032963324573141,0.0640788288989071,21.850651705208172,158,544,29.044117647058822,ok,,pAN36eVWVnbI0L7eHbSj5wHhOzL2,20220224,vowel-e.wav
274.89596928003954,84.1416096242106,0.0225477930181144,0.1178426809157108,17.14261893773628,159,254,62.59842519685039,ok,,01GtHP1FUbXKdWEUwApFdusuO773,20220224,vowel-e.wav
134.93248374332592,5.024043938904785,0.0213223357169908,0.1401053517235061,10.790628990813774,100,348,28.735632183908045,ok,,mdFe3i4I7haQAng2mO3CV1mJapt2,20220224,vowel-e.wav
218.6725817402301,22.096646951599848,0.0067149484599711,0.0214473584186077,24.442839665257623,946,1312,72.10365853658537,ok,,XgXlYRSPDQTiYgs9CdT8sLbZ0lj2,20220224,vowel-e.wav
167.86546346368567,45.53905584971011,0.012141601456726,0.041902520618435,20.646882205452684,296,425,69.6470588235294,ok,,cyW1LZN0inUpvMWC1HqRQqn9Uyu1,20220224,vowel-e.wav
173.75063111029095,6.173801883623814,0.0020348880221487,0.0670171054943514,18.689248197842584,966,1099,87.89808917197452,ok,,UFBBYFI86LbokSYv5Dr9yITeVk33,20220224,vowel-e.wav
163.4996763115471,6.389537045354852,0.0049035550769472,0.0525195721750459,20.52936600840304,249,945,26.349206349206348,ok,,YinSb1wLaThGFmtToqcyNeC3vsx2,20220224,vowel-e.wav
227.44314387065532,36.87446713845804,0.011450474524738,0.0527494877421807,21.039336088935684,716,1124,63.70106761565836,ok,,3OON9Vwuw8PeFisB03Faxoh7x482,20220224,vowel-e.wav
186.09688268905325,4.383119169553248,0.0225860584102358,0.1044860841165346,15.81867820825,102,322,31.67701863354037,ok,,AlrbprsgD9XJ6eebgp5g4AsdQeM2,20220224,vowel-e.wav
213.55305396592945,12.706284716169511,0.0033618563703807,0.0680383180045451,18.818200125751225,421,1047,40.210124164278895,ok,,m5hhc5IKLmRH6gBo3MH5S8GdV583,20220224,vowel-e.wav
115.06974368401168,9.229437896054268,0.0142701473217097,0.115521408981173,8.820697956011427,144,433,33.25635103926097,ok,,qAQjizOoayfb4mCauvOecItW37Y2,20220224,vowel-e.wav
200.2083045984911,69.25098302008385,0.0275048283280183,0.1366141436837064,13.171776854416793,1322,1756,75.28473804100227,ok,,aasl75Os1fPjkADrR05s39NLO1b2,20220224,vowel-e.wav
123.20128231922968,3.563127439184496,0.0056116690707736,0.0864361004101703,17.623986234608818,132,1013,13.030602171767027,ok,,ck8BOKpWeXe2QP8A3cIrF5x0ufM2,20220224,vowel-e.wav
139.4445319537714,2.464127399648772,0.0038263457863179,0.0330902045964765,22.768292521614583,2145,2998,71.54769846564376,ok,,yG03IBrGO1VXca0Zn2BKsuuN5e53,20220224,vowel-e.wav
176.0041381177005,37.51506013176641,0.0443153405117298,0.1893210302593064,3.753644690583373,78,177,44.067796610169495,ok,,4qF39yHpmKX7GKO7hqOgpxjYkEp1,20220224,vowel-e.wav
192.8015020391494,77.52593585111413,0.0270081841626983,0.0702544563830076,20.330129249720244,144,296,48.648648648648646,ok,,jL3eXb5yBZUgGYVnt7wflaNZ2D03,20220224,vowel-e.wav
121.73170372481796,14.776354764650732,0.0038154426601606,0.0622173959317244,21.943545374764067,638,1099,58.05277525022748,ok,,hsgdqcUqKRMS7kHxRWKsqUardK52,20220224,vowel-e.wav
219.23858391324725,8.233321982040167,0.0010981244073145,0.0513461713807087,19.81327899898243,2721,3002,90.63957361758828,ok,,fJZIZqLb9WU78f6REzcoyjmi12l2,20220224,vowel-e.wav
136.25170199681398,15.815156270360452,0.0046500991741632,0.0401043348274996,16.14382005699988,1033,1423,72.59311314125088,ok,,zzzHy3HCVvPpMPfJ04wbsPdNHXS2,20220224,vowel-e.wav
127.88871818399926,4.515055570739265,0.0049023250887659,0.0644613525843034,19.163738683427816,373,723,51.59059474412172,ok,,LG7yNvZnxHOIsoKlTn08MCuhPsi1,20220224,vowel-e.wav
125.91404671421282,14.088238130031431,0.0262183018535166,0.068813030220347,20.8437132146613,137,220,62.27272727272727,ok,,GmdcDlvwK6ZlbcgWqoRG13DVY2a2,20220224,vowel-e.wav
120.34187064297706,24.15373054408614,0.0203831715021973,0.1564599422988889,15.393713614353905,86,305,28.19672131147541,ok,,GeyTvkYRzORwOvXv3rHj8J9X7oC3,20220224,vowel-e.wav
258.9341111662529,91.23610935527104,0.0359140345496296,0.1581562576262726,5.52709107906738,200,527,37.95066413662239,ok,,U6LzBT1e0khAiNlZAxOmBxUvzFl2,20220224,vowel-e.wav
168.49306618101497,96.75040547750564,0.0224308327017085,0.1412637357305235,9.990305591690076,124,570,21.75438596491228,ok,,N7axS3aQ0TfFvTyHbqjZse8iR5T2,20220224,vowel-e.wav
,,,,,0,595,0.0,partial,no_voiced_frames,xLuWxyJmDvUuSlUY5B1Foox5il43,20220224,vowel-e.wav
134.9707481517051,46.35994767069021,0.0079450857041567,0.159332238194077,11.960614813895535,49,911,5.378704720087816,ok,,g2aMm7wFXEXR7miIewccGAXTyBB2,20220224,vowel-e.wav
188.74451615403856,12.779044369490553,0.0090593531001998,0.0718220400420119,25.370723382635106,176,843,20.877817319098455,ok,,AeP4E7hKFtOmcWye2MghbvDfGlo2,20220224,vowel-e.wav
153.38300318680808,14.8348798096979,0.0134984312080359,0.1207439989204575,14.857094794157952,307,629,48.807631160572335,ok,,2YXAtGmUXMhDdnDY4VtfCxUaxWY2,20220224,vowel-e.wav
122.57168013349198,3.141921688835896,0.0024818820163949,0.0384201575031476,27.76452802191368,458,595,76.97478991596638,ok,,PRWNtUbHDlfPvQZ8RY4eeaRPeMz2,20220224,vowel-e.wav
152.05221326115188,47.079453652240566,0.012008067997567,0.051712387606333,16.679894699699283,397,783,50.70242656449553,ok,,5pR0oq0RSaZZASIR1U9Hgh4WoKE2,20220224,vowel-e.wav
249.2652006326501,4.308116681010124,0.004349412257417,0.0699319442051693,24.866082235888644,86,919,9.357997823721435,ok,,b0b0I71nkRRcRvmpp8Yo7LfH6U42,20220224,vowel-e.wav
132.24803916055083,3.152988151602967,0.0051905849505886,0.0558057335198741,19.975388276712447,956,1056,90.53030303030305,ok,,48Rm8rmei5gbsQQKWs2TLWf1is53,20220224,vowel-e.wav
197.48864570329368,92.40922908785952,0.027442170424914,0.139229186208023,12.484124210781024,52,66,78.78787878787878,ok,,3Q3O4tqp4xQM7M2L4YXZncpY2S13,20220224,vowel-e.wav
134.99680545142795,26.76067625344657,0.0547895212136758,0.1732907936590997,10.355141111984118,103,1858,5.543595263724435,ok,,W1QifO41G4MiTcF1kED4Pcex4473,20220224,vowel-e.wav
208.8979234504749,94.6078525519324,0.0516732750274224,0.144723697029002,6.804114847375711,278,450,61.77777777777778,ok,,9MzwTzH8NHaSRR9LZvgBwW53vBf1,20220224,vowel-e.wav
226.88721134474784,55.79577288983528,0.0146980796894977,0.102836219809456,18.52710817935888,895,1508,59.350132625994696,ok,,8vJCpz79rrhJiKjlknwF1r3lP852,20220224,vowel-e.wav
129.0168117123013,4.385711240571819,0.0054228215395473,0.0442170633288254,20.726743173148893,667,868,76.84331797235023,ok,,730KERLTVEPw8dUYkfo9Ja9ufhU2,20220224,vowel-e.wav
193.12540871719517,11.959560110327716,0.0131357465918722,0.1079747145343543,20.76758396881603,81,382,21.20418848167539,ok,,GQAxAVfxRYOyZdICorEI8c3mYGB3,20220224,vowel-e.wav
198.0108077551718,37.07753458968426,0.0112070345279898,0.085075388303202,21.55808581822039,698,1201,58.11823480432973,ok,,jp3b8y0NvEfJ5kDFHWUhdBg6Dvd2,20220224,vowel-e.wav
143.938377314187,4.381983875425848,0.0442723859538604,0.2026797679227483,7.505545373155808,57,194,29.38144329896907,ok,,6w5DhWgDAFW8TmKPEJWuvHrT6dp2,20220224,vowel-e.wav
220.1992084681225,45.69675148141793,0.013546496228737,0.0516499967228918,23.44941359558051,543,834,65.10791366906474,ok,,ihRWjuY9hqOzjUTr31YBtTpIzqF3,20220224,vowel-e.wav
260.10790822213784,4.465616065077777,0.0146526941412153,0.1403261302432968,17.448946679802088,18,629,2.861685214626391,ok,,Av6FZHufsAZ6ZU6CTPmijNQF3012,20220224,vowel-e.wav
240.33074372545343,56.13173254917267,0.0223411081277312,0.0758203313034883,12.23259792215718,274,518,52.8957528957529,ok,,dGcwmFHzpPPwwCHBgG2Frf9kHvD3,20220224,vowel-e.wav
130.3453349517395,2.3645123572658897,0.0039440859885047,0.1556256479232781,9.196218911481411,88,681,12.92217327459618,ok,,Z8T2zGb1BLfs7OvLnYka5Bn2ZqG3,20220224,vowel-e.wav
206.8605303036773,46.52567494283068,0.0201002378697147,0.136719986758074,16.801709169136338,92,177,51.9774011299435,ok,,3SmTdGmSVXOCkcLmu2wkDohCb6x1,20220224,vowel-e.wav
148.16692658759558,4.089060799372514,0.002555154332622,0.0645862727887653,24.253252824429165,151,843,17.912218268090154,ok,,zmfoK4aATPVlxBYRzKNxNzIDVGm1,20220224,vowel-e.wav
144.81671921730268,8.203373391357657,0.004764154625373,0.0605677032340955,21.46006365014262,196,860,22.79069767441861,ok,,FQ5A1TR9N5fMDztIbUG6uaQS9iM2,20220224,vowel-e.wav
197.5626227754463,4.5395963776551485,0.008502256791692,0.0552284367530864,24.77952296171624,164,390,42.05128205128205,ok,,pNPvP4O57CQfzKZJI3wRMtFhkFv1,20220224,vowel-e.wav
191.7365646572303,46.93383420019582,0.0540138933415459,0.2366092993239635,4.940433328680253,54,314,17.197452229299362,ok,,cB8YAH8IQOaQZy9c18Ih0fkX33S2,20220224,vowel-e.wav
,,,,,0,237,0.0,partial,no_voiced_frames,Wmyru2tTpETZZUPASSqg7gJjev02,20220224,vowel-e.wav
159.86016091591907,24.3134221817554,0.0111701759326512,0.0992903541063875,17.384146498766682,104,177,58.75706214689266,ok,,lWiEA3vTOsSt3Ceoi6FajvWJoCG3,20220224,vowel-e.wav
117.1291491807859,21.62885381005761,0.0078897931332049,0.1303898992855975,14.48758142085614,610,1687,36.15886188500296,ok,,oiwYDQjDXlf842ulY4rACbfgBuF2,20220224,vowel-e.wav
130.53479511031384,2.555005907628489,0.0025976233897585,0.0692050671945836,19.003579162920825,601,885,67.909604519774,ok,,4BFi2kAP9vQpSd1VpCWIeHyR2iP2,20220224,vowel-e.wav
133.38569700118884,61.27685864038261,0.0135477107635909,0.0795113392360831,18.7806366960214,466,860,54.18604651162791,ok,,CKQpcw70anZK0rg63buUPt2FlhB3,20220224,vowel-e.wav
163.96259183031955,20.15270649164917,0.0131389277031087,0.1457387781159677,15.224799674103672,77,134,57.46268656716418,ok,,FdFsaL7TvPflew7GymZokC4SYsy1,20220224,vowel-e.wav
127.60731486377706,5.129082455917924,0.012509109995437,0.059636837531184,11.686884921611828,371,885,41.92090395480226,ok,,FFmRCi8JRkZFMP0tfWToE3VgzZ42,20220224,vowel-e.wav
240.80718513534055,78.75331811838439,0.0340271511039922,0.200556943359441,8.3693997665105,220,348,63.2183908045977,ok,,xxbH7S4Z12grhWYc3aEiMzoVzbY2,20220224,vowel-e.wav
196.68784969728247,28.52835454056031,0.0238594155351053,0.0506096544436011,19.83172254518802,49,228,21.49122807017544,ok,,WSwgjHhTOHQwKb5nreCV0KvGcar2,20220224,vowel-e.wav
105.50419741105644,41.49793789878157,0.0103583547623805,0.0616800134693001,15.87595076217485,1122,1457,77.00754975978037,ok,,gUiigElRCMQQsLetRT1ZnrDmFLJ3,20220224,vowel-e.wav
229.3443495316585,34.13828658948752,0.0090889795623138,0.064967074742185,18.774895082121983,589,1559,37.7806286080821,ok,,hOITXttpGkPVIuBJ6W7kXONozD93,20220224,vowel-e.wav
239.57598085453563,12.113683323372186,0.0068137428296572,0.0638995851558524,19.995032962277996,221,902,24.50110864745011,ok,,1Yy4zvUaD9ODEpomxZGXCY6V5L03,20220224,vowel-e.wav
127.89549018387348,46.4957741455021,0.0402436982698052,0.2027817040351136,8.039485750062996,102,314,32.48407643312102,ok,,awUKLMbczad7Iu5G9jK0l4hAdY22,20220224,vowel-e.wav
146.84394490558597,26.94925393952944,0.0053444294293959,0.093341897232856,18.264477596485783,250,663,37.70739064856712,ok,,Hp0xmZ4sy9aJprGbqWa8nSmMGDG3,20220224,vowel-e.wav
256.3453242912503,5.639986888793729,0.0069543007750722,0.0319079742115383,24.90773675468385,1394,1653,84.33151845130067,ok,,puvCRC5aKqVZoPAzXYlrKfYdVY23,20220224,vowel-e.wav
225.94568525879689,39.88449295536628,0.0042172811774326,0.0660380838528461,21.391255618606746,202,612,33.00653594771242,ok,,bXFaCYoteegZTct5wcv9BIDu5Ur2,20220224,vowel-e.wav
135.2563844931784,4.377654358155143,0.0071315432292955,0.0743730656166532,19.051805777415584,290,561,51.69340463458111,ok,,x4NDxqPiK5Zvu9LQSOeL82jAjpT2,20220224,vowel-e.wav
151.1459589451917,26.928290918773715,0.0069786647122106,0.0488638428488196,24.22950531699449,330,655,50.38167938931298,ok,,Qs0cEAaCeiW2Va8F0LwGsDOcNu33,20220224,vowel-e.wav
195.1128907310405,37.64718911145809,0.0139913488369321,0.0730134742144349,14.658745055152426,549,996,55.12048192771084,ok,,GhS1yRjziEYoxqcC5Kab0AgfCvm2,20220224,vowel-e.wav
111.34066159122736,8.921080588172446,0.0164444934437759,0.1469492906584123,9.26416249056986,33,151,21.85430463576159,ok,,dvtsKncrRiSCV4iTi8ZgE5BM11r2,20220224,vowel-e.wav
